window_length_minutes,window_id,window_start,n_online_vehicles,total_records,total_storage_bytes
10,2974896,2026-07-25 00:00:00,2619,13957,66407406
10,2974897,2026-07-25 00:10:00,2484,13157,62601006
10,2974898,2026-07-25 00:20:00,2315,12297,58509126
10,2974899,2026-07-25 00:30:00,2206,11417,54322086
10,2974900,2026-07-25 00:40:00,2021,10428,49616424
10,2974901,2026-07-25 00:50:00,1875,9457,44996406
10,2974902,2026-07-25 01:00:00,1730,8677,41285166
10,2974903,2026-07-25 01:10:00,1632,8101,38544558
10,2974904,2026-07-25 01:20:00,1528,7571,36022818
10,2974905,2026-07-25 01:30:00,1399,6976,33191808
10,2974906,2026-07-25 01:40:00,1271,6264,29804112
10,2974907,2026-07-25 01:50:00,1185,5677,27011166
10,2974908,2026-07-25 02:00:00,1090,5123,24375234
10,2974909,2026-07-25 02:10:00,1010,4805,22862190
10,2974910,2026-07-25 02:20:00,918,4359,20740122
10,2974911,2026-07-25 02:30:00,845,4049,19265142
10,2974912,2026-07-25 02:40:00,786,3797,18066126
10,2974913,2026-07-25 02:50:00,721,3430,16319940
10,2974914,2026-07-25 03:00:00,639,2943,14002794
10,2974915,2026-07-25 03:10:00,576,2650,12608700
10,2974916,2026-07-25 03:20:00,516,2293,10910094
10,2974917,2026-07-25 03:30:00,437,1914,9106812
10,2974918,2026-07-25 03:40:00,384,1626,7736508
10,2974919,2026-07-25 03:50:00,330,1374,6537492
10,2974920,2026-07-25 04:00:00,299,1151,5476458
10,2974921,2026-07-25 04:10:00,258,947,4505826
10,2974922,2026-07-25 04:20:00,232,842,4006236
10,2974923,2026-07-25 04:30:00,199,670,3187860
10,2974924,2026-07-25 04:40:00,179,573,2726334
10,2974925,2026-07-25 04:50:00,167,673,3202134
10,2974926,2026-07-25 05:00:00,145,408,1941264
10,2974927,2026-07-25 05:10:00,141,399,1898442
10,2974928,2026-07-25 05:20:00,128,347,1651026
10,2974929,2026-07-25 05:30:00,127,366,1741428
10,2974930,2026-07-25 05:40:00,119,316,1503528
10,2974931,2026-07-25 05:50:00,125,320,1522560
10,2974932,2026-07-25 06:00:00,126,319,1517802
10,2974933,2026-07-25 06:10:00,132,465,2212470
10,2974934,2026-07-25 06:20:00,122,358,1703364
10,2974935,2026-07-25 06:30:00,126,333,1584414
10,2974936,2026-07-25 06:40:00,110,325,1546350
10,2974937,2026-07-25 06:50:00,115,343,1631994
10,2974938,2026-07-25 07:00:00,126,351,1670058
10,2974939,2026-07-25 07:10:00,119,388,1846104
10,2974940,2026-07-25 07:20:00,104,286,1360788
10,2974941,2026-07-25 07:30:00,106,275,1308450
10,2974942,2026-07-25 07:40:00,115,284,1351272
10,2974943,2026-07-25 07:50:00,110,287,1365546
10,2974944,2026-07-25 08:00:00,104,273,1298934
10,2974945,2026-07-25 08:10:00,95,259,1232322
10,2974946,2026-07-25 08:20:00,89,260,1237080
10,2974947,2026-07-25 08:30:00,87,235,1118130
10,2974948,2026-07-25 08:40:00,98,288,1370304
10,2974949,2026-07-25 08:50:00,92,289,1375062
10,2974950,2026-07-25 09:00:00,84,256,1218048
10,2974951,2026-07-25 09:10:00,98,308,1465464
10,2974952,2026-07-25 09:20:00,105,301,1432158
10,2974953,2026-07-25 09:30:00,112,322,1532076
10,2974954,2026-07-25 09:40:00,112,312,1484496
10,2974955,2026-07-25 09:50:00,130,337,1603446
10,2974956,2026-07-25 10:00:00,128,381,1812798
10,2974957,2026-07-25 10:10:00,132,357,1698606
10,2974958,2026-07-25 10:20:00,141,375,1784250
10,2974959,2026-07-25 10:30:00,143,393,1869894
10,2974960,2026-07-25 10:40:00,143,393,1869894
10,2974961,2026-07-25 10:50:00,156,436,2074488
10,2974962,2026-07-25 11:00:00,159,489,2326662
10,2974963,2026-07-25 11:10:00,158,490,2331420
10,2974964,2026-07-25 11:20:00,174,496,2359968
10,2974965,2026-07-25 11:30:00,183,537,2555046
10,2974966,2026-07-25 11:40:00,180,552,2626416
10,2974967,2026-07-25 11:50:00,194,613,2916654
10,2974968,2026-07-25 12:00:00,209,716,3406728
10,2974969,2026-07-25 12:10:00,200,653,3106974
10,2974970,2026-07-25 12:20:00,215,720,3425760
10,2974971,2026-07-25 12:30:00,238,843,4010994
10,2974972,2026-07-25 12:40:00,257,948,4510584
10,2974973,2026-07-25 12:50:00,262,997,4743726
10,2974974,2026-07-25 13:00:00,270,999,4753242
10,2974975,2026-07-25 13:10:00,278,1043,4962594
10,2974976,2026-07-25 13:20:00,304,1354,6442332
10,2974977,2026-07-25 13:30:00,358,1360,6470880
10,2974978,2026-07-25 13:40:00,429,1467,6979986
10,2974979,2026-07-25 13:50:00,471,1529,7274982
10,2974980,2026-07-25 14:00:00,531,1872,8906976
10,2974981,2026-07-25 14:10:00,675,2976,14159808
10,2974982,2026-07-25 14:20:00,789,3187,15163746
10,2974983,2026-07-25 14:30:00,913,3925,18675150
10,2974984,2026-07-25 14:40:00,1022,4383,20854314
10,2974985,2026-07-25 14:50:00,1310,6298,29965884
10,2974986,2026-07-25 15:00:00,1421,6901,32834958
10,2974987,2026-07-25 15:10:00,1573,7425,35328150
10,2974988,2026-07-25 15:20:00,1786,8541,40638078
10,2974989,2026-07-25 15:30:00,1802,8767,41713386
10,2974990,2026-07-25 15:40:00,1926,9567,45519786
10,2974991,2026-07-25 15:50:00,2322,13791,65617578
10,2974992,2026-07-25 16:00:00,2408,12915,61449570
10,2974993,2026-07-25 16:10:00,2495,13268,63129144
10,2974994,2026-07-25 16:20:00,2602,14061,66902238
10,2974995,2026-07-25 16:30:00,2618,14129,67225782
10,2974996,2026-07-25 16:40:00,2601,13913,66198054
10,2974997,2026-07-25 16:50:00,2765,14962,71189196
10,2974998,2026-07-25 17:00:00,2968,18258,86871564
10,2974999,2026-07-25 17:10:00,3003,16260,77365080
10,2975000,2026-07-25 17:20:00,3000,16630,79125540
10,2975001,2026-07-25 17:30:00,3070,16731,79606098
10,2975002,2026-07-25 17:40:00,3060,16723,79568034
10,2975003,2026-07-25 17:50:00,3041,16680,79363440
10,2975004,2026-07-25 18:00:00,3319,19743,93937194
10,2975005,2026-07-25 18:10:00,3383,18677,88865166
10,2975006,2026-07-25 18:20:00,3388,18786,89383788
10,2975007,2026-07-25 18:30:00,3440,18976,90287808
10,2975008,2026-07-25 18:40:00,3416,18749,89207742
10,2975009,2026-07-25 18:50:00,3415,19342,92029236
10,2975010,2026-07-25 19:00:00,3437,19408,92343264
10,2975011,2026-07-25 19:10:00,3564,21003,99932274
10,2975012,2026-07-25 19:20:00,3533,19830,94351140
10,2975013,2026-07-25 19:30:00,3541,19987,95098146
10,2975014,2026-07-25 19:40:00,3524,19721,93832518
10,2975015,2026-07-25 19:50:00,3521,19972,95026776
10,2975016,2026-07-25 20:00:00,3415,19514,92847612
10,2975017,2026-07-25 20:10:00,3527,20587,97952946
10,2975018,2026-07-25 20:20:00,3531,20165,95945070
10,2975019,2026-07-25 20:30:00,3513,19689,93680262
10,2975020,2026-07-25 20:40:00,3504,19680,93637440
10,2975021,2026-07-25 20:50:00,3474,19874,94560492
10,2975022,2026-07-25 21:00:00,3464,19715,93803970
10,2975023,2026-07-25 21:10:00,3394,19084,90801672
10,2975024,2026-07-25 21:20:00,3374,19278,91724724
10,2975025,2026-07-25 21:30:00,3351,19083,90796914
10,2975026,2026-07-25 21:40:00,3313,18513,88084854
10,2975027,2026-07-25 21:50:00,3303,18596,88479768
10,2975028,2026-07-25 22:00:00,3307,18413,87609054
10,2975029,2026-07-25 22:10:00,3279,18466,87861228
10,2975030,2026-07-25 22:20:00,3170,17568,83588544
10,2975031,2026-07-25 22:30:00,3126,17154,81618732
10,2975032,2026-07-25 22:40:00,3067,16611,79035138
10,2975033,2026-07-25 22:50:00,2979,16590,78935220
10,2975034,2026-07-25 23:00:00,2909,16047,76351626
10,2975035,2026-07-25 23:10:00,2859,15641,74419878
10,2975036,2026-07-25 23:20:00,2777,15180,72226440
10,2975037,2026-07-25 23:30:00,2684,14598,69457284
10,2975038,2026-07-25 23:40:00,2558,13865,65969670
10,2975039,2026-07-25 23:50:00,2427,13256,63072048
10,2975040,2026-07-26 00:00:00,2268,12114,57638412
10,2975041,2026-07-26 00:10:00,2144,11642,55392636
10,2975042,2026-07-26 00:20:00,2016,10744,51119952
10,2975043,2026-07-26 00:30:00,1869,9716,46228728
10,2975044,2026-07-26 00:40:00,1731,9050,43059900
10,2975045,2026-07-26 00:50:00,1607,8198,39006084
10,2975046,2026-07-26 01:00:00,1478,7594,36132252
10,2975047,2026-07-26 01:10:00,1386,7090,33734220
10,2975048,2026-07-26 01:20:00,1281,6511,30979338
10,2975049,2026-07-26 01:30:00,1184,5897,28057926
10,2975050,2026-07-26 01:40:00,1098,5451,25935858
10,2975051,2026-07-26 01:50:00,1005,4838,23019204
10,2975052,2026-07-26 02:00:00,911,4429,21073182
10,2975053,2026-07-26 02:10:00,849,4099,19503042
10,2975054,2026-07-26 02:20:00,757,3674,17480892
10,2975055,2026-07-26 02:30:00,712,3459,16457922
10,2975056,2026-07-26 02:40:00,650,3030,14416740
10,2975057,2026-07-26 02:50:00,578,2806,13350948
10,2975058,2026-07-26 03:00:00,517,2379,11319282
10,2975059,2026-07-26 03:10:00,446,2104,10010832
10,2975060,2026-07-26 03:20:00,396,1719,8179002
10,2975061,2026-07-26 03:30:00,347,1410,6708780
10,2975062,2026-07-26 03:40:00,294,1180,5614440
10,2975063,2026-07-26 03:50:00,253,966,4596228
10,2975064,2026-07-26 04:00:00,214,807,3839706
10,2975065,2026-07-26 04:10:00,209,719,3421002
10,2975066,2026-07-26 04:20:00,193,618,2940444
10,2975067,2026-07-26 04:30:00,168,525,2497950
10,2975068,2026-07-26 04:40:00,158,479,2279082
10,2975069,2026-07-26 04:50:00,146,510,2426580
10,2975070,2026-07-26 05:00:00,137,427,2031666
10,2975071,2026-07-26 05:10:00,123,533,2536014
10,2975072,2026-07-26 05:20:00,126,348,1655784
10,2975073,2026-07-26 05:30:00,115,328,1560624
10,2975074,2026-07-26 05:40:00,116,301,1432158
10,2975075,2026-07-26 05:50:00,115,293,1394094
10,2975076,2026-07-26 06:00:00,120,409,1946022
10,2975077,2026-07-26 06:10:00,110,376,1789008
10,2975078,2026-07-26 06:20:00,106,292,1389336
10,2975079,2026-07-26 06:30:00,110,315,1498770
10,2975080,2026-07-26 06:40:00,101,461,2193438
10,2975081,2026-07-26 06:50:00,104,292,1389336
10,2975082,2026-07-26 07:00:00,101,290,1379820
10,2975083,2026-07-26 07:10:00,98,263,1251354
10,2975084,2026-07-26 07:20:00,96,294,1398852
10,2975085,2026-07-26 07:30:00,92,262,1246596
10,2975086,2026-07-26 07:40:00,95,422,2007876
10,2975087,2026-07-26 07:50:00,108,359,1708122
10,2975088,2026-07-26 08:00:00,100,278,1322724
10,2975089,2026-07-26 08:10:00,110,295,1403610
10,2975090,2026-07-26 08:20:00,103,266,1265628
10,2975091,2026-07-26 08:30:00,108,415,1974570
10,2975092,2026-07-26 08:40:00,96,281,1336998
10,2975093,2026-07-26 08:50:00,98,296,1408368
10,2975094,2026-07-26 09:00:00,107,294,1398852
10,2975095,2026-07-26 09:10:00,99,247,1175226
10,2975096,2026-07-26 09:20:00,99,265,1260870
10,2975097,2026-07-26 09:30:00,104,353,1679574
10,2975098,2026-07-26 09:40:00,104,308,1465464
10,2975099,2026-07-26 09:50:00,98,269,1279902
10,2975100,2026-07-26 10:00:00,101,268,1275144
10,2975101,2026-07-26 10:10:00,95,235,1118130
10,2975102,2026-07-26 10:20:00,100,250,1189500
10,2975103,2026-07-26 10:30:00,104,261,1241838
10,2975104,2026-07-26 10:40:00,97,222,1056276
10,2975105,2026-07-26 10:50:00,98,272,1294176
10,2975106,2026-07-26 11:00:00,107,303,1441674
10,2975107,2026-07-26 11:10:00,119,392,1865136
10,2975108,2026-07-26 11:20:00,121,307,1460706
10,2975109,2026-07-26 11:30:00,123,341,1622478
10,2975110,2026-07-26 11:40:00,131,349,1660542
10,2975111,2026-07-26 11:50:00,138,403,1917474
10,2975112,2026-07-26 12:00:00,153,497,2364726
10,2975113,2026-07-26 12:10:00,159,537,2555046
10,2975114,2026-07-26 12:20:00,148,506,2407548
10,2975115,2026-07-26 12:30:00,166,551,2621658
10,2975116,2026-07-26 12:40:00,173,576,2740608
10,2975117,2026-07-26 12:50:00,175,613,2916654
10,2975118,2026-07-26 13:00:00,184,659,3135522
10,2975119,2026-07-26 13:10:00,185,703,3344874
10,2975120,2026-07-26 13:20:00,217,793,3773094
10,2975121,2026-07-26 13:30:00,268,972,4624776
10,2975122,2026-07-26 13:40:00,292,1003,4772274
10,2975123,2026-07-26 13:50:00,385,1528,7270224
10,2975124,2026-07-26 14:00:00,430,1495,7113210
10,2975125,2026-07-26 14:10:00,541,2025,9634950
10,2975126,2026-07-26 14:20:00,650,2568,12218544
10,2975127,2026-07-26 14:30:00,659,2867,13641186
10,2975128,2026-07-26 14:40:00,981,4458,21211164
10,2975129,2026-07-26 14:50:00,1155,5886,28005588
10,2975130,2026-07-26 15:00:00,1238,5651,26887458
10,2975131,2026-07-26 15:10:00,1461,6691,31835778
10,2975132,2026-07-26 15:20:00,1565,7703,36650874
10,2975133,2026-07-26 15:30:00,1561,7539,35870562
10,2975134,2026-07-26 15:40:00,1908,9833,46785414
10,2975135,2026-07-26 15:50:00,2115,12578,59846124
10,2975136,2026-07-26 16:00:00,2117,11346,53984268
10,2975137,2026-07-26 16:10:00,2211,12079,57471882
10,2975138,2026-07-26 16:20:00,2346,12794,60873852
10,2975139,2026-07-26 16:30:00,2464,13743,65389194
10,2975140,2026-07-26 16:40:00,2368,12970,61711260
10,2975141,2026-07-26 16:50:00,2678,16676,79344408
10,2975142,2026-07-26 17:00:00,2701,14888,70837104
10,2975143,2026-07-26 17:10:00,2601,14166,67401828
10,2975144,2026-07-26 17:20:00,2757,15181,72231198
10,2975145,2026-07-26 17:30:00,2889,16001,76132758
10,2975146,2026-07-26 17:40:00,2864,15663,74524554
10,2975147,2026-07-26 17:50:00,3061,17459,83069922
10,2975148,2026-07-26 18:00:00,3144,18806,89478948
10,2975149,2026-07-26 18:10:00,3189,17405,82812990
10,2975150,2026-07-26 18:20:00,2984,16394,78002652
10,2975151,2026-07-26 18:30:00,3098,17154,81618732
10,2975152,2026-07-26 18:40:00,3162,17358,82589364
10,2975153,2026-07-26 18:50:00,3026,16790,79886820
10,2975154,2026-07-26 19:00:00,3417,21449,102054342
10,2975155,2026-07-26 19:10:00,3451,22382,106493556
10,2975156,2026-07-26 19:20:00,3397,19307,91862706
10,2975157,2026-07-26 19:30:00,3398,19396,92286168
10,2975158,2026-07-26 19:40:00,3373,18957,90197406
10,2975159,2026-07-26 19:50:00,3251,18639,88684362
10,2975160,2026-07-26 20:00:00,3286,18431,87694698
10,2975161,2026-07-26 20:10:00,3420,21437,101997246
10,2975162,2026-07-26 20:20:00,3354,19238,91534404
10,2975163,2026-07-26 20:30:00,3330,19024,90516192
10,2975164,2026-07-26 20:40:00,3351,18875,89807250
10,2975165,2026-07-26 20:50:00,3303,18746,89193468
10,2975166,2026-07-26 21:00:00,3249,18603,88513074
10,2975167,2026-07-26 21:10:00,3309,19331,91976898
10,2975168,2026-07-26 21:20:00,3280,18698,88965084
10,2975169,2026-07-26 21:30:00,3290,18181,86505198
10,2975170,2026-07-26 21:40:00,3250,17986,85577388
10,2975171,2026-07-26 21:50:00,3235,18093,86086494
10,2975172,2026-07-26 22:00:00,3202,18057,85915206
10,2975173,2026-07-26 22:10:00,3138,17534,83426772
10,2975174,2026-07-26 22:20:00,3078,17269,82165902
10,2975175,2026-07-26 22:30:00,3031,16583,78901914
10,2975176,2026-07-26 22:40:00,2980,16427,78159666
10,2975177,2026-07-26 22:50:00,2902,15865,75485670
10,2975178,2026-07-26 23:00:00,2805,15441,73468278
10,2975179,2026-07-26 23:10:00,2716,14820,70513560
10,2975180,2026-07-26 23:20:00,2643,14361,68329638
10,2975181,2026-07-26 23:30:00,2513,13635,64875330
10,2975182,2026-07-26 23:40:00,2403,12848,61130784
10,2975183,2026-07-26 23:50:00,2277,12079,57471882
10,2975184,2026-07-27 00:00:00,2145,11360,54050880
10,2975185,2026-07-27 00:10:00,2028,10522,50063676
10,2975186,2026-07-27 00:20:00,1901,10186,48464988
10,2975187,2026-07-27 00:30:00,1775,9282,44163756
10,2975188,2026-07-27 00:40:00,1653,8310,39538980
10,2975189,2026-07-27 00:50:00,1543,7886,37521588
10,2975190,2026-07-27 01:00:00,1429,7188,34200504
10,2975191,2026-07-27 01:10:00,1332,6670,31735860
10,2975192,2026-07-27 01:20:00,1227,6141,29218878
10,2975193,2026-07-27 01:30:00,1156,5480,26073840
10,2975194,2026-07-27 01:40:00,1061,5117,24346686
10,2975195,2026-07-27 01:50:00,990,4711,22414938
10,2975196,2026-07-27 02:00:00,904,4198,19974084
10,2975197,2026-07-27 02:10:00,834,3970,18889260
10,2975198,2026-07-27 02:20:00,766,3620,17223960
10,2975199,2026-07-27 02:30:00,710,3394,16148652
10,2975200,2026-07-27 02:40:00,630,2853,13574574
10,2975201,2026-07-27 02:50:00,561,2507,11928306
10,2975202,2026-07-27 03:00:00,514,2203,10481874
10,2975203,2026-07-27 03:10:00,449,1956,9306648
10,2975204,2026-07-27 03:20:00,401,1681,7998198
10,2975205,2026-07-27 03:30:00,348,1429,6799182
10,2975206,2026-07-27 03:40:00,306,1160,5519280
10,2975207,2026-07-27 03:50:00,264,888,4225104
10,2975208,2026-07-27 04:00:00,223,767,3649386
10,2975209,2026-07-27 04:10:00,192,668,3178344
10,2975210,2026-07-27 04:20:00,188,568,2702544
10,2975211,2026-07-27 04:30:00,170,535,2545530
10,2975212,2026-07-27 04:40:00,164,486,2312388
10,2975213,2026-07-27 04:50:00,154,431,2050698
10,2975214,2026-07-27 05:00:00,155,372,1769976
10,2975215,2026-07-27 05:10:00,137,327,1555866
10,2975216,2026-07-27 05:20:00,136,336,1598688
10,2975217,2026-07-27 05:30:00,120,275,1308450
10,2975218,2026-07-27 05:40:00,124,318,1513044
10,2975219,2026-07-27 05:50:00,124,315,1498770
10,2975220,2026-07-27 06:00:00,123,293,1394094
10,2975221,2026-07-27 06:10:00,130,314,1494012
10,2975222,2026-07-27 06:20:00,129,307,1460706
10,2975223,2026-07-27 06:30:00,125,316,1503528
10,2975224,2026-07-27 06:40:00,128,332,1579656
10,2975225,2026-07-27 06:50:00,128,314,1494012
10,2975226,2026-07-27 07:00:00,122,319,1517802
10,2975227,2026-07-27 07:10:00,125,341,1622478
10,2975228,2026-07-27 07:20:00,131,330,1570140
10,2975229,2026-07-27 07:30:00,137,329,1565382
10,2975230,2026-07-27 07:40:00,127,295,1403610
10,2975231,2026-07-27 07:50:00,145,353,1679574
10,2975232,2026-07-27 08:00:00,141,327,1555866
10,2975233,2026-07-27 08:10:00,135,311,1479738
10,2975234,2026-07-27 08:20:00,140,337,1603446
10,2975235,2026-07-27 08:30:00,140,368,1750944
10,2975236,2026-07-27 08:40:00,142,343,1631994
10,2975237,2026-07-27 08:50:00,157,517,2459886
10,2975238,2026-07-27 09:00:00,163,409,1946022
10,2975239,2026-07-27 09:10:00,180,563,2678754
10,2975240,2026-07-27 09:20:00,193,490,2331420
10,2975241,2026-07-27 09:30:00,207,566,2693028
10,2975242,2026-07-27 09:40:00,221,627,2983266
10,2975243,2026-07-27 09:50:00,227,603,2869074
10,2975244,2026-07-27 10:00:00,248,677,3221166
10,2975245,2026-07-27 10:10:00,280,904,4301232
10,2975246,2026-07-27 10:20:00,294,819,3896802
10,2975247,2026-07-27 10:30:00,307,844,4015752
10,2975248,2026-07-27 10:40:00,301,884,4206072
10,2975249,2026-07-27 10:50:00,322,981,4667598
10,2975250,2026-07-27 11:00:00,335,958,4558164
10,2975251,2026-07-27 11:10:00,373,1129,5371782
10,2975252,2026-07-27 11:20:00,422,1330,6328140
10,2975253,2026-07-27 11:30:00,479,1513,7198854
10,2975254,2026-07-27 11:40:00,491,1572,7479576
10,2975255,2026-07-27 11:50:00,500,1702,8098116
10,2975256,2026-07-27 12:00:00,492,1542,7336836
10,2975257,2026-07-27 12:10:00,537,1925,9159150
10,2975258,2026-07-27 12:20:00,527,1800,8564400
10,2975259,2026-07-27 12:30:00,562,1948,9268584
10,2975260,2026-07-27 12:40:00,578,2001,9520758
10,2975261,2026-07-27 12:50:00,570,2022,9620676
10,2975262,2026-07-27 13:00:00,588,1982,9430356
10,2975263,2026-07-27 13:10:00,619,2289,10891062
10,2975264,2026-07-27 13:20:00,630,2201,10472358
10,2975265,2026-07-27 13:30:00,691,2364,11247912
10,2975266,2026-07-27 13:40:00,802,2727,12975066
10,2975267,2026-07-27 13:50:00,841,2902,13807716
10,2975268,2026-07-27 14:00:00,863,2896,13779168
10,2975269,2026-07-27 14:10:00,885,3159,15030522
10,2975270,2026-07-27 14:20:00,1116,4038,19212804
10,2975271,2026-07-27 14:30:00,1286,5377,25583766
10,2975272,2026-07-27 14:40:00,1513,6449,30684342
10,2975273,2026-07-27 14:50:00,1567,6543,31131594
10,2975274,2026-07-27 15:00:00,1690,7266,34571628
10,2975275,2026-07-27 15:10:00,1924,8575,40799850
10,2975276,2026-07-27 15:20:00,2215,11096,52794768
10,2975277,2026-07-27 15:30:00,2328,11206,53318148
10,2975278,2026-07-27 15:40:00,2508,12016,57172128
10,2975279,2026-07-27 15:50:00,2613,12766,60740628
10,2975280,2026-07-27 16:00:00,2729,13291,63238578
10,2975281,2026-07-27 16:10:00,2576,12665,60260070
10,2975282,2026-07-27 16:20:00,2998,15863,75476154
10,2975283,2026-07-27 16:30:00,3112,16122,76708476
10,2975284,2026-07-27 16:40:00,3179,16143,76808394
10,2975285,2026-07-27 16:50:00,3299,16745,79672710
10,2975286,2026-07-27 17:00:00,3305,17358,82589364
10,2975287,2026-07-27 17:10:00,3246,16737,79634646
10,2975288,2026-07-27 17:20:00,3317,16732,79610856
10,2975289,2026-07-27 17:30:00,3527,19518,92866644
10,2975290,2026-07-27 17:40:00,3626,18882,89840556
10,2975291,2026-07-27 17:50:00,3681,19003,90416274
10,2975292,2026-07-27 18:00:00,3738,19317,91910286
10,2975293,2026-07-27 18:10:00,3748,19233,91510614
10,2975294,2026-07-27 18:20:00,3698,19130,91020540
10,2975295,2026-07-27 18:30:00,3886,20873,99313734
10,2975296,2026-07-27 18:40:00,4014,22360,106388880
10,2975297,2026-07-27 18:50:00,3969,21567,102615786
10,2975298,2026-07-27 19:00:00,4011,21471,102159018
10,2975299,2026-07-27 19:10:00,4016,21524,102411192
10,2975300,2026-07-27 19:20:00,4033,21923,104309634
10,2975301,2026-07-27 19:30:00,4048,22272,105970176
10,2975302,2026-07-27 19:40:00,4082,22255,105889290
10,2975303,2026-07-27 19:50:00,4057,22002,104685516
10,2975304,2026-07-27 20:00:00,4045,22304,106122432
10,2975305,2026-07-27 20:10:00,3974,21507,102330306
10,2975306,2026-07-27 20:20:00,3739,20465,97372470
10,2975307,2026-07-27 20:30:00,3389,18663,88798554
10,2975308,2026-07-27 20:40:00,3137,17135,81528330
10,2975309,2026-07-27 20:50:00,2999,16588,78925704
10,2975310,2026-07-27 21:00:00,2808,15425,73392150
10,2975311,2026-07-27 21:10:00,2604,14320,68134560
10,2975312,2026-07-27 21:20:00,2445,13441,63952278
10,2975313,2026-07-27 21:30:00,2304,12638,60131604
10,2975314,2026-07-27 21:40:00,2183,12084,57495672
10,2975315,2026-07-27 21:50:00,2075,11450,54479100
10,2975316,2026-07-27 22:00:00,1956,10641,50629878
10,2975317,2026-07-27 22:10:00,1849,10056,47846448
10,2975318,2026-07-27 22:20:00,1633,8855,42132090
10,2975319,2026-07-27 22:30:00,1605,9054,43078932
10,2975320,2026-07-27 22:40:00,1571,8833,42027414
10,2975321,2026-07-27 22:50:00,1500,8557,40714206
10,2975322,2026-07-27 23:00:00,1382,7707,36669906
10,2975323,2026-07-27 23:10:00,1311,7117,33862686
10,2975324,2026-07-27 23:20:00,956,8773,41741934
10,2975325,2026-07-27 23:30:00,1224,8389,39914862
10,2975326,2026-07-27 23:40:00,1110,6576,31288608
10,2975327,2026-07-27 23:50:00,1041,5567,26487786
10,2975328,2026-07-28 00:00:00,878,15794,75147852
10,2975329,2026-07-28 00:10:00,725,15584,74148672
10,2975330,2026-07-28 00:20:00,810,18169,86448102
10,2975331,2026-07-28 00:30:00,1332,24489,116518662
10,2975332,2026-07-28 00:40:00,1415,23224,110499792
10,2975333,2026-07-28 00:50:00,1615,24847,118222026
10,2975334,2026-07-28 01:00:00,1773,26658,126838764
10,2975335,2026-07-28 01:10:00,1814,27331,130040898
10,2975336,2026-07-28 01:20:00,1663,18603,88513074
10,2975337,2026-07-28 01:30:00,1412,10103,48070074
10,2975338,2026-07-28 01:40:00,1318,8075,38420850
10,2975339,2026-07-28 01:50:00,1231,6416,30527328
10,2975340,2026-07-28 02:00:00,1148,5697,27106326
10,2975341,2026-07-28 02:10:00,1057,5125,24384750
10,2975342,2026-07-28 02:20:00,970,4788,22781304
10,2975343,2026-07-28 02:30:00,875,4393,20901894
10,2975344,2026-07-28 02:40:00,828,4192,19945536
10,2975345,2026-07-28 02:50:00,758,3482,16567356
10,2975346,2026-07-28 03:00:00,664,3197,15211326
10,2975347,2026-07-28 03:10:00,609,3064,14578512
10,2975348,2026-07-28 03:20:00,565,2841,13517478
10,2975349,2026-07-28 03:30:00,524,2463,11718954
10,2975350,2026-07-28 03:40:00,455,2331,11090898
10,2975351,2026-07-28 03:50:00,384,1742,8288436
10,2975352,2026-07-28 04:00:00,360,1872,8906976
10,2975353,2026-07-28 04:10:00,309,1489,7084662
10,2975354,2026-07-28 04:20:00,293,1535,7303530
10,2975355,2026-07-28 04:30:00,259,1663,7912554
10,2975356,2026-07-28 04:40:00,245,1269,6037902
10,2975357,2026-07-28 04:50:00,220,1207,5742906
10,2975358,2026-07-28 05:00:00,217,1616,7688928
10,2975359,2026-07-28 05:10:00,213,1701,8093358
10,2975360,2026-07-28 05:20:00,209,2492,11856936
10,2975361,2026-07-28 05:30:00,200,2364,11247912
10,2975362,2026-07-28 05:40:00,171,1991,9473178
10,2975363,2026-07-28 05:50:00,218,2837,13498446
10,2975364,2026-07-28 06:00:00,177,1681,7998198
10,2975365,2026-07-28 06:10:00,191,1985,9444630
10,2975366,2026-07-28 06:20:00,182,1142,5433636
10,2975367,2026-07-28 06:30:00,174,750,3568500
10,2975368,2026-07-28 06:40:00,150,471,2241018
10,2975369,2026-07-28 06:50:00,146,1003,4772274
10,2975370,2026-07-28 07:00:00,169,797,3792126
10,2975371,2026-07-28 07:10:00,183,795,3782610
10,2975372,2026-07-28 07:20:00,164,550,2616900
10,2975373,2026-07-28 07:30:00,164,793,3773094
10,2975374,2026-07-28 07:40:00,158,710,3378180
10,2975375,2026-07-28 07:50:00,162,527,2507466
10,2975376,2026-07-28 08:00:00,166,964,4586712
10,2975377,2026-07-28 08:10:00,165,585,2783430
10,2975378,2026-07-28 08:20:00,159,483,2298114
10,2975379,2026-07-28 08:30:00,157,554,2635932
10,2975380,2026-07-28 08:40:00,166,577,2745366
10,2975381,2026-07-28 08:50:00,163,645,3068910
10,2975382,2026-07-28 09:00:00,168,566,2693028
10,2975383,2026-07-28 09:10:00,172,518,2464644
10,2975384,2026-07-28 09:20:00,195,650,3092700
10,2975385,2026-07-28 09:30:00,220,774,3682692
10,2975386,2026-07-28 09:40:00,253,922,4386876
10,2975387,2026-07-28 09:50:00,263,948,4510584
10,2975388,2026-07-28 10:00:00,270,918,4367844
10,2975389,2026-07-28 10:10:00,302,1291,6142578
10,2975390,2026-07-28 10:20:00,297,1130,5376540
10,2975391,2026-07-28 10:30:00,341,1320,6280560
10,2975392,2026-07-28 10:40:00,346,1306,6213948
10,2975393,2026-07-28 10:50:00,391,1496,7117968
10,2975394,2026-07-28 11:00:00,407,1660,7898280
10,2975395,2026-07-28 11:10:00,387,1533,7294014
10,2975396,2026-07-28 11:20:00,402,1670,7945860
10,2975397,2026-07-28 11:30:00,515,2505,11918790
10,2975398,2026-07-28 11:40:00,524,2461,11709438
10,2975399,2026-07-28 11:50:00,560,2594,12342252
10,2975400,2026-07-28 12:00:00,568,2791,13279578
10,2975401,2026-07-28 12:10:00,616,3178,15120924
10,2975402,2026-07-28 12:20:00,611,2602,12380316
10,2975403,2026-07-28 12:30:00,656,3302,15710916
10,2975404,2026-07-28 12:40:00,653,3333,15858414
10,2975405,2026-07-28 12:50:00,653,2721,12946518
10,2975406,2026-07-28 13:00:00,670,3098,14740284
10,2975407,2026-07-28 13:10:00,647,3040,14464320
10,2975408,2026-07-28 13:20:00,655,3179,15125682
10,2975409,2026-07-28 13:30:00,762,3790,18032820
10,2975410,2026-07-28 13:40:00,732,3413,16239054
10,2975411,2026-07-28 13:50:00,996,5983,28467114
10,2975412,2026-07-28 14:00:00,972,5101,24270558
10,2975413,2026-07-28 14:10:00,1105,5783,27515514
10,2975414,2026-07-28 14:20:00,1273,6147,29247426
10,2975415,2026-07-28 14:30:00,1385,7536,35856288
10,2975416,2026-07-28 14:40:00,1373,7669,36489102
10,2975417,2026-07-28 14:50:00,1627,9284,44173272
10,2975418,2026-07-28 15:00:00,1988,13705,65208390
10,2975419,2026-07-28 15:10:00,2094,10511,50011338
10,2975420,2026-07-28 15:20:00,2263,12117,57652686
10,2975421,2026-07-28 15:30:00,2484,13552,64480416
10,2975422,2026-07-28 15:40:00,2626,13789,65608062
10,2975423,2026-07-28 15:50:00,2698,14305,68063190
10,2975424,2026-07-28 16:00:00,2715,13899,66131442
10,2975425,2026-07-28 16:10:00,3008,16218,77165244
10,2975426,2026-07-28 16:20:00,3146,17733,84373614
10,2975427,2026-07-28 16:30:00,3235,17207,81870906
10,2975428,2026-07-28 16:40:00,3315,17398,82779684
10,2975429,2026-07-28 16:50:00,3390,17723,84326034
10,2975430,2026-07-28 17:00:00,3324,17039,81071562
10,2975431,2026-07-28 17:10:00,3323,17197,81823326
10,2975432,2026-07-28 17:20:00,3639,21065,100227270
10,2975433,2026-07-28 17:30:00,3665,19083,90796914
10,2975434,2026-07-28 17:40:00,3752,19640,93447120
10,2975435,2026-07-28 17:50:00,3767,19700,93732600
10,2975436,2026-07-28 18:00:00,3848,20449,97296342
10,2975437,2026-07-28 18:10:00,3935,20861,99256638
10,2975438,2026-07-28 18:20:00,3964,21042,100117836
10,2975439,2026-07-28 18:30:00,4049,21628,102906024
10,2975440,2026-07-28 18:40:00,4079,21960,104485680
10,2975441,2026-07-28 18:50:00,4076,22230,105770340
10,2975442,2026-07-28 19:00:00,4116,22068,104999544
10,2975443,2026-07-28 19:10:00,4135,22571,107392818
10,2975444,2026-07-28 19:20:00,4120,22591,107487978
10,2975445,2026-07-28 19:30:00,4130,22728,108139824
10,2975446,2026-07-28 19:40:00,4113,22863,108782154
10,2975447,2026-07-28 19:50:00,4144,23200,110385600
10,2975448,2026-07-28 20:00:00,4114,22904,108977232
10,2975449,2026-07-28 20:10:00,4104,22330,106246140
10,2975450,2026-07-28 20:20:00,4037,22314,106170012
10,2975451,2026-07-28 20:30:00,3597,19770,94065660
10,2975452,2026-07-28 20:40:00,2818,15579,74124882
10,2975453,2026-07-28 20:50:00,3923,24139,114853362
10,2975454,2026-07-28 21:00:00,3880,23591,112245978
10,2975455,2026-07-28 21:10:00,4022,26281,125044998
10,2975456,2026-07-28 21:20:00,3940,23253,110637774
10,2975457,2026-07-28 21:30:00,3879,21440,102011520
10,2975458,2026-07-28 21:40:00,3811,20738,98671404
10,2975459,2026-07-28 21:50:00,3788,20891,99399378
10,2975460,2026-07-28 22:00:00,3723,20687,98428746
10,2975461,2026-07-28 22:10:00,3627,20154,95892732
10,2975462,2026-07-28 22:20:00,3585,19595,93233010
10,2975463,2026-07-28 22:30:00,3524,19475,92662050
10,2975464,2026-07-28 22:40:00,3478,18940,90116520
10,2975465,2026-07-28 22:50:00,3410,18654,88755732
10,2975466,2026-07-28 23:00:00,3337,18129,86257782
10,2975467,2026-07-28 23:10:00,3221,17724,84330792
10,2975468,2026-07-28 23:20:00,3125,16900,80410200
10,2975469,2026-07-28 23:30:00,3031,16398,78021684
10,2975470,2026-07-28 23:40:00,2864,15293,72764094
10,2975471,2026-07-28 23:50:00,2740,14840,70608720
10,2975472,2026-07-29 00:00:00,2573,13632,64861056
10,2975473,2026-07-29 00:10:00,2447,12778,60797724
10,2975474,2026-07-29 00:20:00,2280,11833,56301414
10,2975475,2026-07-29 00:30:00,2117,10853,51638574
10,2975476,2026-07-29 00:40:00,1924,9811,46680738
10,2975477,2026-07-29 00:50:00,1761,8885,42274830
10,2975478,2026-07-29 01:00:00,1659,8337,39667446
10,2975479,2026-07-29 01:10:00,1558,7869,37440702
10,2975480,2026-07-29 01:20:00,1453,6935,32996730
10,2975481,2026-07-29 01:30:00,1368,6547,31150626
10,2975482,2026-07-29 01:40:00,1262,6042,28747836
10,2975483,2026-07-29 01:50:00,1174,5448,25921584
10,2975484,2026-07-29 02:00:00,1098,5235,24908130
10,2975485,2026-07-29 02:10:00,1028,4836,23009688
10,2975486,2026-07-29 02:20:00,940,4391,20892378
10,2975487,2026-07-29 02:30:00,860,4061,19322238
10,2975488,2026-07-29 02:40:00,796,3725,17723550
10,2975489,2026-07-29 02:50:00,743,3438,16358004
10,2975490,2026-07-29 03:00:00,669,3007,14307306
10,2975491,2026-07-29 03:10:00,595,2604,12389832
10,2975492,2026-07-29 03:20:00,523,2260,10753080
10,2975493,2026-07-29 03:30:00,460,1971,9378018
10,2975494,2026-07-29 03:40:00,403,1622,7717476
10,2975495,2026-07-29 03:50:00,352,1352,6432816
10,2975496,2026-07-29 04:00:00,328,1220,5804760
10,2975497,2026-07-29 04:10:00,305,999,4753242
10,2975498,2026-07-29 04:20:00,247,811,3858738
10,2975499,2026-07-29 04:30:00,218,676,3216408
10,2975500,2026-07-29 04:40:00,193,637,3030846
10,2975501,2026-07-29 04:50:00,177,540,2569320
10,2975502,2026-07-29 05:00:00,178,518,2464644
10,2975503,2026-07-29 05:10:00,166,521,2478918
10,2975504,2026-07-29 05:20:00,158,451,2145858
10,2975505,2026-07-29 05:30:00,153,419,1993602
10,2975506,2026-07-29 05:40:00,154,464,2207712
10,2975507,2026-07-29 05:50:00,153,390,1855620
10,2975508,2026-07-29 06:00:00,161,384,1827072
10,2975509,2026-07-29 06:10:00,157,405,1926990
10,2975510,2026-07-29 06:20:00,153,366,1741428
10,2975511,2026-07-29 06:30:00,135,333,1584414
10,2975512,2026-07-29 06:40:00,94,230,1094340
10,2975513,2026-07-29 06:50:00,165,530,2521740
10,2975514,2026-07-29 07:00:00,154,545,2593110
10,2975515,2026-07-29 07:10:00,140,352,1674816
10,2975516,2026-07-29 07:20:00,55,122,580476
10,2975517,2026-07-29 07:30:00,74,209,994422
10,2975518,2026-07-29 07:40:00,178,712,3387696
10,2975519,2026-07-29 07:50:00,134,339,1612962
10,2975520,2026-07-29 08:00:00,130,323,1536834
10,2975521,2026-07-29 08:10:00,135,355,1689090
10,2975522,2026-07-29 08:20:00,141,577,2745366
10,2975523,2026-07-29 08:30:00,145,376,1789008
10,2975524,2026-07-29 08:40:00,138,351,1670058
10,2975525,2026-07-29 08:50:00,162,482,2293356
10,2975526,2026-07-29 09:00:00,180,461,2193438
10,2975527,2026-07-29 09:10:00,190,478,2274324
10,2975528,2026-07-29 09:20:00,194,512,2436096
10,2975529,2026-07-29 09:30:00,208,561,2669238
10,2975530,2026-07-29 09:40:00,215,622,2959476
10,2975531,2026-07-29 09:50:00,224,671,3192618
10,2975532,2026-07-29 10:00:00,244,735,3497130
10,2975533,2026-07-29 10:10:00,273,788,3749304
10,2975534,2026-07-29 10:20:00,300,862,4101396
10,2975535,2026-07-29 10:30:00,311,885,4210830
10,2975536,2026-07-29 10:40:00,322,956,4548648
10,2975537,2026-07-29 10:50:00,332,975,4639050
10,2975538,2026-07-29 11:00:00,361,1238,5890404
10,2975539,2026-07-29 11:10:00,411,1259,5990322
10,2975540,2026-07-29 11:20:00,435,1394,6632652
10,2975541,2026-07-29 11:30:00,466,1559,7417722
10,2975542,2026-07-29 11:40:00,483,1509,7179822
10,2975543,2026-07-29 11:50:00,540,1860,8849880
10,2975544,2026-07-29 12:00:00,572,2061,9806238
10,2975545,2026-07-29 12:10:00,575,2005,9539790
10,2975546,2026-07-29 12:20:00,603,2097,9977526
10,2975547,2026-07-29 12:30:00,603,2087,9929946
10,2975548,2026-07-29 12:40:00,610,2132,10144056
10,2975549,2026-07-29 12:50:00,627,2238,10648404
10,2975550,2026-07-29 13:00:00,669,2731,12994098
10,2975551,2026-07-29 13:10:00,660,2319,11033802
10,2975552,2026-07-29 13:20:00,676,2453,11671374
10,2975553,2026-07-29 13:30:00,721,2680,12751440
10,2975554,2026-07-29 13:40:00,729,2544,12104352
10,2975555,2026-07-29 13:50:00,944,3431,16324698
10,2975556,2026-07-29 14:00:00,941,3456,16443648
10,2975557,2026-07-29 14:10:00,1058,3812,18137496
10,2975558,2026-07-29 14:20:00,1235,4847,23062026
10,2975559,2026-07-29 14:30:00,1285,5312,25274496
10,2975560,2026-07-29 14:40:00,1242,5068,24113544
10,2975561,2026-07-29 14:50:00,1822,9131,43445298
10,2975562,2026-07-29 15:00:00,1864,8662,41213796
10,2975563,2026-07-29 15:10:00,2085,9197,43759326
10,2975564,2026-07-29 15:20:00,2262,10332,49159656
10,2975565,2026-07-29 15:30:00,2450,11512,54774096
10,2975566,2026-07-29 15:40:00,2466,11741,55863678
10,2975567,2026-07-29 15:50:00,2483,11954,56877132
10,2975568,2026-07-29 16:00:00,2972,16156,76870248
10,2975569,2026-07-29 16:10:00,3023,15936,75823488
10,2975570,2026-07-29 16:20:00,3131,15981,76037598
10,2975571,2026-07-29 16:30:00,3222,16550,78744900
10,2975572,2026-07-29 16:40:00,3306,17092,81323736
10,2975573,2026-07-29 16:50:00,3320,17199,81832842
10,2975574,2026-07-29 17:00:00,3250,17064,81190512
10,2975575,2026-07-29 17:10:00,3577,19945,94898310
10,2975576,2026-07-29 17:20:00,3606,19546,92999868
10,2975577,2026-07-29 17:30:00,3688,19054,90658932
10,2975578,2026-07-29 17:40:00,3785,20047,95383626
10,2975579,2026-07-29 17:50:00,3850,20444,97272552
10,2975580,2026-07-29 18:00:00,3745,19910,94731780
10,2975581,2026-07-29 18:10:00,3915,20598,98005284
10,2975582,2026-07-29 18:20:00,3934,20561,97829238
10,2975583,2026-07-29 18:30:00,4179,25184,119825472
10,2975584,2026-07-29 18:40:00,4186,22660,107816280
10,2975585,2026-07-29 18:50:00,4143,22334,106265172
10,2975586,2026-07-29 19:00:00,4110,22229,105765582
10,2975587,2026-07-29 19:10:00,4129,22183,105546714
10,2975588,2026-07-29 19:20:00,4151,22911,109010538
10,2975589,2026-07-29 19:30:00,4215,23624,112402992
10,2975590,2026-07-29 19:40:00,4227,23191,110342778
10,2975591,2026-07-29 19:50:00,4211,23329,110999382
10,2975592,2026-07-29 20:00:00,4232,23000,109434000
10,2975593,2026-07-29 20:10:00,4179,22931,109105698
10,2975594,2026-07-29 20:20:00,4108,22603,107545074
10,2975595,2026-07-29 20:30:00,4131,22602,107540316
10,2975596,2026-07-29 20:40:00,4118,22618,107616444
10,2975597,2026-07-29 20:50:00,4106,22564,107359512
10,2975598,2026-07-29 21:00:00,4065,22130,105294540
10,2975599,2026-07-29 21:10:00,4047,22174,105503892
10,2975600,2026-07-29 21:20:00,3986,21981,104585598
10,2975601,2026-07-29 21:30:00,3933,21803,103738674
10,2975602,2026-07-29 21:40:00,3902,21580,102677640
10,2975603,2026-07-29 21:50:00,3853,21377,101711766
10,2975604,2026-07-29 22:00:00,3796,21130,100536540
10,2975605,2026-07-29 22:10:00,3755,20510,97586580
10,2975606,2026-07-29 22:20:00,3692,20389,97010862
10,2975607,2026-07-29 22:30:00,3615,19623,93366234
10,2975608,2026-07-29 22:40:00,3597,19826,94332108
10,2975609,2026-07-29 22:50:00,3499,19427,92433666
10,2975610,2026-07-29 23:00:00,3433,18784,89374272
10,2975611,2026-07-29 23:10:00,3343,18083,86038914
10,2975612,2026-07-29 23:20:00,3216,17208,81875664
10,2975613,2026-07-29 23:30:00,3072,16563,78806754
10,2975614,2026-07-29 23:40:00,2969,15967,75970986
10,2975615,2026-07-29 23:50:00,2811,14933,71051214
10,2975616,2026-07-30 00:00:00,2658,13708,65222664
10,2975617,2026-07-30 00:10:00,2499,13117,62410686
10,2975618,2026-07-30 00:20:00,2332,12070,57429060
10,2975619,2026-07-30 00:30:00,2160,11143,53018394
10,2975620,2026-07-30 00:40:00,2017,10202,48541116
10,2975621,2026-07-30 00:50:00,1880,9502,45210516
10,2975622,2026-07-30 01:00:00,1732,8698,41385084
10,2975623,2026-07-30 01:10:00,1585,7802,37121916
10,2975624,2026-07-30 01:20:00,1492,7493,35651694
10,2975625,2026-07-30 01:30:00,1391,6833,32511414
10,2975626,2026-07-30 01:40:00,1257,6202,29509116
10,2975627,2026-07-30 01:50:00,1189,5703,27134874
10,2975628,2026-07-30 02:00:00,1094,5200,24741600
10,2975629,2026-07-30 02:10:00,1033,4970,23647260
10,2975630,2026-07-30 02:20:00,933,4332,20611656
10,2975631,2026-07-30 02:30:00,869,4203,19997874
10,2975632,2026-07-30 02:40:00,794,3696,17585568
10,2975633,2026-07-30 02:50:00,721,3352,15948816
10,2975634,2026-07-30 03:00:00,650,2913,13860054
10,2975635,2026-07-30 03:10:00,591,2583,12289914
10,2975636,2026-07-30 03:20:00,527,2222,10572276
10,2975637,2026-07-30 03:30:00,466,1860,8849880
10,2975638,2026-07-30 03:40:00,419,1631,7760298
10,2975639,2026-07-30 03:50:00,368,1391,6618378
10,2975640,2026-07-30 04:00:00,323,1160,5519280
10,2975641,2026-07-30 04:10:00,287,971,4620018
10,2975642,2026-07-30 04:20:00,268,847,4030026
10,2975643,2026-07-30 04:30:00,240,750,3568500
10,2975644,2026-07-30 04:40:00,226,613,2916654
10,2975645,2026-07-30 04:50:00,206,636,3026088
10,2975646,2026-07-30 05:00:00,204,591,2811978
10,2975647,2026-07-30 05:10:00,192,547,2602626
10,2975648,2026-07-30 05:20:00,169,465,2212470
10,2975649,2026-07-30 05:30:00,159,404,1922232
10,2975650,2026-07-30 05:40:00,146,404,1922232
10,2975651,2026-07-30 05:50:00,163,427,2031666
10,2975652,2026-07-30 06:00:00,150,453,2155374
10,2975653,2026-07-30 06:10:00,150,391,1860378
10,2975654,2026-07-30 06:20:00,162,402,1912716
10,2975655,2026-07-30 06:30:00,168,436,2074488
10,2975656,2026-07-30 06:40:00,157,388,1846104
10,2975657,2026-07-30 06:50:00,166,449,2136342
10,2975658,2026-07-30 07:00:00,156,434,2064972
10,2975659,2026-07-30 07:10:00,156,549,2612142
10,2975660,2026-07-30 07:20:00,167,663,3154554
10,2975661,2026-07-30 07:30:00,146,418,1988844
10,2975662,2026-07-30 07:40:00,152,434,2064972
10,2975663,2026-07-30 07:50:00,153,411,1955538
10,2975664,2026-07-30 08:00:00,142,410,1950780
10,2975665,2026-07-30 08:10:00,149,416,1979328
10,2975666,2026-07-30 08:20:00,161,416,1979328
10,2975667,2026-07-30 08:30:00,173,492,2340936
10,2975668,2026-07-30 08:40:00,170,445,2117310
10,2975669,2026-07-30 08:50:00,186,479,2279082
10,2975670,2026-07-30 09:00:00,185,496,2359968
10,2975671,2026-07-30 09:10:00,182,492,2340936
10,2975672,2026-07-30 09:20:00,192,535,2545530
10,2975673,2026-07-30 09:30:00,208,558,2654964
10,2975674,2026-07-30 09:40:00,236,702,3340116
10,2975675,2026-07-30 09:50:00,250,718,3416244
10,2975676,2026-07-30 10:00:00,256,809,3849222
10,2975677,2026-07-30 10:10:00,278,818,3892044
10,2975678,2026-07-30 10:20:00,293,924,4396392
10,2975679,2026-07-30 10:30:00,298,987,4696146
10,2975680,2026-07-30 10:40:00,330,976,4643808
10,2975681,2026-07-30 10:50:00,326,1031,4905498
10,2975682,2026-07-30 11:00:00,404,1335,6351930
10,2975683,2026-07-30 11:10:00,423,1323,6294834
10,2975684,2026-07-30 11:20:00,475,1655,7874490
10,2975685,2026-07-30 11:30:00,477,1601,7617558
10,2975686,2026-07-30 11:40:00,498,1635,7779330
10,2975687,2026-07-30 11:50:00,499,1684,8012472
10,2975688,2026-07-30 12:00:00,500,1674,7964892
10,2975689,2026-07-30 12:10:00,610,2457,11690406
10,2975690,2026-07-30 12:20:00,602,2302,10952916
10,2975691,2026-07-30 12:30:00,599,2062,9810996
10,2975692,2026-07-30 12:40:00,640,2302,10952916
10,2975693,2026-07-30 12:50:00,619,2275,10824450
10,2975694,2026-07-30 13:00:00,662,2353,11195574
10,2975695,2026-07-30 13:10:00,640,2318,11029044
10,2975696,2026-07-30 13:20:00,666,2420,11514360
10,2975697,2026-07-30 13:30:00,706,2474,11771292
10,2975698,2026-07-30 13:40:00,791,2717,12927486
10,2975699,2026-07-30 13:50:00,903,3331,15848898
10,2975700,2026-07-30 14:00:00,867,2975,14155050
10,2975701,2026-07-30 14:10:00,1042,3830,18223140
10,2975702,2026-07-30 14:20:00,1201,5104,24284832
10,2975703,2026-07-30 14:30:00,1240,4799,22833642
10,2975704,2026-07-30 14:40:00,1490,5988,28490904
10,2975705,2026-07-30 14:50:00,1832,9133,43454814
10,2975706,2026-07-30 15:00:00,1875,8065,38373270
10,2975707,2026-07-30 15:10:00,2074,9307,44282706
10,2975708,2026-07-30 15:20:00,2295,10252,48779016
10,2975709,2026-07-30 15:30:00,2374,10939,52047762
10,2975710,2026-07-30 15:40:00,2323,11005,52361790
10,2975711,2026-07-30 15:50:00,2831,15505,73772790
10,2975712,2026-07-30 16:00:00,2920,14192,67525536
10,2975713,2026-07-30 16:10:00,3058,14992,71331936
10,2975714,2026-07-30 16:20:00,3084,15547,73972626
10,2975715,2026-07-30 16:30:00,3182,16064,76432512
10,2975716,2026-07-30 16:40:00,3109,15774,75052692
10,2975717,2026-07-30 16:50:00,3308,16771,79796418
10,2975718,2026-07-30 17:00:00,3538,20074,95512092
10,2975719,2026-07-30 17:10:00,3551,18364,87375912
10,2975720,2026-07-30 17:20:00,3662,18851,89693058
10,2975721,2026-07-30 17:30:00,3692,19223,91463034
10,2975722,2026-07-30 17:40:00,3710,19332,91981656
10,2975723,2026-07-30 17:50:00,3586,18878,89821524
10,2975724,2026-07-30 18:00:00,3961,22295,106079610
10,2975725,2026-07-30 18:10:00,4051,21731,103396098
10,2975726,2026-07-30 18:20:00,4047,21559,102577722
10,2975727,2026-07-30 18:30:00,4066,21799,103719642
10,2975728,2026-07-30 18:40:00,4118,22084,105075672
10,2975729,2026-07-30 18:50:00,3759,20302,96596916
10,2975730,2026-07-30 19:00:00,4083,22048,104904384
10,2975731,2026-07-30 19:10:00,4262,25071,119287818
10,2975732,2026-07-30 19:20:00,4202,23271,110723418
10,2975733,2026-07-30 19:30:00,4159,23031,109581498
10,2975734,2026-07-30 19:40:00,4201,22997,109419726
10,2975735,2026-07-30 19:50:00,4239,23299,110856642
10,2975736,2026-07-30 20:00:00,4194,22841,108677478
10,2975737,2026-07-30 20:10:00,4186,22788,108425304
10,2975738,2026-07-30 20:20:00,4119,22819,108572802
10,2975739,2026-07-30 20:30:00,4076,22628,107664024
10,2975740,2026-07-30 20:40:00,4109,22593,107497494
10,2975741,2026-07-30 20:50:00,4089,22721,108106518
10,2975742,2026-07-30 21:00:00,4052,22239,105813162
10,2975743,2026-07-30 21:10:00,4052,22301,106108158
10,2975744,2026-07-30 21:20:00,4001,22158,105427764
10,2975745,2026-07-30 21:30:00,3991,21892,104162136
10,2975746,2026-07-30 21:40:00,3961,21446,102040068
10,2975747,2026-07-30 21:50:00,3863,21266,101183628
10,2975748,2026-07-30 22:00:00,3818,21044,100127352
10,2975749,2026-07-30 22:10:00,3786,20789,98914062
10,2975750,2026-07-30 22:20:00,3694,20473,97410534
10,2975751,2026-07-30 22:30:00,3692,20256,96378048
10,2975752,2026-07-30 22:40:00,3644,19893,94650894
10,2975753,2026-07-30 22:50:00,3553,19383,92224314
10,2975754,2026-07-30 23:00:00,3461,18964,90230712
10,2975755,2026-07-30 23:10:00,3384,18584,88422672
10,2975756,2026-07-30 23:20:00,3302,17586,83674188
10,2975757,2026-07-30 23:30:00,3189,17217,81918486
10,2975758,2026-07-30 23:40:00,3056,16443,78235794
10,2975759,2026-07-30 23:50:00,2885,15559,74029722
10,2975760,2026-07-31 00:00:00,2748,14510,69038580
10,2975761,2026-07-31 00:10:00,2617,13730,65327340
10,2975762,2026-07-31 00:20:00,2477,12773,60773934
10,2975763,2026-07-31 00:30:00,2300,11763,55968354
10,2975764,2026-07-31 00:40:00,2152,11303,53779674
10,2975765,2026-07-31 00:50:00,2033,10277,48897966
10,2975766,2026-07-31 01:00:00,1873,9436,44896488
10,2975767,2026-07-31 01:10:00,1721,8288,39434304
10,2975768,2026-07-31 01:20:00,1571,7610,36208380
10,2975769,2026-07-31 01:30:00,1450,7178,34152924
10,2975770,2026-07-31 01:40:00,1371,6647,31626426
10,2975771,2026-07-31 01:50:00,1252,5891,28029378
10,2975772,2026-07-31 02:00:00,1138,5417,25774086
10,2975773,2026-07-31 02:10:00,1091,5173,24613134
10,2975774,2026-07-31 02:20:00,1008,4664,22191312
10,2975775,2026-07-31 02:30:00,918,4184,19907472
10,2975776,2026-07-31 02:40:00,843,3796,18061368
10,2975777,2026-07-31 02:50:00,744,3473,16524534
10,2975778,2026-07-31 03:00:00,667,3067,14592786
10,2975779,2026-07-31 03:10:00,603,2659,12651522
10,2975780,2026-07-31 03:20:00,499,2195,10443810
10,2975781,2026-07-31 03:30:00,421,1773,8435934
10,2975782,2026-07-31 03:40:00,387,1512,7194096
10,2975783,2026-07-31 03:50:00,348,1261,5999838
10,2975784,2026-07-31 04:00:00,302,1095,5210010
10,2975785,2026-07-31 04:10:00,271,872,4148976
10,2975786,2026-07-31 04:20:00,236,765,3639870
10,2975787,2026-07-31 04:30:00,235,714,3397212
10,2975788,2026-07-31 04:40:00,194,604,2873832
10,2975789,2026-07-31 04:50:00,191,584,2778672
10,2975790,2026-07-31 05:00:00,188,543,2583594
10,2975791,2026-07-31 05:10:00,182,500,2379000
10,2975792,2026-07-31 05:20:00,170,471,2241018
10,2975793,2026-07-31 05:30:00,173,455,2164890
10,2975794,2026-07-31 05:40:00,171,467,2221986
10,2975795,2026-07-31 05:50:00,164,631,3002298
10,2975796,2026-07-31 06:00:00,153,413,1965054
10,2975797,2026-07-31 06:10:00,154,342,1627236
10,2975798,2026-07-31 06:20:00,163,388,1846104
10,2975799,2026-07-31 06:30:00,159,374,1779492
10,2975800,2026-07-31 06:40:00,145,382,1817556
10,2975801,2026-07-31 06:50:00,147,378,1798524
10,2975802,2026-07-31 07:00:00,156,378,1798524
10,2975803,2026-07-31 07:10:00,145,364,1731912
10,2975804,2026-07-31 07:20:00,137,362,1722396
10,2975805,2026-07-31 07:30:00,149,435,2069730
10,2975806,2026-07-31 07:40:00,148,393,1869894
10,2975807,2026-07-31 07:50:00,151,419,1993602
10,2975808,2026-07-31 08:00:00,148,397,1888926
10,2975809,2026-07-31 08:10:00,158,429,2041182
10,2975810,2026-07-31 08:20:00,155,430,2045940
10,2975811,2026-07-31 08:30:00,158,434,2064972
10,2975812,2026-07-31 08:40:00,169,469,2231502
10,2975813,2026-07-31 08:50:00,171,483,2298114
10,2975814,2026-07-31 09:00:00,170,489,2326662
10,2975815,2026-07-31 09:10:00,193,496,2359968
10,2975816,2026-07-31 09:20:00,198,550,2616900
10,2975817,2026-07-31 09:30:00,216,593,2821494
10,2975818,2026-07-31 09:40:00,233,665,3164070
10,2975819,2026-07-31 09:50:00,236,699,3325842
10,2975820,2026-07-31 10:00:00,248,740,3520920
10,2975821,2026-07-31 10:10:00,253,738,3511404
10,2975822,2026-07-31 10:20:00,289,902,4291716
10,2975823,2026-07-31 10:30:00,331,1004,4777032
10,2975824,2026-07-31 10:40:00,321,998,4748484
10,2975825,2026-07-31 10:50:00,332,981,4667598
10,2975826,2026-07-31 11:00:00,340,1153,5485974
10,2975827,2026-07-31 11:10:00,392,1267,6028386
10,2975828,2026-07-31 11:20:00,423,1262,6004596
10,2975829,2026-07-31 11:30:00,466,1490,7089420
10,2975830,2026-07-31 11:40:00,466,1446,6880068
10,2975831,2026-07-31 11:50:00,483,1567,7455786
10,2975832,2026-07-31 12:00:00,501,1630,7755540
10,2975833,2026-07-31 12:10:00,507,1698,8079084
10,2975834,2026-07-31 12:20:00,532,1756,8355048
10,2975835,2026-07-31 12:30:00,591,2211,10519938
10,2975836,2026-07-31 12:40:00,604,2183,10386714
10,2975837,2026-07-31 12:50:00,612,2084,9915672
10,2975838,2026-07-31 13:00:00,595,2095,9968010
10,2975839,2026-07-31 13:10:00,584,2086,9925188
10,2975840,2026-07-31 13:20:00,627,2299,10938642
10,2975841,2026-07-31 13:30:00,730,2825,13441350
10,2975842,2026-07-31 13:40:00,819,2835,13488930
10,2975843,2026-07-31 13:50:00,882,2980,14178840
10,2975844,2026-07-31 14:00:00,875,2900,13798200
10,2975845,2026-07-31 14:10:00,938,3196,15206568
10,2975846,2026-07-31 14:20:00,1191,4502,21420516
10,2975847,2026-07-31 14:30:00,1420,6325,30094350
10,2975848,2026-07-31 14:40:00,1579,6471,30789018
10,2975849,2026-07-31 14:50:00,1757,7486,35618388
10,2975850,2026-07-31 15:00:00,1760,7581,36070398
10,2975851,2026-07-31 15:10:00,1957,8493,40409694
10,2975852,2026-07-31 15:20:00,2332,12015,57167370
10,2975853,2026-07-31 15:30:00,2432,11474,54593292
10,2975854,2026-07-31 15:40:00,2635,12596,59931768
10,2975855,2026-07-31 15:50:00,2831,13579,64608882
10,2975856,2026-07-31 16:00:00,2761,13385,63685830
10,2975857,2026-07-31 16:10:00,2842,14187,67501746
10,2975858,2026-07-31 16:20:00,3204,18073,85991334
10,2975859,2026-07-31 16:30:00,3260,16861,80224638
10,2975860,2026-07-31 16:40:00,3355,16913,80472054
10,2975861,2026-07-31 16:50:00,3414,17729,84354582
10,2975862,2026-07-31 17:00:00,3433,17757,84487806
10,2975863,2026-07-31 17:10:00,3449,17913,85230054
10,2975864,2026-07-31 17:20:00,3550,18665,88808070
10,2975865,2026-07-31 17:30:00,3694,19928,94817424
10,2975866,2026-07-31 17:40:00,3730,20151,95878458
10,2975867,2026-07-31 17:50:00,3817,19901,94688958
10,2975868,2026-07-31 18:00:00,3861,20366,96901428
10,2975869,2026-07-31 18:10:00,3990,20856,99232848
10,2975870,2026-07-31 18:20:00,3979,20974,99794292
10,2975871,2026-07-31 18:30:00,4032,21423,101930634
10,2975872,2026-07-31 18:40:00,4102,21928,104333424
10,2975873,2026-07-31 18:50:00,4102,22312,106160496
10,2975874,2026-07-31 19:00:00,4168,22530,107197740
10,2975875,2026-07-31 19:10:00,4172,22621,107630718
10,2975876,2026-07-31 19:20:00,4142,22513,107116854
10,2975877,2026-07-31 19:30:00,4152,22719,108097002
10,2975878,2026-07-31 19:40:00,4151,22727,108135066
10,2975879,2026-07-31 19:50:00,4132,22769,108334902
10,2975880,2026-07-31 20:00:00,4127,23019,109524402
10,2975881,2026-07-31 20:10:00,4135,22703,108020874
10,2975882,2026-07-31 20:20:00,4052,22417,106660086
10,2975883,2026-07-31 20:30:00,4034,22457,106850406
10,2975884,2026-07-31 20:40:00,2432,13397,63742926
10,2975885,2026-07-31 20:50:00,4101,25137,119601846
10,2975886,2026-07-31 21:00:00,4053,26538,126267804
10,2975887,2026-07-31 21:10:00,4027,24296,115600368
10,2975888,2026-07-31 21:20:00,3896,21724,103362792
10,2975889,2026-07-31 21:30:00,3898,21455,102082890
10,2975890,2026-07-31 21:40:00,3859,21116,100469928
10,2975891,2026-07-31 21:50:00,3776,20667,98333586
10,2975892,2026-07-31 22:00:00,3755,20918,99527844
10,2975893,2026-07-31 22:10:00,3715,20404,97082232
10,2975894,2026-07-31 22:20:00,3668,20483,97458114
10,2975895,2026-07-31 22:30:00,3615,19834,94370172
10,2975896,2026-07-31 22:40:00,3591,19831,94355898
10,2975897,2026-07-31 22:50:00,3506,19376,92191008
10,2975898,2026-07-31 23:00:00,3446,18706,89003148
10,2975899,2026-07-31 23:10:00,3332,18107,86153106
10,2975900,2026-07-31 23:20:00,3223,17791,84649578
10,2975901,2026-07-31 23:30:00,3155,17351,82556058
10,2975902,2026-07-31 23:40:00,3005,16334,77717172
10,2975903,2026-07-31 23:50:00,2887,15498,73739484
15,1983264,2026-07-25 00:00:00,2712,20506,97567548
15,1983265,2026-07-25 00:15:00,2472,18905,89949990
15,1983266,2026-07-25 00:30:00,2269,16764,79763112
15,1983267,2026-07-25 00:45:00,2013,14538,69171804
15,1983268,2026-07-25 01:00:00,1808,12790,60854820
15,1983269,2026-07-25 01:15:00,1633,11559,54997722
15,1983270,2026-07-25 01:30:00,1452,10267,48850386
15,1983271,2026-07-25 01:45:00,1287,8650,41156700
15,1983272,2026-07-25 02:00:00,1136,7752,36884016
15,1983273,2026-07-25 02:15:00,996,6535,31093530
15,1983274,2026-07-25 02:30:00,886,6069,28876302
15,1983275,2026-07-25 02:45:00,786,5207,24774906
15,1983276,2026-07-25 03:00:00,667,4339,20644962
15,1983277,2026-07-25 03:15:00,564,3547,16876626
15,1983278,2026-07-25 03:30:00,458,2755,13108290
15,1983279,2026-07-25 03:45:00,381,2159,10272522
15,1983280,2026-07-25 04:00:00,323,1683,8007714
15,1983281,2026-07-25 04:15:00,256,1257,5980806
15,1983282,2026-07-25 04:30:00,220,982,4672356
15,1983283,2026-07-25 04:45:00,182,934,4443972
15,1983284,2026-07-25 05:00:00,164,610,2902380
15,1983285,2026-07-25 05:15:00,143,544,2588352
15,1983286,2026-07-25 05:30:00,134,520,2474160
15,1983287,2026-07-25 05:45:00,138,482,2293356
15,1983288,2026-07-25 06:00:00,144,618,2940444
15,1983289,2026-07-25 06:15:00,134,524,2493192
15,1983290,2026-07-25 06:30:00,133,481,2288598
15,1983291,2026-07-25 06:45:00,129,520,2474160
15,1983292,2026-07-25 07:00:00,135,541,2574078
15,1983293,2026-07-25 07:15:00,117,484,2302872
15,1983294,2026-07-25 07:30:00,119,435,2069730
15,1983295,2026-07-25 07:45:00,124,411,1955538
15,1983296,2026-07-25 08:00:00,112,406,1931748
15,1983297,2026-07-25 08:15:00,93,386,1836588
15,1983298,2026-07-25 08:30:00,100,388,1846104
15,1983299,2026-07-25 08:45:00,107,424,2017392
15,1983300,2026-07-25 09:00:00,105,400,1903200
15,1983301,2026-07-25 09:15:00,115,465,2212470
15,1983302,2026-07-25 09:30:00,126,477,2269566
15,1983303,2026-07-25 09:45:00,141,494,2350452
15,1983304,2026-07-25 10:00:00,139,552,2626416
15,1983305,2026-07-25 10:15:00,154,561,2669238
15,1983306,2026-07-25 10:30:00,154,547,2602626
15,1983307,2026-07-25 10:45:00,169,675,3211650
15,1983308,2026-07-25 11:00:00,178,734,3492372
15,1983309,2026-07-25 11:15:00,196,741,3525678
15,1983310,2026-07-25 11:30:00,204,787,3744546
15,1983311,2026-07-25 11:45:00,210,915,4353570
15,1983312,2026-07-25 12:00:00,240,1051,5000658
15,1983313,2026-07-25 12:15:00,238,1038,4938804
15,1983314,2026-07-25 12:30:00,274,1299,6180642
15,1983315,2026-07-25 12:45:00,298,1489,7084662
15,1983316,2026-07-25 13:00:00,309,1472,7003776
15,1983317,2026-07-25 13:15:00,332,1924,9154392
15,1983318,2026-07-25 13:30:00,434,2021,9615918
15,1983319,2026-07-25 13:45:00,571,2335,11109930
15,1983320,2026-07-25 14:00:00,692,3395,16153410
15,1983321,2026-07-25 14:15:00,902,4640,22077120
15,1983322,2026-07-25 14:30:00,1090,5982,28462356
15,1983323,2026-07-25 14:45:00,1419,8624,41032992
15,1983324,2026-07-25 15:00:00,1631,10591,50391978
15,1983325,2026-07-25 15:15:00,1927,12276,58409208
15,1983326,2026-07-25 15:30:00,2099,13531,64380498
15,1983327,2026-07-25 15:45:00,2448,18594,88470252
15,1983328,2026-07-25 16:00:00,2581,19699,93727842
15,1983329,2026-07-25 16:15:00,2704,20545,97753110
15,1983330,2026-07-25 16:30:00,2851,21453,102073374
15,1983331,2026-07-25 16:45:00,2952,21551,102539658
15,1983332,2026-07-25 17:00:00,3136,26421,125711118
15,1983333,2026-07-25 17:15:00,3166,24727,117651066
15,1983334,2026-07-25 17:30:00,3242,25211,119953938
15,1983335,2026-07-25 17:45:00,3331,24923,118583634
15,1983336,2026-07-25 18:00:00,3506,29325,139528350
15,1983337,2026-07-25 18:15:00,3541,27881,132657798
15,1983338,2026-07-25 18:30:00,3595,28559,135883722
15,1983339,2026-07-25 18:45:00,3613,28508,135641064
15,1983340,2026-07-25 19:00:00,3658,29943,142468794
15,1983341,2026-07-25 19:15:00,3684,30298,144157884
15,1983342,2026-07-25 19:30:00,3656,29887,142202346
15,1983343,2026-07-25 19:45:00,3686,29793,141755094
15,1983344,2026-07-25 20:00:00,3661,29420,139980360
15,1983345,2026-07-25 20:15:00,3678,30846,146765268
15,1983346,2026-07-25 20:30:00,3622,29623,140946234
15,1983347,2026-07-25 20:45:00,3622,29620,140931960
15,1983348,2026-07-25 21:00:00,3604,29433,140042214
15,1983349,2026-07-25 21:15:00,3546,28644,136288152
15,1983350,2026-07-25 21:30:00,3481,28363,134951154
15,1983351,2026-07-25 21:45:00,3426,27829,132410382
15,1983352,2026-07-25 22:00:00,3435,27691,131753778
15,1983353,2026-07-25 22:15:00,3328,26756,127305048
15,1983354,2026-07-25 22:30:00,3241,25521,121428918
15,1983355,2026-07-25 22:45:00,3128,24834,118160172
15,1983356,2026-07-25 23:00:00,3010,23967,114034986
15,1983357,2026-07-25 23:15:00,2902,22901,108962958
15,1983358,2026-07-25 23:30:00,2757,21723,103358034
15,1983359,2026-07-25 23:45:00,2568,19996,95140968
15,1983360,2026-07-26 00:00:00,2334,18027,85772466
15,1983361,2026-07-26 00:15:00,2157,16473,78378534
15,1983362,2026-07-26 00:30:00,1928,14332,68191656
15,1983363,2026-07-26 00:45:00,1723,12632,60103056
15,1983364,2026-07-26 01:00:00,1533,11207,53322906
15,1983365,2026-07-26 01:15:00,1383,9988,47522904
15,1983366,2026-07-26 01:30:00,1223,8807,41903706
15,1983367,2026-07-26 01:45:00,1074,7379,35109282
15,1983368,2026-07-26 02:00:00,944,6540,31117320
15,1983369,2026-07-26 02:15:00,833,5662,26939796
15,1983370,2026-07-26 02:30:00,741,5047,24013626
15,1983371,2026-07-26 02:45:00,636,4248,20211984
15,1983372,2026-07-26 03:00:00,535,3503,16667274
15,1983373,2026-07-26 03:15:00,449,2699,12841842
15,1983374,2026-07-26 03:30:00,367,2020,9611160
15,1983375,2026-07-26 03:45:00,289,1536,7308288
15,1983376,2026-07-26 04:00:00,238,1186,5642988
15,1983377,2026-07-26 04:15:00,213,958,4558164
15,1983378,2026-07-26 04:30:00,181,809,3849222
15,1983379,2026-07-26 04:45:00,167,705,3354390
15,1983380,2026-07-26 05:00:00,153,703,3344874
15,1983381,2026-07-26 05:15:00,136,605,2878590
15,1983382,2026-07-26 05:30:00,128,506,2407548
15,1983383,2026-07-26 05:45:00,123,416,1979328
15,1983384,2026-07-26 06:00:00,130,668,3178344
15,1983385,2026-07-26 06:15:00,119,409,1946022
15,1983386,2026-07-26 06:30:00,120,656,3121248
15,1983387,2026-07-26 06:45:00,115,412,1960296
15,1983388,2026-07-26 07:00:00,111,444,2112552
15,1983389,2026-07-26 07:15:00,107,403,1917474
15,1983390,2026-07-26 07:30:00,104,515,2450370
15,1983391,2026-07-26 07:45:00,117,528,2512224
15,1983392,2026-07-26 08:00:00,112,426,2026908
15,1983393,2026-07-26 08:15:00,114,413,1965054
15,1983394,2026-07-26 08:30:00,117,542,2578836
15,1983395,2026-07-26 08:45:00,107,450,2141100
15,1983396,2026-07-26 09:00:00,119,413,1965054
15,1983397,2026-07-26 09:15:00,113,393,1869894
15,1983398,2026-07-26 09:30:00,111,489,2326662
15,1983399,2026-07-26 09:45:00,106,441,2098278
15,1983400,2026-07-26 10:00:00,109,375,1784250
15,1983401,2026-07-26 10:15:00,107,378,1798524
15,1983402,2026-07-26 10:30:00,116,376,1789008
15,1983403,2026-07-26 10:45:00,109,379,1803282
15,1983404,2026-07-26 11:00:00,122,437,2079246
15,1983405,2026-07-26 11:15:00,137,565,2688270
15,1983406,2026-07-26 11:30:00,140,501,2383758
15,1983407,2026-07-26 11:45:00,151,592,2816736
15,1983408,2026-07-26 12:00:00,163,733,3487614
15,1983409,2026-07-26 12:15:00,168,807,3839706
15,1983410,2026-07-26 12:30:00,189,822,3911076
15,1983411,2026-07-26 12:45:00,196,918,4367844
15,1983412,2026-07-26 13:00:00,197,964,4586712
15,1983413,2026-07-26 13:15:00,234,1191,5666778
15,1983414,2026-07-26 13:30:00,323,1460,6946680
15,1983415,2026-07-26 13:45:00,435,2043,9720594
15,1983416,2026-07-26 14:00:00,552,2305,10967190
15,1983417,2026-07-26 14:15:00,759,3783,17999514
15,1983418,2026-07-26 14:30:00,925,4867,23157186
15,1983419,2026-07-26 14:45:00,1266,8344,39700752
15,1983420,2026-07-26 15:00:00,1465,8759,41675322
15,1983421,2026-07-26 15:15:00,1703,11286,53698788
15,1983422,2026-07-26 15:30:00,1923,11678,55563924
15,1983423,2026-07-26 15:45:00,2228,18272,86938176
15,1983424,2026-07-26 16:00:00,2308,17275,82194450
15,1983425,2026-07-26 16:15:00,2493,18944,90135552
15,1983426,2026-07-26 16:30:00,2615,20117,95716686
15,1983427,2026-07-26 16:45:00,2769,23272,110728176
15,1983428,2026-07-26 17:00:00,2857,22114,105218412
15,1983429,2026-07-26 17:15:00,2950,22121,105251718
15,1983430,2026-07-26 17:30:00,3045,24028,114325224
15,1983431,2026-07-26 17:45:00,3171,25095,119402010
15,1983432,2026-07-26 18:00:00,3314,27740,131986920
15,1983433,2026-07-26 18:15:00,3358,24865,118307670
15,1983434,2026-07-26 18:30:00,3412,26527,126215466
15,1983435,2026-07-26 18:45:00,3419,24775,117879450
15,1983436,2026-07-26 19:00:00,3587,33742,160544436
15,1983437,2026-07-26 19:15:00,3527,29396,139866168
15,1983438,2026-07-26 19:30:00,3512,29171,138795618
15,1983439,2026-07-26 19:45:00,3514,27821,132372318
15,1983440,2026-07-26 20:00:00,3529,29678,141207924
15,1983441,2026-07-26 20:15:00,3498,29428,140018424
15,1983442,2026-07-26 20:30:00,3450,28785,136959030
15,1983443,2026-07-26 20:45:00,3472,27860,132557880
15,1983444,2026-07-26 21:00:00,3452,27966,133062228
15,1983445,2026-07-26 21:15:00,3414,28666,136392828
15,1983446,2026-07-26 21:30:00,3399,27335,130059930
15,1983447,2026-07-26 21:45:00,3367,26925,128109150
15,1983448,2026-07-26 22:00:00,3299,27016,128542128
15,1983449,2026-07-26 22:15:00,3226,25844,122965752
15,1983450,2026-07-26 22:30:00,3137,24895,118450410
15,1983451,2026-07-26 22:45:00,3025,23980,114096840
15,1983452,2026-07-26 23:00:00,2888,22857,108753606
15,1983453,2026-07-26 23:15:00,2769,21765,103557870
15,1983454,2026-07-26 23:30:00,2586,20001,95164758
15,1983455,2026-07-26 23:45:00,2425,18561,88313238
15,1983456,2026-07-27 00:00:00,2206,16741,79653678
15,1983457,2026-07-27 00:15:00,2029,15327,72925866
15,1983458,2026-07-27 00:30:00,1825,13511,64285338
15,1983459,2026-07-27 00:45:00,1668,11967,56938986
15,1983460,2026-07-27 01:00:00,1468,10721,51010518
15,1983461,2026-07-27 01:15:00,1336,9278,44144724
15,1983462,2026-07-27 01:30:00,1196,8215,39086970
15,1983463,2026-07-27 01:45:00,1062,7093,33748494
15,1983464,2026-07-27 02:00:00,935,6286,29908788
15,1983465,2026-07-27 02:15:00,832,5502,26178516
15,1983466,2026-07-27 02:30:00,735,4891,23271378
15,1983467,2026-07-27 02:45:00,613,3863,18380154
15,1983468,2026-07-27 03:00:00,538,3308,15739464
15,1983469,2026-07-27 03:15:00,443,2532,12047256
15,1983470,2026-07-27 03:30:00,361,2030,9658740
15,1983471,2026-07-27 03:45:00,302,1447,6884826
15,1983472,2026-07-27 04:00:00,243,1102,5243316
15,1983473,2026-07-27 04:15:00,213,901,4286958
15,1983474,2026-07-27 04:30:00,190,747,3554226
15,1983475,2026-07-27 04:45:00,181,705,3354390
15,1983476,2026-07-27 05:00:00,164,496,2359968
15,1983477,2026-07-27 05:15:00,155,539,2564562
15,1983478,2026-07-27 05:30:00,134,422,2007876
15,1983479,2026-07-27 05:45:00,134,486,2312388
15,1983480,2026-07-27 06:00:00,142,460,2188680
15,1983481,2026-07-27 06:15:00,144,454,2160132
15,1983482,2026-07-27 06:30:00,137,480,2283840
15,1983483,2026-07-27 06:45:00,140,482,2293356
15,1983484,2026-07-27 07:00:00,141,482,2293356
15,1983485,2026-07-27 07:15:00,143,508,2417064
15,1983486,2026-07-27 07:30:00,152,487,2317146
15,1983487,2026-07-27 07:45:00,154,490,2331420
15,1983488,2026-07-27 08:00:00,157,496,2359968
15,1983489,2026-07-27 08:15:00,152,479,2279082
15,1983490,2026-07-27 08:30:00,161,525,2497950
15,1983491,2026-07-27 08:45:00,170,703,3344874
15,1983492,2026-07-27 09:00:00,191,753,3582774
15,1983493,2026-07-27 09:15:00,210,709,3373422
15,1983494,2026-07-27 09:30:00,232,863,4106154
15,1983495,2026-07-27 09:45:00,258,933,4439214
15,1983496,2026-07-27 10:00:00,297,1147,5457426
15,1983497,2026-07-27 10:15:00,321,1253,5961774
15,1983498,2026-07-27 10:30:00,346,1292,6147336
15,1983499,2026-07-27 10:45:00,350,1417,6742086
15,1983500,2026-07-27 11:00:00,391,1429,6799182
15,1983501,2026-07-27 11:15:00,481,1988,9458904
15,1983502,2026-07-27 11:30:00,532,2274,10819692
15,1983503,2026-07-27 11:45:00,562,2513,11956854
15,1983504,2026-07-27 12:00:00,586,2512,11952096
15,1983505,2026-07-27 12:15:00,599,2755,13108290
15,1983506,2026-07-27 12:30:00,627,2966,14112228
15,1983507,2026-07-27 12:45:00,636,3005,14297790
15,1983508,2026-07-27 13:00:00,675,3127,14878266
15,1983509,2026-07-27 13:15:00,692,3345,15915510
15,1983510,2026-07-27 13:30:00,824,3623,17238234
15,1983511,2026-07-27 13:45:00,954,4370,20792460
15,1983512,2026-07-27 14:00:00,1038,4410,20982780
15,1983513,2026-07-27 14:15:00,1260,5683,27039714
15,1983514,2026-07-27 14:30:00,1534,8517,40523886
15,1983515,2026-07-27 14:45:00,1808,9852,46875816
15,1983516,2026-07-27 15:00:00,1996,11466,54555228
15,1983517,2026-07-27 15:15:00,2374,15471,73611018
15,1983518,2026-07-27 15:30:00,2607,17118,81447444
15,1983519,2026-07-27 15:45:00,2815,18870,89783460
15,1983520,2026-07-27 16:00:00,2962,19675,93613650
15,1983521,2026-07-27 16:15:00,3132,22144,105361152
15,1983522,2026-07-27 16:30:00,3331,24241,115338678
15,1983523,2026-07-27 16:45:00,3458,24769,117850902
15,1983524,2026-07-27 17:00:00,3517,25740,122470920
15,1983525,2026-07-27 17:15:00,3647,25087,119363946
15,1983526,2026-07-27 17:30:00,3772,29094,138429252
15,1983527,2026-07-27 17:45:00,3858,28309,134694222
15,1983528,2026-07-27 18:00:00,3977,28764,136859112
15,1983529,2026-07-27 18:15:00,4050,28916,137582328
15,1983530,2026-07-27 18:30:00,4175,32621,155210718
15,1983531,2026-07-27 18:45:00,4162,32179,153107682
15,1983532,2026-07-27 19:00:00,4177,32296,153664368
15,1983533,2026-07-27 19:15:00,4191,32622,155215476
15,1983534,2026-07-27 19:30:00,4227,33305,158465190
15,1983535,2026-07-27 19:45:00,4236,33224,158079792
15,1983536,2026-07-27 20:00:00,4207,33198,157956084
15,1983537,2026-07-27 20:15:00,4045,31078,147869124
15,1983538,2026-07-27 20:30:00,3512,27294,129864852
15,1983539,2026-07-27 20:45:00,3176,25092,119387736
15,1983540,2026-07-27 21:00:00,2897,22662,107825796
15,1983541,2026-07-27 21:15:00,2626,20524,97653192
15,1983542,2026-07-27 21:30:00,2393,18856,89716848
15,1983543,2026-07-27 21:45:00,2191,17316,82389528
15,1983544,2026-07-27 22:00:00,2020,15886,75585588
15,1983545,2026-07-27 22:15:00,1825,13666,65022828
15,1983546,2026-07-27 22:30:00,1707,13491,64190178
15,1983547,2026-07-27 22:45:00,1586,12953,61630374
15,1983548,2026-07-27 23:00:00,1423,11238,53470404
15,1983549,2026-07-27 23:15:00,1370,12359,58804122
15,1983550,2026-07-27 23:30:00,1252,11265,53598870
15,1983551,2026-07-27 23:45:00,1114,9267,44092386
15,1983552,2026-07-28 00:00:00,1216,24185,115072230
15,1983553,2026-07-28 00:15:00,1111,25362,120672396
15,1983554,2026-07-28 00:30:00,1829,36417,173272086
15,1983555,2026-07-28 00:45:00,1869,36143,171968394
15,1983556,2026-07-28 01:00:00,1956,39290,186941820
15,1983557,2026-07-28 01:15:00,1854,33302,158450916
15,1983558,2026-07-28 01:30:00,1482,14128,67221024
15,1983559,2026-07-28 01:45:00,1329,10466,49797228
15,1983560,2026-07-28 02:00:00,1201,8345,39705510
15,1983561,2026-07-28 02:15:00,1053,7265,34566870
15,1983562,2026-07-28 02:30:00,922,6575,31283850
15,1983563,2026-07-28 02:45:00,827,5492,26130936
15,1983564,2026-07-28 03:00:00,701,4721,22462518
15,1983565,2026-07-28 03:15:00,616,4381,20844798
15,1983566,2026-07-28 03:30:00,560,3651,17371458
15,1983567,2026-07-28 03:45:00,442,2885,13726830
15,1983568,2026-07-28 04:00:00,389,2621,12470718
15,1983569,2026-07-28 04:15:00,332,2275,10824450
15,1983570,2026-07-28 04:30:00,300,2338,11124204
15,1983571,2026-07-28 04:45:00,253,1801,8569158
15,1983572,2026-07-28 05:00:00,245,2367,11262186
15,1983573,2026-07-28 05:15:00,241,3442,16377036
15,1983574,2026-07-28 05:30:00,237,3564,16957512
15,1983575,2026-07-28 05:45:00,247,3628,17262024
15,1983576,2026-07-28 06:00:00,224,2746,13065468
15,1983577,2026-07-28 06:15:00,207,2062,9810996
15,1983578,2026-07-28 06:30:00,192,1020,4853160
15,1983579,2026-07-28 06:45:00,172,1204,5728632
15,1983580,2026-07-28 07:00:00,193,1354,6442332
15,1983581,2026-07-28 07:15:00,185,788,3749304
15,1983582,2026-07-28 07:30:00,183,1012,4815096
15,1983583,2026-07-28 07:45:00,185,1018,4843644
15,1983584,2026-07-28 08:00:00,184,1197,5695326
15,1983585,2026-07-28 08:15:00,180,835,3972930
15,1983586,2026-07-28 08:30:00,179,777,3696966
15,1983587,2026-07-28 08:45:00,192,999,4753242
15,1983588,2026-07-28 09:00:00,194,858,4082364
15,1983589,2026-07-28 09:15:00,212,876,4168008
15,1983590,2026-07-28 09:30:00,254,1194,5681052
15,1983591,2026-07-28 09:45:00,295,1450,6899100
15,1983592,2026-07-28 10:00:00,311,1510,7184580
15,1983593,2026-07-28 10:15:00,360,1829,8702382
15,1983594,2026-07-28 10:30:00,385,1860,8849880
15,1983595,2026-07-28 10:45:00,426,2262,10762596
15,1983596,2026-07-28 11:00:00,464,2486,11828388
15,1983597,2026-07-28 11:15:00,481,2377,11309766
15,1983598,2026-07-28 11:30:00,579,3670,17461860
15,1983599,2026-07-28 11:45:00,622,3890,18508620
15,1983600,2026-07-28 12:00:00,652,4605,21910590
15,1983601,2026-07-28 12:15:00,687,3966,18870228
15,1983602,2026-07-28 12:30:00,734,5072,24132576
15,1983603,2026-07-28 12:45:00,707,4284,20383272
15,1983604,2026-07-28 13:00:00,749,4499,21406242
15,1983605,2026-07-28 13:15:00,754,4818,22924044
15,1983606,2026-07-28 13:30:00,888,5362,25512396
15,1983607,2026-07-28 13:45:00,1092,7824,37226592
15,1983608,2026-07-28 14:00:00,1156,7863,37412154
15,1983609,2026-07-28 14:15:00,1426,9168,43621344
15,1983610,2026-07-28 14:30:00,1613,11347,53989026
15,1983611,2026-07-28 14:45:00,1840,13142,62529636
15,1983612,2026-07-28 15:00:00,2261,18846,89669268
15,1983613,2026-07-28 15:15:00,2471,17487,83203146
15,1983614,2026-07-28 15:30:00,2736,20214,96178212
15,1983615,2026-07-28 15:45:00,2931,21432,101973456
15,1983616,2026-07-28 16:00:00,3096,21290,101297820
15,1983617,2026-07-28 16:15:00,3328,26560,126372480
15,1983618,2026-07-28 16:30:00,3443,25552,121576416
15,1983619,2026-07-28 16:45:00,3561,26776,127400208
15,1983620,2026-07-28 17:00:00,3654,25336,120548688
15,1983621,2026-07-28 17:15:00,3822,29965,142573470
15,1983622,2026-07-28 17:30:00,3896,28613,136140654
15,1983623,2026-07-28 17:45:00,3987,29810,141835980
15,1983624,2026-07-28 18:00:00,4085,30274,144043692
15,1983625,2026-07-28 18:15:00,4191,32078,152627124
15,1983626,2026-07-28 18:30:00,4282,32225,153326550
15,1983627,2026-07-28 18:45:00,4296,33593,159835494
15,1983628,2026-07-28 19:00:00,4327,32857,156333606
15,1983629,2026-07-28 19:15:00,4344,34373,163546734
15,1983630,2026-07-28 19:30:00,4323,33879,161196282
15,1983631,2026-07-28 19:45:00,4312,34912,166111296
15,1983632,2026-07-28 20:00:00,4329,33759,160625322
15,1983633,2026-07-28 20:15:00,4227,33789,160768062
15,1983634,2026-07-28 20:30:00,4014,23531,111960498
15,1983635,2026-07-28 20:45:00,4193,35957,171083406
15,1983636,2026-07-28 21:00:00,4184,36588,174085704
15,1983637,2026-07-28 21:15:00,4144,36537,173843046
15,1983638,2026-07-28 21:30:00,4022,31857,151575606
15,1983639,2026-07-28 21:45:00,3975,31212,148506696
15,1983640,2026-07-28 22:00:00,3879,30646,145813668
15,1983641,2026-07-28 22:15:00,3749,29790,141740820
15,1983642,2026-07-28 22:30:00,3663,28960,137791680
15,1983643,2026-07-28 22:45:00,3561,28109,133742622
15,1983644,2026-07-28 23:00:00,3451,26874,127866492
15,1983645,2026-07-28 23:15:00,3292,25879,123132282
15,1983646,2026-07-28 23:30:00,3126,24180,115048440
15,1983647,2026-07-28 23:45:00,2890,22351,106346058
15,1983648,2026-07-29 00:00:00,2660,20051,95402658
15,1983649,2026-07-29 00:15:00,2439,18192,86557536
15,1983650,2026-07-29 00:30:00,2178,15707,74733906
15,1983651,2026-07-29 00:45:00,1902,13842,65860236
15,1983652,2026-07-29 01:00:00,1726,12248,58275984
15,1983653,2026-07-29 01:15:00,1562,10893,51828894
15,1983654,2026-07-29 01:30:00,1415,9562,45495996
15,1983655,2026-07-29 01:45:00,1271,8475,40324050
15,1983656,2026-07-29 02:00:00,1150,7769,36964902
15,1983657,2026-07-29 02:15:00,1019,6693,31845294
15,1983658,2026-07-29 02:30:00,904,6078,28919124
15,1983659,2026-07-29 02:45:00,809,5146,24484668
15,1983660,2026-07-29 03:00:00,699,4401,20939958
15,1983661,2026-07-29 03:15:00,587,3470,16510260
15,1983662,2026-07-29 03:30:00,483,2807,13355706
15,1983663,2026-07-29 03:45:00,394,2138,10172604
15,1983664,2026-07-29 04:00:00,356,1765,8397870
15,1983665,2026-07-29 04:15:00,287,1265,6018870
15,1983666,2026-07-29 04:30:00,236,959,4562922
15,1983667,2026-07-29 04:45:00,208,894,4253652
15,1983668,2026-07-29 05:00:00,193,743,3535194
15,1983669,2026-07-29 05:15:00,176,747,3554226
15,1983670,2026-07-29 05:30:00,175,592,2816736
15,1983671,2026-07-29 05:45:00,171,681,3240198
15,1983672,2026-07-29 06:00:00,179,552,2626416
15,1983673,2026-07-29 06:15:00,177,603,2869074
15,1983674,2026-07-29 06:30:00,168,515,2450370
15,1983675,2026-07-29 06:45:00,170,578,2750124
15,1983676,2026-07-29 07:00:00,168,734,3492372
15,1983677,2026-07-29 07:15:00,124,285,1356030
15,1983678,2026-07-29 07:30:00,168,625,2973750
15,1983679,2026-07-29 07:45:00,171,635,3021330
15,1983680,2026-07-29 08:00:00,152,501,2383758
15,1983681,2026-07-29 08:15:00,161,754,3587532
15,1983682,2026-07-29 08:30:00,163,551,2621658
15,1983683,2026-07-29 08:45:00,174,658,3130764
15,1983684,2026-07-29 09:00:00,209,703,3344874
15,1983685,2026-07-29 09:15:00,220,748,3558984
15,1983686,2026-07-29 09:30:00,234,870,4139460
15,1983687,2026-07-29 09:45:00,250,984,4681872
15,1983688,2026-07-29 10:00:00,286,1147,5457426
15,1983689,2026-07-29 10:15:00,324,1238,5890404
15,1983690,2026-07-29 10:30:00,356,1372,6527976
15,1983691,2026-07-29 10:45:00,391,1444,6870552
15,1983692,2026-07-29 11:00:00,426,1850,8802300
15,1983693,2026-07-29 11:15:00,491,2041,9711078
15,1983694,2026-07-29 11:30:00,527,2324,11057592
15,1983695,2026-07-29 11:45:00,589,2604,12389832
15,1983696,2026-07-29 12:00:00,639,3030,14416740
15,1983697,2026-07-29 12:15:00,660,3133,14906814
15,1983698,2026-07-29 12:30:00,686,3142,14949636
15,1983699,2026-07-29 12:45:00,702,3315,15772770
15,1983700,2026-07-29 13:00:00,746,3909,18599022
15,1983701,2026-07-29 13:15:00,747,3594,17100252
15,1983702,2026-07-29 13:30:00,841,3933,18713214
15,1983703,2026-07-29 13:45:00,1023,4722,22467276
15,1983704,2026-07-29 14:00:00,1141,5247,24965226
15,1983705,2026-07-29 14:15:00,1372,6868,32677944
15,1983706,2026-07-29 14:30:00,1497,7732,36788856
15,1983707,2026-07-29 14:45:00,1952,11779,56044482
15,1983708,2026-07-29 15:00:00,2130,13104,62348832
15,1983709,2026-07-29 15:15:00,2445,15087,71783946
15,1983710,2026-07-29 15:30:00,2725,17318,82399044
15,1983711,2026-07-29 15:45:00,2873,17889,85115862
15,1983712,2026-07-29 16:00:00,3179,24082,114582156
15,1983713,2026-07-29 16:15:00,3301,23991,114149178
15,1983714,2026-07-29 16:30:00,3440,24763,117822354
15,1983715,2026-07-29 16:45:00,3586,26078,124079124
15,1983716,2026-07-29 17:00:00,3682,25906,123260748
15,1983717,2026-07-29 17:15:00,3838,30649,145827942
15,1983718,2026-07-29 17:30:00,3915,28715,136625970
15,1983719,2026-07-29 17:45:00,4061,30830,146689140
15,1983720,2026-07-29 18:00:00,4142,29880,142169040
15,1983721,2026-07-29 18:15:00,4252,31189,148397262
15,1983722,2026-07-29 18:30:00,4378,36215,172310970
15,1983723,2026-07-29 18:45:00,4353,33963,161595954
15,1983724,2026-07-29 19:00:00,4371,33153,157741974
15,1983725,2026-07-29 19:15:00,4377,34170,162580860
15,1983726,2026-07-29 19:30:00,4408,34800,165578400
15,1983727,2026-07-29 19:45:00,4402,35344,168166752
15,1983728,2026-07-29 20:00:00,4393,34205,162747390
15,1983729,2026-07-29 20:15:00,4305,34329,163337382
15,1983730,2026-07-29 20:30:00,4302,33864,161124912
15,1983731,2026-07-29 20:45:00,4267,33920,161391360
15,1983732,2026-07-29 21:00:00,4242,33215,158036970
15,1983733,2026-07-29 21:15:00,4162,33070,157347060
15,1983734,2026-07-29 21:30:00,4094,32557,154906206
15,1983735,2026-07-29 21:45:00,4048,32203,153221874
15,1983736,2026-07-29 22:00:00,3938,31225,148568550
15,1983737,2026-07-29 22:15:00,3864,30804,146565432
15,1983738,2026-07-29 22:30:00,3794,29558,140636964
15,1983739,2026-07-29 22:45:00,3678,29318,139495044
15,1983740,2026-07-29 23:00:00,3549,27890,132700620
15,1983741,2026-07-29 23:15:00,3385,26185,124588230
15,1983742,2026-07-29 23:30:00,3169,24570,116904060
15,1983743,2026-07-29 23:45:00,2977,22893,108924894
15,1983744,2026-07-30 00:00:00,2760,20269,96439902
15,1983745,2026-07-30 00:15:00,2517,18626,88622508
15,1983746,2026-07-30 00:30:00,2235,16399,78026442
15,1983747,2026-07-30 00:45:00,2022,14448,68743584
15,1983748,2026-07-30 01:00:00,1786,12555,59736690
15,1983749,2026-07-30 01:15:00,1610,11438,54422004
15,1983750,2026-07-30 01:30:00,1444,9988,47522904
15,1983751,2026-07-30 01:45:00,1281,8750,41632500
15,1983752,2026-07-30 02:00:00,1156,7729,36774582
15,1983753,2026-07-30 02:15:00,1020,6773,32225934
15,1983754,2026-07-30 02:30:00,909,6118,29109444
15,1983755,2026-07-30 02:45:00,787,5133,24422814
15,1983756,2026-07-30 03:00:00,681,4242,20183436
15,1983757,2026-07-30 03:15:00,584,3476,16538808
15,1983758,2026-07-30 03:30:00,490,2704,12865632
15,1983759,2026-07-30 03:45:00,416,2178,10362924
15,1983760,2026-07-30 04:00:00,349,1620,7707960
15,1983761,2026-07-30 04:15:00,299,1358,6461364
15,1983762,2026-07-30 04:30:00,259,1060,5043480
15,1983763,2026-07-30 04:45:00,231,939,4467762
15,1983764,2026-07-30 05:00:00,226,837,3982446
15,1983765,2026-07-30 05:15:00,196,766,3644628
15,1983766,2026-07-30 05:30:00,178,627,2983266
15,1983767,2026-07-30 05:45:00,181,608,2892864
15,1983768,2026-07-30 06:00:00,167,646,3073668
15,1983769,2026-07-30 06:15:00,178,600,2854800
15,1983770,2026-07-30 06:30:00,187,633,3011814
15,1983771,2026-07-30 06:45:00,184,640,3045120
15,1983772,2026-07-30 07:00:00,179,665,3164070
15,1983773,2026-07-30 07:15:00,182,981,4667598
15,1983774,2026-07-30 07:30:00,165,641,3049878
15,1983775,2026-07-30 07:45:00,163,622,2959476
15,1983776,2026-07-30 08:00:00,159,614,2921412
15,1983777,2026-07-30 08:15:00,178,628,2988024
15,1983778,2026-07-30 08:30:00,189,714,3397212
15,1983779,2026-07-30 08:45:00,202,702,3340116
15,1983780,2026-07-30 09:00:00,210,734,3492372
15,1983781,2026-07-30 09:15:00,213,789,3754062
15,1983782,2026-07-30 09:30:00,245,960,4567680
15,1983783,2026-07-30 09:45:00,271,1018,4843644
15,1983784,2026-07-30 10:00:00,294,1191,5666778
15,1983785,2026-07-30 10:15:00,326,1360,6470880
15,1983786,2026-07-30 10:30:00,349,1455,6922890
15,1983787,2026-07-30 10:45:00,385,1539,7322562
15,1983788,2026-07-30 11:00:00,455,1958,9316164
15,1983789,2026-07-30 11:15:00,512,2355,11205090
15,1983790,2026-07-30 11:30:00,549,2423,11528634
15,1983791,2026-07-30 11:45:00,570,2497,11880726
15,1983792,2026-07-30 12:00:00,615,2761,13136838
15,1983793,2026-07-30 12:15:00,688,3672,17471376
15,1983794,2026-07-30 12:30:00,676,3139,14935362
15,1983795,2026-07-30 12:45:00,705,3500,16653000
15,1983796,2026-07-30 13:00:00,729,3562,16947996
15,1983797,2026-07-30 13:15:00,750,3529,16790982
15,1983798,2026-07-30 13:30:00,832,3792,18042336
15,1983799,2026-07-30 13:45:00,1014,4730,22505340
15,1983800,2026-07-30 14:00:00,1065,4824,22952592
15,1983801,2026-07-30 14:15:00,1352,7085,33710430
15,1983802,2026-07-30 14:30:00,1557,7481,35594598
15,1983803,2026-07-30 14:45:00,1997,12439,59184762
15,1983804,2026-07-30 15:00:00,2154,12575,59831850
15,1983805,2026-07-30 15:15:00,2463,15049,71603142
15,1983806,2026-07-30 15:30:00,2685,16175,76960650
15,1983807,2026-07-30 15:45:00,2970,21274,101221692
15,1983808,2026-07-30 16:00:00,3178,21484,102220872
15,1983809,2026-07-30 16:15:00,3268,23247,110609226
15,1983810,2026-07-30 16:30:00,3423,23905,113739990
15,1983811,2026-07-30 16:45:00,3560,24704,117541632
15,1983812,2026-07-30 17:00:00,3773,29237,139109646
15,1983813,2026-07-30 17:15:00,3843,28052,133471416
15,1983814,2026-07-30 17:30:00,3928,28983,137901114
15,1983815,2026-07-30 17:45:00,4004,28450,135365100
15,1983816,2026-07-30 18:00:00,4212,33191,157922778
15,1983817,2026-07-30 18:15:00,4265,32394,154130652
15,1983818,2026-07-30 18:30:00,4284,32619,155201202
15,1983819,2026-07-30 18:45:00,4267,31566,150191028
15,1983820,2026-07-30 19:00:00,4376,34246,162942468
15,1983821,2026-07-30 19:15:00,4379,36144,171973152
15,1983822,2026-07-30 19:30:00,4341,34224,162837792
15,1983823,2026-07-30 19:45:00,4401,35103,167020074
15,1983824,2026-07-30 20:00:00,4352,34010,161819580
15,1983825,2026-07-30 20:15:00,4293,34438,163856004
15,1983826,2026-07-30 20:30:00,4229,33729,160482582
15,1983827,2026-07-30 20:45:00,4264,34213,162785454
15,1983828,2026-07-30 21:00:00,4213,33319,158531802
15,1983829,2026-07-30 21:15:00,4162,33379,158817282
15,1983830,2026-07-30 21:30:00,4134,32405,154182990
15,1983831,2026-07-30 21:45:00,4045,32199,153202842
15,1983832,2026-07-30 22:00:00,3959,31091,147930978
15,1983833,2026-07-30 22:15:00,3869,31215,148520970
15,1983834,2026-07-30 22:30:00,3837,29922,142368876
15,1983835,2026-07-30 22:45:00,3707,29610,140884380
15,1983836,2026-07-30 23:00:00,3579,28342,134851236
15,1983837,2026-07-30 23:15:00,3461,26792,127476336
15,1983838,2026-07-30 23:30:00,3283,25566,121643028
15,1983839,2026-07-30 23:45:00,3058,23653,112540974
15,1983840,2026-07-31 00:00:00,2837,21347,101569026
15,1983841,2026-07-31 00:15:00,2621,19666,93570828
15,1983842,2026-07-31 00:30:00,2400,17704,84235632
15,1983843,2026-07-31 00:45:00,2171,15639,74410362
15,1983844,2026-07-31 01:00:00,1934,13673,65056134
15,1983845,2026-07-31 01:15:00,1703,11661,55483038
15,1983846,2026-07-31 01:30:00,1512,10541,50154078
15,1983847,2026-07-31 01:45:00,1348,9175,43654650
15,1983848,2026-07-31 02:00:00,1193,8063,38363754
15,1983849,2026-07-31 02:15:00,1083,7191,34214778
15,1983850,2026-07-31 02:30:00,959,6135,29190330
15,1983851,2026-07-31 02:45:00,812,5318,25303044
15,1983852,2026-07-31 03:00:00,701,4472,21277776
15,1983853,2026-07-31 03:15:00,578,3449,16410342
15,1983854,2026-07-31 03:30:00,454,2570,12228060
15,1983855,2026-07-31 03:45:00,404,1976,9401808
15,1983856,2026-07-31 04:00:00,316,1572,7479576
15,1983857,2026-07-31 04:15:00,280,1160,5519280
15,1983858,2026-07-31 04:30:00,253,1052,5005416
15,1983859,2026-07-31 04:45:00,213,850,4044300
15,1983860,2026-07-31 05:00:00,206,809,3849222
15,1983861,2026-07-31 05:15:00,189,705,3354390
15,1983862,2026-07-31 05:30:00,197,679,3230682
15,1983863,2026-07-31 05:45:00,184,874,4158492
15,1983864,2026-07-31 06:00:00,171,592,2816736
15,1983865,2026-07-31 06:15:00,175,551,2621658
15,1983866,2026-07-31 06:30:00,174,559,2659722
15,1983867,2026-07-31 06:45:00,164,575,2735850
15,1983868,2026-07-31 07:00:00,174,577,2745366
15,1983869,2026-07-31 07:15:00,158,527,2507466
15,1983870,2026-07-31 07:30:00,163,661,3145038
15,1983871,2026-07-31 07:45:00,168,586,2788188
15,1983872,2026-07-31 08:00:00,167,632,3007056
15,1983873,2026-07-31 08:15:00,173,624,2968992
15,1983874,2026-07-31 08:30:00,178,660,3140280
15,1983875,2026-07-31 08:45:00,194,726,3454308
15,1983876,2026-07-31 09:00:00,194,746,3549468
15,1983877,2026-07-31 09:15:00,222,789,3754062
15,1983878,2026-07-31 09:30:00,250,939,4467762
15,1983879,2026-07-31 09:45:00,263,1018,4843644
15,1983880,2026-07-31 10:00:00,277,1135,5400330
15,1983881,2026-07-31 10:15:00,313,1245,5923710
15,1983882,2026-07-31 10:30:00,358,1486,7070388
15,1983883,2026-07-31 10:45:00,364,1497,7122726
15,1983884,2026-07-31 11:00:00,414,1832,8716656
15,1983885,2026-07-31 11:15:00,463,1850,8802300
15,1983886,2026-07-31 11:30:00,505,2167,10310586
15,1983887,2026-07-31 11:45:00,544,2336,11114688
15,1983888,2026-07-31 12:00:00,566,2389,11366862
15,1983889,2026-07-31 12:15:00,605,2695,12822810
15,1983890,2026-07-31 12:30:00,661,3291,15658578
15,1983891,2026-07-31 12:45:00,672,3187,15163746
15,1983892,2026-07-31 13:00:00,673,3107,14783106
15,1983893,2026-07-31 13:15:00,687,3373,16048734
15,1983894,2026-07-31 13:30:00,831,4152,19755216
15,1983895,2026-07-31 13:45:00,1003,4488,21353904
15,1983896,2026-07-31 14:00:00,1066,4520,21506160
15,1983897,2026-07-31 14:15:00,1316,6078,28919124
15,1983898,2026-07-31 14:30:00,1657,9540,45391320
15,1983899,2026-07-31 14:45:00,1929,10742,51110436
15,1983900,2026-07-31 15:00:00,2073,11333,53922414
15,1983901,2026-07-31 15:15:00,2511,16756,79725048
15,1983902,2026-07-31 15:30:00,2722,17778,84587724
15,1983903,2026-07-31 15:45:00,3014,19871,94546218
15,1983904,2026-07-31 16:00:00,3110,20047,95383626
15,1983905,2026-07-31 16:15:00,3357,25598,121795284
15,1983906,2026-07-31 16:30:00,3480,25662,122099796
15,1983907,2026-07-31 16:45:00,3595,25841,122951478
15,1983908,2026-07-31 17:00:00,3668,27074,128818092
15,1983909,2026-07-31 17:15:00,3804,27261,129707838
15,1983910,2026-07-31 17:30:00,3917,30632,145747056
15,1983911,2026-07-31 17:45:00,3997,29348,139637784
15,1983912,2026-07-31 18:00:00,4089,30913,147084054
15,1983913,2026-07-31 18:15:00,4193,31283,148844514
15,1983914,2026-07-31 18:30:00,4255,32369,154011702
15,1983915,2026-07-31 18:45:00,4306,33294,158412852
15,1983916,2026-07-31 19:00:00,4353,33955,161557890
15,1983917,2026-07-31 19:15:00,4350,33709,160387422
15,1983918,2026-07-31 19:30:00,4347,34169,162576102
15,1983919,2026-07-31 19:45:00,4326,34046,161990868
15,1983920,2026-07-31 20:00:00,4294,34476,164036808
15,1983921,2026-07-31 20:15:00,4251,33663,160168554
15,1983922,2026-07-31 20:30:00,4056,23547,112036626
15,1983923,2026-07-31 20:45:00,4252,37444,178158552
15,1983924,2026-07-31 21:00:00,4233,40001,190324758
15,1983925,2026-07-31 21:15:00,4067,32557,154906206
15,1983926,2026-07-31 21:30:00,4036,32314,153750012
15,1983927,2026-07-31 21:45:00,3982,30924,147136392
15,1983928,2026-07-31 22:00:00,3914,31258,148725564
15,1983929,2026-07-31 22:15:00,3847,30547,145342626
15,1983930,2026-07-31 22:30:00,3758,29757,141583806
15,1983931,2026-07-31 22:45:00,3670,29284,139333272
15,1983932,2026-07-31 23:00:00,3546,27875,132629250
15,1983933,2026-07-31 23:15:00,3391,26729,127176582
15,1983934,2026-07-31 23:30:00,3237,25646,122023668
15,1983935,2026-07-31 23:45:00,3046,23537,111989046
30,991632,2026-07-25 00:00:00,2862,39411,187517538
30,991633,2026-07-25 00:30:00,2390,31302,148934916
30,991634,2026-07-25 01:00:00,1908,24349,115852542
30,991635,2026-07-25 01:30:00,1535,18917,90007086
30,991636,2026-07-25 02:00:00,1207,14287,67977546
30,991637,2026-07-25 02:30:00,950,11276,53651208
30,991638,2026-07-25 03:00:00,721,7886,37521588
30,991639,2026-07-25 03:30:00,502,4914,23380812
30,991640,2026-07-25 04:00:00,352,2940,13988520
30,991641,2026-07-25 04:30:00,255,1916,9116328
30,991642,2026-07-25 05:00:00,194,1154,5490732
30,991643,2026-07-25 05:30:00,171,1002,4767516
30,991644,2026-07-25 06:00:00,169,1142,5433636
30,991645,2026-07-25 06:30:00,160,1001,4762758
30,991646,2026-07-25 07:00:00,159,1025,4876950
30,991647,2026-07-25 07:30:00,147,846,4025268
30,991648,2026-07-25 08:00:00,124,792,3768336
30,991649,2026-07-25 08:30:00,129,812,3863496
30,991650,2026-07-25 09:00:00,136,865,4115670
30,991651,2026-07-25 09:30:00,170,971,4620018
30,991652,2026-07-25 10:00:00,175,1113,5295654
30,991653,2026-07-25 10:30:00,202,1222,5814276
30,991654,2026-07-25 11:00:00,233,1475,7018050
30,991655,2026-07-25 11:30:00,256,1702,8098116
30,991656,2026-07-25 12:00:00,298,2089,9939462
30,991657,2026-07-25 12:30:00,353,2788,13265304
30,991658,2026-07-25 13:00:00,397,3396,16158168
30,991659,2026-07-25 13:30:00,677,4356,20725848
30,991660,2026-07-25 14:00:00,1072,8035,38230530
30,991661,2026-07-25 14:30:00,1614,14606,69495348
30,991662,2026-07-25 15:00:00,2177,22867,108801186
30,991663,2026-07-25 15:30:00,2649,32125,152850750
30,991664,2026-07-25 16:00:00,2938,40244,191480952
30,991665,2026-07-25 16:30:00,3180,43004,204613032
30,991666,2026-07-25 17:00:00,3461,51148,243362184
30,991667,2026-07-25 17:30:00,3608,50134,238537572
30,991668,2026-07-25 18:00:00,3821,57206,272186148
30,991669,2026-07-25 18:30:00,3879,57067,271524786
30,991670,2026-07-25 19:00:00,3918,60241,286626678
30,991671,2026-07-25 19:30:00,3902,59680,283957440
30,991672,2026-07-25 20:00:00,3896,60266,286745628
30,991673,2026-07-25 20:30:00,3843,59243,281878194
30,991674,2026-07-25 21:00:00,3811,58077,276330366
30,991675,2026-07-25 21:30:00,3710,56192,267361536
30,991676,2026-07-25 22:00:00,3635,54447,259058826
30,991677,2026-07-25 22:30:00,3431,50355,239589090
30,991678,2026-07-25 23:00:00,3187,46868,222997944
30,991679,2026-07-25 23:30:00,2889,41719,198499002
30,991680,2026-07-26 00:00:00,2459,34500,164151000
30,991681,2026-07-26 00:30:00,2032,26964,128294712
30,991682,2026-07-26 01:00:00,1622,21195,100845810
30,991683,2026-07-26 01:30:00,1289,16186,77012988
30,991684,2026-07-26 02:00:00,1012,12202,58057116
30,991685,2026-07-26 02:30:00,786,9295,44225610
30,991686,2026-07-26 03:00:00,577,6202,29509116
30,991687,2026-07-26 03:30:00,397,3556,16919448
30,991688,2026-07-26 04:00:00,274,2144,10201152
30,991689,2026-07-26 04:30:00,213,1514,7203612
30,991690,2026-07-26 05:00:00,180,1308,6223464
30,991691,2026-07-26 05:30:00,154,922,4386876
30,991692,2026-07-26 06:00:00,145,1077,5124366
30,991693,2026-07-26 06:30:00,144,1068,5081544
30,991694,2026-07-26 07:00:00,130,847,4030026
30,991695,2026-07-26 07:30:00,127,1043,4962594
30,991696,2026-07-26 08:00:00,135,839,3991962
30,991697,2026-07-26 08:30:00,137,992,4719936
30,991698,2026-07-26 09:00:00,148,806,3834948
30,991699,2026-07-26 09:30:00,128,930,4424940
30,991700,2026-07-26 10:00:00,138,753,3582774
30,991701,2026-07-26 10:30:00,143,755,3592290
30,991702,2026-07-26 11:00:00,153,1002,4767516
30,991703,2026-07-26 11:30:00,172,1093,5200494
30,991704,2026-07-26 12:00:00,198,1540,7327320
30,991705,2026-07-26 12:30:00,231,1740,8278920
30,991706,2026-07-26 13:00:00,265,2155,10253490
30,991707,2026-07-26 13:30:00,534,3503,16667274
30,991708,2026-07-26 14:00:00,901,6088,28966704
30,991709,2026-07-26 14:30:00,1412,13211,62857938
30,991710,2026-07-26 15:00:00,1936,20045,95374110
30,991711,2026-07-26 15:30:00,2389,29950,142502100
30,991712,2026-07-26 16:00:00,2666,36219,172330002
30,991713,2026-07-26 16:30:00,2944,43389,206444862
30,991714,2026-07-26 17:00:00,3172,44235,210470130
30,991715,2026-07-26 17:30:00,3376,49123,233727234
30,991716,2026-07-26 18:00:00,3583,52605,250294590
30,991717,2026-07-26 18:30:00,3664,51302,244094916
30,991718,2026-07-26 19:00:00,3754,63138,300410604
30,991719,2026-07-26 19:30:00,3720,56992,271167936
30,991720,2026-07-26 20:00:00,3715,59106,281226348
30,991721,2026-07-26 20:30:00,3690,56645,269516910
30,991722,2026-07-26 21:00:00,3665,56632,269455056
30,991723,2026-07-26 21:30:00,3615,54260,258169080
30,991724,2026-07-26 22:00:00,3489,52860,251507880
30,991725,2026-07-26 22:30:00,3321,48875,232547250
30,991726,2026-07-26 23:00:00,3055,44622,212311476
30,991727,2026-07-26 23:30:00,2724,38562,183477996
30,991728,2026-07-27 00:00:00,2308,32068,152579544
30,991729,2026-07-27 00:30:00,1937,25478,121224324
30,991730,2026-07-27 01:00:00,1553,19999,95155242
30,991731,2026-07-27 01:30:00,1277,15308,72835464
30,991732,2026-07-27 02:00:00,1003,11788,56087304
30,991733,2026-07-27 02:30:00,786,8754,41651532
30,991734,2026-07-27 03:00:00,585,5840,27786720
30,991735,2026-07-27 03:30:00,400,3477,16543566
30,991736,2026-07-27 04:00:00,284,2003,9530274
30,991737,2026-07-27 04:30:00,224,1452,6908616
30,991738,2026-07-27 05:00:00,193,1035,4924530
30,991739,2026-07-27 05:30:00,171,908,4320264
30,991740,2026-07-27 06:00:00,174,914,4348812
30,991741,2026-07-27 06:30:00,170,962,4577196
30,991742,2026-07-27 07:00:00,168,990,4710420
30,991743,2026-07-27 07:30:00,188,977,4648566
30,991744,2026-07-27 08:00:00,194,975,4639050
30,991745,2026-07-27 08:30:00,202,1228,5842824
30,991746,2026-07-27 09:00:00,247,1462,6956196
30,991747,2026-07-27 09:30:00,303,1796,8545368
30,991748,2026-07-27 10:00:00,377,2400,11419200
30,991749,2026-07-27 10:30:00,426,2709,12889422
30,991750,2026-07-27 11:00:00,554,3417,16258086
30,991751,2026-07-27 11:30:00,675,4787,22776546
30,991752,2026-07-27 12:00:00,723,5267,25060386
30,991753,2026-07-27 12:30:00,774,5971,28410018
30,991754,2026-07-27 13:00:00,851,6472,30793776
30,991755,2026-07-27 13:30:00,1154,7993,38030694
30,991756,2026-07-27 14:00:00,1502,10093,48022494
30,991757,2026-07-27 14:30:00,2130,18369,87399702
30,991758,2026-07-27 15:00:00,2691,26937,128166246
30,991759,2026-07-27 15:30:00,3179,35988,171230904
30,991760,2026-07-27 16:00:00,3456,41819,198974802
30,991761,2026-07-27 16:30:00,3804,49010,233189580
30,991762,2026-07-27 17:00:00,4025,50827,241834866
30,991763,2026-07-27 17:30:00,4262,57403,273123474
30,991764,2026-07-27 18:00:00,4441,57680,274441440
30,991765,2026-07-27 18:30:00,4537,64800,308318400
30,991766,2026-07-27 19:00:00,4552,64918,308879844
30,991767,2026-07-27 19:30:00,4540,66529,316544982
30,991768,2026-07-27 20:00:00,4500,64276,305825208
30,991769,2026-07-27 20:30:00,3747,52386,249252588
30,991770,2026-07-27 21:00:00,3068,43186,205478988
30,991771,2026-07-27 21:30:00,2545,36172,172106376
30,991772,2026-07-27 22:00:00,2117,29552,140608416
30,991773,2026-07-27 22:30:00,1805,26444,125820552
30,991774,2026-07-27 23:00:00,1573,23597,112274526
30,991775,2026-07-27 23:30:00,1328,20532,97691256
30,991776,2026-07-28 00:00:00,1693,49547,235744626
30,991777,2026-07-28 00:30:00,2222,72560,345240480
30,991778,2026-07-28 01:00:00,2216,72592,345392736
30,991779,2026-07-28 01:30:00,1600,24594,117018252
30,991780,2026-07-28 02:00:00,1282,15610,74272380
30,991781,2026-07-28 02:30:00,1014,12067,57414786
30,991782,2026-07-28 03:00:00,793,9102,43307316
30,991783,2026-07-28 03:30:00,623,6536,31098288
30,991784,2026-07-28 04:00:00,474,4896,23295168
30,991785,2026-07-28 04:30:00,373,4139,19693362
30,991786,2026-07-28 05:00:00,337,5809,27639222
30,991787,2026-07-28 05:30:00,335,7192,34219536
30,991788,2026-07-28 06:00:00,289,4808,22876464
30,991789,2026-07-28 06:30:00,233,2224,10581792
30,991790,2026-07-28 07:00:00,232,2142,10191636
30,991791,2026-07-28 07:30:00,227,2030,9658740
30,991792,2026-07-28 08:00:00,229,2032,9668256
30,991793,2026-07-28 08:30:00,236,1776,8450208
30,991794,2026-07-28 09:00:00,266,1734,8250372
30,991795,2026-07-28 09:30:00,348,2644,12580152
30,991796,2026-07-28 10:00:00,433,3339,15886962
30,991797,2026-07-28 10:30:00,510,4122,19612476
30,991798,2026-07-28 11:00:00,600,4863,23138154
30,991799,2026-07-28 11:30:00,759,7560,35970480
30,991800,2026-07-28 12:00:00,838,8571,40780818
30,991801,2026-07-28 12:30:00,882,9356,44515848
30,991802,2026-07-28 13:00:00,918,9317,44330286
30,991803,2026-07-28 13:30:00,1295,13186,62738988
30,991804,2026-07-28 14:00:00,1694,17031,81033498
30,991805,2026-07-28 14:30:00,2159,24489,116518662
30,991806,2026-07-28 15:00:00,2848,36333,172872414
30,991807,2026-07-28 15:30:00,3298,41646,198151668
30,991808,2026-07-28 16:00:00,3651,47850,227670300
30,991809,2026-07-28 16:30:00,3920,52328,248976624
30,991810,2026-07-28 17:00:00,4186,55301,263122158
30,991811,2026-07-28 17:30:00,4401,58423,277976634
30,991812,2026-07-28 18:00:00,4593,62352,296670816
30,991813,2026-07-28 18:30:00,4695,65818,313162044
30,991814,2026-07-28 19:00:00,4689,67230,319880340
30,991815,2026-07-28 19:30:00,4645,68791,327307578
30,991816,2026-07-28 20:00:00,4627,67548,321393384
30,991817,2026-07-28 20:30:00,4464,59488,283043904
30,991818,2026-07-28 21:00:00,4478,73125,347928750
30,991819,2026-07-28 21:30:00,4332,63069,300082302
30,991820,2026-07-28 22:00:00,4120,60436,287554488
30,991821,2026-07-28 22:30:00,3915,57069,271534302
30,991822,2026-07-28 23:00:00,3660,52753,250998774
30,991823,2026-07-28 23:30:00,3269,46531,221394498
30,991824,2026-07-29 00:00:00,2820,38243,181960194
30,991825,2026-07-29 00:30:00,2304,29549,140594142
30,991826,2026-07-29 01:00:00,1831,23141,110104878
30,991827,2026-07-29 01:30:00,1496,18037,85820046
30,991828,2026-07-29 02:00:00,1220,14462,68810196
30,991829,2026-07-29 02:30:00,978,11224,53403792
30,991830,2026-07-29 03:00:00,751,7871,37450218
30,991831,2026-07-29 03:30:00,534,4945,23528310
30,991832,2026-07-29 04:00:00,392,3030,14416740
30,991833,2026-07-29 04:30:00,275,1853,8816574
30,991834,2026-07-29 05:00:00,229,1490,7089420
30,991835,2026-07-29 05:30:00,214,1273,6056934
30,991836,2026-07-29 06:00:00,215,1155,5495490
30,991837,2026-07-29 06:30:00,205,1093,5200494
30,991838,2026-07-29 07:00:00,192,1019,4848402
30,991839,2026-07-29 07:30:00,210,1260,5995080
30,991840,2026-07-29 08:00:00,199,1255,5971290
30,991841,2026-07-29 08:30:00,215,1209,5752422
30,991842,2026-07-29 09:00:00,270,1451,6903858
30,991843,2026-07-29 09:30:00,303,1854,8821332
30,991844,2026-07-29 10:00:00,375,2385,11347830
30,991845,2026-07-29 10:30:00,483,2816,13398528
30,991846,2026-07-29 11:00:00,586,3891,18513378
30,991847,2026-07-29 11:30:00,690,4928,23447424
30,991848,2026-07-29 12:00:00,796,6163,29323554
30,991849,2026-07-29 12:30:00,837,6457,30722406
30,991850,2026-07-29 13:00:00,922,7503,35699274
30,991851,2026-07-29 13:30:00,1212,8655,41180490
30,991852,2026-07-29 14:00:00,1646,12115,57643170
30,991853,2026-07-29 14:30:00,2206,19511,92833338
30,991854,2026-07-29 15:00:00,2797,28191,134132778
30,991855,2026-07-29 15:30:00,3288,35207,167514906
30,991856,2026-07-29 16:00:00,3663,48073,228731334
30,991857,2026-07-29 16:30:00,3955,50841,241901478
30,991858,2026-07-29 17:00:00,4171,56555,269088690
30,991859,2026-07-29 17:30:00,4414,59545,283315110
30,991860,2026-07-29 18:00:00,4637,61069,290566302
30,991861,2026-07-29 18:30:00,4752,70178,333906924
30,991862,2026-07-29 19:00:00,4747,67323,320322834
30,991863,2026-07-29 19:30:00,4719,70144,333745152
30,991864,2026-07-29 20:00:00,4686,68534,326084772
30,991865,2026-07-29 20:30:00,4616,67784,322516272
30,991866,2026-07-29 21:00:00,4526,66285,315384030
30,991867,2026-07-29 21:30:00,4428,64760,308128080
30,991868,2026-07-29 22:00:00,4224,62029,295133982
30,991869,2026-07-29 22:30:00,4042,58876,280132008
30,991870,2026-07-29 23:00:00,3773,54075,257288850
30,991871,2026-07-29 23:30:00,3350,47463,225828954
30,991872,2026-07-30 00:00:00,2907,38895,185062410
30,991873,2026-07-30 00:30:00,2371,30847,146770026
30,991874,2026-07-30 01:00:00,1893,23993,114158694
30,991875,2026-07-30 01:30:00,1528,18738,89155404
30,991876,2026-07-30 02:00:00,1247,14502,69000516
30,991877,2026-07-30 02:30:00,977,11251,53532258
30,991878,2026-07-30 03:00:00,738,7718,36722244
30,991879,2026-07-30 03:30:00,547,4882,23228556
30,991880,2026-07-30 04:00:00,389,2978,14169324
30,991881,2026-07-30 04:30:00,304,1999,9511242
30,991882,2026-07-30 05:00:00,263,1603,7627074
30,991883,2026-07-30 05:30:00,228,1235,5876130
30,991884,2026-07-30 06:00:00,213,1246,5928468
30,991885,2026-07-30 06:30:00,232,1273,6056934
30,991886,2026-07-30 07:00:00,220,1646,7831668
30,991887,2026-07-30 07:30:00,202,1263,6009354
30,991888,2026-07-30 08:00:00,216,1242,5909436
30,991889,2026-07-30 08:30:00,241,1416,6737328
30,991890,2026-07-30 09:00:00,260,1523,7246434
30,991891,2026-07-30 09:30:00,327,1978,9411324
30,991892,2026-07-30 10:00:00,388,2551,12137658
30,991893,2026-07-30 10:30:00,461,2994,14245452
30,991894,2026-07-30 11:00:00,607,4313,20521254
30,991895,2026-07-30 11:30:00,695,4920,23409360
30,991896,2026-07-30 12:00:00,787,6433,30608214
30,991897,2026-07-30 12:30:00,832,6639,31588362
30,991898,2026-07-30 13:00:00,911,7091,33738978
30,991899,2026-07-30 13:30:00,1198,8522,40547676
30,991900,2026-07-30 14:00:00,1599,11909,56663022
30,991901,2026-07-30 14:30:00,2261,19920,94779360
30,991902,2026-07-30 15:00:00,2799,27624,131434992
30,991903,2026-07-30 15:30:00,3324,37449,178182342
30,991904,2026-07-30 16:00:00,3668,44731,212830098
30,991905,2026-07-30 16:30:00,3891,48609,231281622
30,991906,2026-07-30 17:00:00,4218,57289,272581062
30,991907,2026-07-30 17:30:00,4412,57433,273266214
30,991908,2026-07-30 18:00:00,4663,65585,312053430
30,991909,2026-07-30 18:30:00,4675,64185,305392230
30,991910,2026-07-30 19:00:00,4714,70390,334915620
30,991911,2026-07-30 19:30:00,4708,69327,329857866
30,991912,2026-07-30 20:00:00,4662,68448,325675584
30,991913,2026-07-30 20:30:00,4566,67942,323268036
30,991914,2026-07-30 21:00:00,4516,66698,317349084
30,991915,2026-07-30 21:30:00,4423,64604,307385832
30,991916,2026-07-30 22:00:00,4230,62306,296451948
30,991917,2026-07-30 22:30:00,4066,59532,283253256
30,991918,2026-07-30 23:00:00,3807,55134,262327572
30,991919,2026-07-30 23:30:00,3469,49219,234184002
30,991920,2026-07-31 00:00:00,2978,41013,195139854
30,991921,2026-07-31 00:30:00,2540,33343,158645994
30,991922,2026-07-31 01:00:00,2035,25334,120539172
30,991923,2026-07-31 01:30:00,1604,19716,93808728
30,991924,2026-07-31 02:00:00,1272,15254,72578532
30,991925,2026-07-31 02:30:00,1029,11453,54493374
30,991926,2026-07-31 03:00:00,758,7921,37688118
30,991927,2026-07-31 03:30:00,526,4546,21629868
30,991928,2026-07-31 04:00:00,366,2732,12998856
30,991929,2026-07-31 04:30:00,297,1902,9049716
30,991930,2026-07-31 05:00:00,245,1514,7203612
30,991931,2026-07-31 05:30:00,231,1553,7389174
30,991932,2026-07-31 06:00:00,217,1143,5438394
30,991933,2026-07-31 06:30:00,206,1134,5395572
30,991934,2026-07-31 07:00:00,208,1104,5252832
30,991935,2026-07-31 07:30:00,198,1247,5933226
30,991936,2026-07-31 08:00:00,208,1256,5976048
30,991937,2026-07-31 08:30:00,229,1386,6594588
30,991938,2026-07-31 09:00:00,252,1535,7303530
30,991939,2026-07-31 09:30:00,320,1957,9311406
30,991940,2026-07-31 10:00:00,368,2380,11324040
30,991941,2026-07-31 10:30:00,444,2983,14193114
30,991942,2026-07-31 11:00:00,545,3682,17518956
30,991943,2026-07-31 11:30:00,653,4503,21425274
30,991944,2026-07-31 12:00:00,716,5084,24189672
30,991945,2026-07-31 12:30:00,796,6478,30822324
30,991946,2026-07-31 13:00:00,841,6480,30831840
30,991947,2026-07-31 13:30:00,1181,8640,41109120
30,991948,2026-07-31 14:00:00,1592,10598,50425284
30,991949,2026-07-31 14:30:00,2278,20282,96501756
30,991950,2026-07-31 15:00:00,2817,28089,133647462
30,991951,2026-07-31 15:30:00,3336,37649,179133942
30,991952,2026-07-31 16:00:00,3670,45645,217178910
30,991953,2026-07-31 16:30:00,3939,51503,245051274
30,991954,2026-07-31 17:00:00,4162,54335,258525930
30,991955,2026-07-31 17:30:00,4369,59980,285384840
30,991956,2026-07-31 18:00:00,4564,62196,295928568
30,991957,2026-07-31 18:30:00,4645,65663,312424554
30,991958,2026-07-31 19:00:00,4690,67664,321945312
30,991959,2026-07-31 19:30:00,4656,68215,324566970
30,991960,2026-07-31 20:00:00,4590,68139,324205362
30,991961,2026-07-31 20:30:00,4489,60991,290195178
30,991962,2026-07-31 21:00:00,4481,72558,345230964
30,991963,2026-07-31 21:30:00,4326,63238,300886404
30,991964,2026-07-31 22:00:00,4193,61805,294068190
30,991965,2026-07-31 22:30:00,3996,59041,280917078
30,991966,2026-07-31 23:00:00,3754,54604,259805832
30,991967,2026-07-31 23:30:00,3422,49183,234012714
60,495816,2026-07-25 00:00:00,2946,70713,336452454
60,495817,2026-07-25 01:00:00,1993,43266,205859628
60,495818,2026-07-25 02:00:00,1259,25563,121628754
60,495819,2026-07-25 03:00:00,760,12800,60902400
60,495820,2026-07-25 04:00:00,390,4856,23104848
60,495821,2026-07-25 05:00:00,224,2156,10258248
60,495822,2026-07-25 06:00:00,196,2143,10196394
60,495823,2026-07-25 07:00:00,186,1871,8902218
60,495824,2026-07-25 08:00:00,160,1604,7631832
60,495825,2026-07-25 09:00:00,188,1836,8735688
60,495826,2026-07-25 10:00:00,229,2335,11109930
60,495827,2026-07-25 11:00:00,300,3177,15116166
60,495828,2026-07-25 12:00:00,411,4877,23204766
60,495829,2026-07-25 13:00:00,748,7752,36884016
60,495830,2026-07-25 14:00:00,1705,22641,107725878
60,495831,2026-07-25 15:00:00,2755,54992,261651936
60,495832,2026-07-25 16:00:00,3319,83248,396093984
60,495833,2026-07-25 17:00:00,3794,101282,481899756
60,495834,2026-07-25 18:00:00,4039,114273,543710934
60,495835,2026-07-25 19:00:00,4051,119921,570584118
60,495836,2026-07-25 20:00:00,4006,119509,568623822
60,495837,2026-07-25 21:00:00,3930,114269,543691902
60,495838,2026-07-25 22:00:00,3733,104802,498647916
60,495839,2026-07-25 23:00:00,3295,88587,421496946
60,495840,2026-07-26 00:00:00,2522,61464,292445712
60,495841,2026-07-26 01:00:00,1678,37381,177858798
60,495842,2026-07-26 02:00:00,1052,21497,102282726
60,495843,2026-07-26 03:00:00,605,9758,46428564
60,495844,2026-07-26 04:00:00,300,3658,17404764
60,495845,2026-07-26 05:00:00,204,2230,10610340
60,495846,2026-07-26 06:00:00,175,2145,10205910
60,495847,2026-07-26 07:00:00,153,1890,8992620
60,495848,2026-07-26 08:00:00,158,1831,8711898
60,495849,2026-07-26 09:00:00,164,1736,8259888
60,495850,2026-07-26 10:00:00,174,1508,7175064
60,495851,2026-07-26 11:00:00,195,2095,9968010
60,495852,2026-07-26 12:00:00,252,3280,15606240
60,495853,2026-07-26 13:00:00,583,5658,26920764
60,495854,2026-07-26 14:00:00,1484,19299,91824642
60,495855,2026-07-26 15:00:00,2460,49995,237876210
60,495856,2026-07-26 16:00:00,3035,79608,378774864
60,495857,2026-07-26 17:00:00,3489,93358,444197364
60,495858,2026-07-26 18:00:00,3785,103907,494389506
60,495859,2026-07-26 19:00:00,3853,120130,571578540
60,495860,2026-07-26 20:00:00,3830,115751,550743258
60,495861,2026-07-26 21:00:00,3791,110892,527624136
60,495862,2026-07-26 22:00:00,3607,101735,484055130
60,495863,2026-07-26 23:00:00,3151,83184,395789472
60,495864,2026-07-27 00:00:00,2381,57546,273803868
60,495865,2026-07-27 01:00:00,1611,35307,167990706
60,495866,2026-07-27 02:00:00,1047,20542,97738836
60,495867,2026-07-27 03:00:00,615,9317,44330286
60,495868,2026-07-27 04:00:00,321,3455,16438890
60,495869,2026-07-27 05:00:00,229,1943,9244794
60,495870,2026-07-27 06:00:00,203,1876,8926008
60,495871,2026-07-27 07:00:00,208,1967,9358986
60,495872,2026-07-27 08:00:00,238,2203,10481874
60,495873,2026-07-27 09:00:00,348,3258,15501564
60,495874,2026-07-27 10:00:00,501,5109,24308622
60,495875,2026-07-27 11:00:00,765,8204,39034632
60,495876,2026-07-27 12:00:00,905,11238,53470404
60,495877,2026-07-27 13:00:00,1302,14465,68824470
60,495878,2026-07-27 14:00:00,2294,28462,135422196
60,495879,2026-07-27 15:00:00,3395,62925,299397150
60,495880,2026-07-27 16:00:00,4026,90829,432164382
60,495881,2026-07-27 17:00:00,4499,108230,514958340
60,495882,2026-07-27 18:00:00,4807,122480,582759840
60,495883,2026-07-27 19:00:00,4783,131447,625424826
60,495884,2026-07-27 20:00:00,4638,116662,555077796
60,495885,2026-07-27 21:00:00,3157,79358,377585364
60,495886,2026-07-27 22:00:00,2190,55996,266428968
60,495887,2026-07-27 23:00:00,1648,44129,209965782
60,495888,2026-07-28 00:00:00,2440,122107,580985106
60,495889,2026-07-28 01:00:00,2341,97186,462410988
60,495890,2026-07-28 02:00:00,1357,27677,131687166
60,495891,2026-07-28 03:00:00,900,15638,74405604
60,495892,2026-07-28 04:00:00,585,9035,42988530
60,495893,2026-07-28 05:00:00,483,13001,61858758
60,495894,2026-07-28 06:00:00,344,7032,33458256
60,495895,2026-07-28 07:00:00,290,4172,19850376
60,495896,2026-07-28 08:00:00,300,3808,18118464
60,495897,2026-07-28 09:00:00,393,4378,20830524
60,495898,2026-07-28 10:00:00,599,7461,35499438
60,495899,2026-07-28 11:00:00,873,12423,59108634
60,495900,2026-07-28 12:00:00,1066,17927,85296666
60,495901,2026-07-28 13:00:00,1455,22503,107069274
60,495902,2026-07-28 14:00:00,2417,41520,197552160
60,495903,2026-07-28 15:00:00,3550,77979,371024082
60,495904,2026-07-28 16:00:00,4165,100178,476646924
60,495905,2026-07-28 17:00:00,4656,113724,541098792
60,495906,2026-07-28 18:00:00,4938,128170,609832860
60,495907,2026-07-28 19:00:00,4914,136021,647187918
60,495908,2026-07-28 20:00:00,4819,127036,604437288
60,495909,2026-07-28 21:00:00,4670,136194,648011052
60,495910,2026-07-28 22:00:00,4297,117505,559088790
60,495911,2026-07-28 23:00:00,3783,99284,472393272
60,495912,2026-07-29 00:00:00,2924,67792,322554336
60,495913,2026-07-29 01:00:00,1899,41178,195924924
60,495914,2026-07-29 02:00:00,1282,25686,122213988
60,495915,2026-07-29 03:00:00,801,12816,60978528
60,495916,2026-07-29 04:00:00,428,4883,23233314
60,495917,2026-07-29 05:00:00,283,2763,13146354
60,495918,2026-07-29 06:00:00,254,2248,10695984
60,495919,2026-07-29 07:00:00,253,2279,10843482
60,495920,2026-07-29 08:00:00,264,2464,11723712
60,495921,2026-07-29 09:00:00,361,3305,15725190
60,495922,2026-07-29 10:00:00,549,5201,24746358
60,495923,2026-07-29 11:00:00,799,8819,41960802
60,495924,2026-07-29 12:00:00,992,12620,60045960
60,495925,2026-07-29 13:00:00,1390,16158,76879764
60,495926,2026-07-29 14:00:00,2375,31626,150476508
60,495927,2026-07-29 15:00:00,3509,63398,301647684
60,495928,2026-07-29 16:00:00,4189,98914,470632812
60,495929,2026-07-29 17:00:00,4699,116100,552403800
60,495930,2026-07-29 18:00:00,5009,131247,624473226
60,495931,2026-07-29 19:00:00,5000,137467,654067986
60,495932,2026-07-29 20:00:00,4922,136318,648601044
60,495933,2026-07-29 21:00:00,4734,131045,623512110
60,495934,2026-07-29 22:00:00,4424,120905,575265990
60,495935,2026-07-29 23:00:00,3885,101538,483117804
60,495936,2026-07-30 00:00:00,2980,69742,331832436
60,495937,2026-07-30 01:00:00,1967,42731,203314098
60,495938,2026-07-30 02:00:00,1309,25753,122532774
60,495939,2026-07-30 03:00:00,776,12600,59950800
60,495940,2026-07-30 04:00:00,439,4977,23680566
60,495941,2026-07-30 05:00:00,313,2838,13503204
60,495942,2026-07-30 06:00:00,269,2519,11985402
60,495943,2026-07-30 07:00:00,263,2909,13841022
60,495944,2026-07-30 08:00:00,280,2658,12646764
60,495945,2026-07-30 09:00:00,379,3501,16657758
60,495946,2026-07-30 10:00:00,539,5545,26383110
60,495947,2026-07-30 11:00:00,791,9233,43930614
60,495948,2026-07-30 12:00:00,969,13072,62196576
60,495949,2026-07-30 13:00:00,1369,15613,74286654
60,495950,2026-07-30 14:00:00,2418,31829,151442382
60,495951,2026-07-30 15:00:00,3541,65073,309617334
60,495952,2026-07-30 16:00:00,4174,93340,444111720
60,495953,2026-07-30 17:00:00,4672,114722,545847276
60,495954,2026-07-30 18:00:00,4953,129770,617445660
60,495955,2026-07-30 19:00:00,4942,139717,664773486
60,495956,2026-07-30 20:00:00,4863,136390,648943620
60,495957,2026-07-30 21:00:00,4692,131302,624734916
60,495958,2026-07-30 22:00:00,4429,121838,579705204
60,495959,2026-07-30 23:00:00,3955,104353,496511574
60,495960,2026-07-31 00:00:00,3084,74356,353785848
60,495961,2026-07-31 01:00:00,2113,45050,214347900
60,495962,2026-07-31 02:00:00,1325,26707,127071906
60,495963,2026-07-31 03:00:00,803,12467,59317986
60,495964,2026-07-31 04:00:00,425,4634,22048572
60,495965,2026-07-31 05:00:00,291,3067,14592786
60,495966,2026-07-31 06:00:00,254,2277,10833966
60,495967,2026-07-31 07:00:00,246,2351,11186058
60,495968,2026-07-31 08:00:00,268,2642,12570636
60,495969,2026-07-31 09:00:00,355,3492,16614936
60,495970,2026-07-31 10:00:00,511,5363,25517154
60,495971,2026-07-31 11:00:00,738,8185,38944230
60,495972,2026-07-31 12:00:00,906,11562,55011996
60,495973,2026-07-31 13:00:00,1326,15120,71940960
60,495974,2026-07-31 14:00:00,2427,30880,146927040
60,495975,2026-07-31 15:00:00,3540,65738,312781404
60,495976,2026-07-31 16:00:00,4172,97148,462230184
60,495977,2026-07-31 17:00:00,4612,114315,543910770
60,495978,2026-07-31 18:00:00,4882,127859,608353122
60,495979,2026-07-31 19:00:00,4897,135879,646512282
60,495980,2026-07-31 20:00:00,4790,129130,614400540
60,495981,2026-07-31 21:00:00,4638,135796,646117368
60,495982,2026-07-31 22:00:00,4352,120846,574985268
60,495983,2026-07-31 23:00:00,3879,103787,493818546
