tenant_id,vehicle_id,total_images,dropped_missing_dct,discontinuous_images,discontinuous_pct,total_requests,affected_requests,affected_requests_pct,num_runs,error
4122,3345443,1725.0,0.0,0.0,0.0,1450.0,0.0,0.0,1450.0,
4904,601083,1604.0,0.0,0.0,0.0,1337.0,0.0,0.0,1337.0,
20559,1348866,23.0,0.0,0.0,0.0,16.0,0.0,0.0,16.0,
5904,1978627,2028.0,0.0,0.0,0.0,1857.0,0.0,0.0,1857.0,
25836,3704523,752.0,0.0,0.0,0.0,589.0,0.0,0.0,589.0,
14564,2358737,1926.0,0.0,0.0,0.0,1754.0,0.0,0.0,1754.0,
5429,1806808,2082.0,0.0,0.0,0.0,1874.0,0.0,0.0,1874.0,
19037,2326726,1371.0,0.0,0.0,0.0,1139.0,0.0,0.0,1139.0,
5220,511996,1668.0,0.0,0.0,0.0,1484.0,0.0,0.0,1484.0,
14611,3792244,869.0,0.0,0.0,0.0,284.0,0.0,0.0,284.0,
20001,1323145,385.0,0.0,0.0,0.0,277.0,0.0,0.0,277.0,
10469,717532,415.0,0.0,0.0,0.0,111.0,0.0,0.0,111.0,
5326,3640202,1463.0,0.0,0.0,0.0,1348.0,0.0,0.0,1348.0,
9388,2641639,1889.0,0.0,1.0,0.05293806246691371,1703.0,1.0,0.058719906048150326,1704.0,
21815,2821556,2148.0,0.0,0.0,0.0,1965.0,0.0,0.0,1965.0,
25284,2389201,2067.0,0.0,0.0,0.0,1777.0,0.0,0.0,1777.0,
38053,3336578,2295.0,0.0,0.0,0.0,1673.0,0.0,0.0,1673.0,
4733,263591,1792.0,0.0,0.0,0.0,1645.0,0.0,0.0,1645.0,
10825,735499,2244.0,0.0,0.0,0.0,1956.0,0.0,0.0,1956.0,
20558,3127059,309.0,0.0,0.0,0.0,162.0,0.0,0.0,162.0,
4391,2560358,1367.0,0.0,0.0,0.0,1093.0,0.0,0.0,1093.0,
6076,1341974,2280.0,0.0,0.0,0.0,1758.0,0.0,0.0,1758.0,
3835,2509336,1790.0,0.0,0.0,0.0,1617.0,0.0,0.0,1617.0,
1213,3245165,1400.0,0.0,0.0,0.0,949.0,0.0,0.0,949.0,
9488,1066338,2217.0,0.0,0.0,0.0,1843.0,0.0,0.0,1843.0,
9872,2404063,1766.0,0.0,0.0,0.0,1542.0,0.0,0.0,1542.0,
26498,3954938,1580.0,0.0,0.0,0.0,1411.0,0.0,0.0,1411.0,
5866,3816142,1522.0,0.0,0.0,0.0,1295.0,0.0,0.0,1295.0,
4345,2263125,1379.0,0.0,0.0,0.0,1254.0,0.0,0.0,1254.0,
5311,1223454,1686.0,0.0,0.0,0.0,1424.0,0.0,0.0,1424.0,
24069,1484824,612.0,0.0,0.0,0.0,537.0,0.0,0.0,537.0,
6565,3391762,756.0,0.0,0.0,0.0,538.0,0.0,0.0,538.0,
4805,3511049,1728.0,0.0,0.0,0.0,1601.0,0.0,0.0,1601.0,
6295,417667,235.0,0.0,0.0,0.0,183.0,0.0,0.0,183.0,
103881,3734799,782.0,0.0,0.0,0.0,565.0,0.0,0.0,565.0,
4016,3945712,1757.0,0.0,0.0,0.0,1476.0,0.0,0.0,1476.0,
6971,1986252,1753.0,0.0,0.0,0.0,1617.0,0.0,0.0,1617.0,
6458,386427,491.0,0.0,0.0,0.0,134.0,0.0,0.0,134.0,
7113,3280847,393.0,0.0,0.0,0.0,314.0,0.0,0.0,314.0,
14123,2222629,1185.0,0.0,0.0,0.0,422.0,0.0,0.0,422.0,
9050,1404271,1912.0,0.0,0.0,0.0,1682.0,0.0,0.0,1682.0,
11840,867905,969.0,0.0,0.0,0.0,855.0,0.0,0.0,855.0,
13350,956179,1435.0,0.0,0.0,0.0,1152.0,0.0,0.0,1152.0,
28170,2146380,232.0,0.0,0.0,0.0,160.0,0.0,0.0,160.0,
28370,3977517,754.0,0.0,0.0,0.0,242.0,0.0,0.0,242.0,
7681,2196723,1921.0,0.0,0.0,0.0,1723.0,0.0,0.0,1723.0,
22327,3118475,252.0,0.0,0.0,0.0,180.0,0.0,0.0,180.0,
22071,1383262,300.0,0.0,0.0,0.0,170.0,0.0,0.0,170.0,
4843,1239784,211.0,0.0,0.0,0.0,191.0,0.0,0.0,191.0,
4696,2988628,2335.0,0.0,0.0,0.0,1931.0,0.0,0.0,1931.0,
37438,3302152,433.0,0.0,0.0,0.0,351.0,0.0,0.0,351.0,
10177,1452766,1327.0,0.0,0.0,0.0,308.0,0.0,0.0,308.0,
5390,1117831,1333.0,0.0,0.0,0.0,1006.0,0.0,0.0,1006.0,
3861,3423263,2064.0,0.0,0.0,0.0,1793.0,0.0,0.0,1793.0,
6193,3765210,1457.0,0.0,0.0,0.0,1192.0,0.0,0.0,1192.0,
8317,544162,357.0,0.0,0.0,0.0,255.0,0.0,0.0,255.0,
4090,571754,826.0,0.0,0.0,0.0,242.0,0.0,0.0,242.0,
8733,3286004,1264.0,0.0,0.0,0.0,355.0,0.0,0.0,355.0,
8733,3575604,506.0,0.0,0.0,0.0,130.0,0.0,0.0,130.0,
2319,3760910,886.0,0.0,0.0,0.0,790.0,0.0,0.0,790.0,
4250,3808194,1785.0,0.0,0.0,0.0,1607.0,0.0,0.0,1607.0,
13132,2730222,1764.0,0.0,0.0,0.0,1317.0,0.0,0.0,1317.0,
4689,3334672,2228.0,0.0,0.0,0.0,1888.0,0.0,0.0,1888.0,
20558,2144487,531.0,0.0,0.0,0.0,242.0,0.0,0.0,242.0,
36270,3374880,79.0,0.0,0.0,0.0,68.0,0.0,0.0,68.0,
3835,1076971,1822.0,0.0,0.0,0.0,1681.0,0.0,0.0,1681.0,
24776,1777351,860.0,0.0,0.0,0.0,466.0,0.0,0.0,466.0,
4272,3419732,1722.0,0.0,0.0,0.0,1556.0,0.0,0.0,1556.0,
12937,2979048,1783.0,0.0,0.0,0.0,1427.0,0.0,0.0,1427.0,
3995,1322434,1424.0,0.0,0.0,0.0,1175.0,0.0,0.0,1175.0,
6119,1190867,2302.0,0.0,0.0,0.0,2001.0,0.0,0.0,2001.0,
6439,378495,253.0,0.0,0.0,0.0,221.0,0.0,0.0,221.0,
6533,2315414,1515.0,0.0,0.0,0.0,1262.0,0.0,0.0,1262.0,
5561,3706812,825.0,0.0,0.0,0.0,694.0,0.0,0.0,694.0,
5348,3260801,2207.0,0.0,0.0,0.0,2000.0,0.0,0.0,2000.0,
28370,2114789,689.0,0.0,0.0,0.0,272.0,0.0,0.0,272.0,
8075,1212042,1898.0,0.0,0.0,0.0,1668.0,0.0,0.0,1668.0,
8629,3203877,2097.0,0.0,0.0,0.0,1761.0,0.0,0.0,1761.0,
11932,1232239,2233.0,0.0,0.0,0.0,1989.0,0.0,0.0,1989.0,
4681,699775,600.0,0.0,0.0,0.0,193.0,0.0,0.0,193.0,
111824,3686583,1847.0,0.0,0.0,0.0,1504.0,0.0,0.0,1504.0,
4284,687497,1479.0,0.0,0.0,0.0,1214.0,0.0,0.0,1214.0,
29973,2285138,716.0,0.0,0.0,0.0,230.0,0.0,0.0,230.0,
6013,3815816,1354.0,0.0,0.0,0.0,1057.0,0.0,0.0,1057.0,
10481,3640436,152.0,0.0,0.0,0.0,37.0,0.0,0.0,37.0,
3980,218670,396.0,0.0,0.0,0.0,363.0,0.0,0.0,363.0,
3785,671441,1131.0,0.0,0.0,0.0,818.0,0.0,0.0,818.0,
11948,1310450,643.0,0.0,0.0,0.0,280.0,0.0,0.0,280.0,
4351,743305,1455.0,0.0,0.0,0.0,1339.0,0.0,0.0,1339.0,
9461,647488,2085.0,0.0,0.0,0.0,1852.0,0.0,0.0,1852.0,
94525,3713260,309.0,0.0,0.0,0.0,214.0,0.0,0.0,214.0,
9315,985375,2202.0,0.0,0.0,0.0,1805.0,0.0,0.0,1805.0,
8547,559335,1132.0,0.0,0.0,0.0,900.0,0.0,0.0,900.0,
4774,3538549,548.0,0.0,0.0,0.0,509.0,0.0,0.0,509.0,
9916,2296811,1292.0,0.0,0.0,0.0,1143.0,0.0,0.0,1143.0,
7046,2462385,1541.0,0.0,0.0,0.0,1472.0,0.0,0.0,1472.0,
7242,1932739,1618.0,0.0,0.0,0.0,1484.0,0.0,0.0,1484.0,
38079,3015823,2048.0,0.0,0.0,0.0,1677.0,0.0,0.0,1677.0,
24830,2224680,263.0,0.0,0.0,0.0,171.0,0.0,0.0,171.0,
4694,765907,349.0,0.0,0.0,0.0,234.0,0.0,0.0,234.0,
8587,2648445,1893.0,0.0,0.0,0.0,1620.0,0.0,0.0,1620.0,
5561,878046,2852.0,0.0,0.0,0.0,2184.0,0.0,0.0,2184.0,
38052,3937846,1972.0,0.0,0.0,0.0,1142.0,0.0,0.0,1142.0,
6173,2544260,1903.0,0.0,0.0,0.0,1703.0,0.0,0.0,1703.0,
4781,3045875,1017.0,0.0,0.0,0.0,891.0,0.0,0.0,891.0,
4503,3545825,1365.0,0.0,0.0,0.0,1228.0,0.0,0.0,1228.0,
3855,1850753,2136.0,0.0,0.0,0.0,1923.0,0.0,0.0,1923.0,
4769,1289331,303.0,0.0,0.0,0.0,235.0,0.0,0.0,235.0,
6234,3185794,1131.0,0.0,0.0,0.0,1000.0,0.0,0.0,1000.0,
14154,1212050,2100.0,0.0,0.0,0.0,1928.0,0.0,0.0,1928.0,
4619,554446,2034.0,0.0,0.0,0.0,1750.0,0.0,0.0,1750.0,
8533,1075537,479.0,0.0,0.0,0.0,408.0,0.0,0.0,408.0,
18480,3435724,2413.0,0.0,0.0,0.0,2053.0,0.0,0.0,2053.0,
36270,3432031,310.0,0.0,0.0,0.0,210.0,0.0,0.0,210.0,
34195,3201442,720.0,0.0,0.0,0.0,402.0,0.0,0.0,402.0,
24776,2060225,728.0,0.0,0.0,0.0,515.0,0.0,0.0,515.0,
4828,1080191,1948.0,0.0,0.0,0.0,1768.0,0.0,0.0,1768.0,
6157,3370048,1177.0,0.0,0.0,0.0,624.0,0.0,0.0,624.0,
4718,2099512,1572.0,0.0,0.0,0.0,1370.0,0.0,0.0,1370.0,
3998,3860486,1254.0,0.0,0.0,0.0,993.0,0.0,0.0,993.0,
11948,1503028,436.0,0.0,0.0,0.0,149.0,0.0,0.0,149.0,
7544,2548218,1012.0,0.0,0.0,0.0,320.0,0.0,0.0,320.0,
11932,3065175,2036.0,0.0,0.0,0.0,1785.0,0.0,0.0,1785.0,
7457,3640313,1831.0,0.0,0.0,0.0,1655.0,0.0,0.0,1655.0,
6046,559481,712.0,0.0,0.0,0.0,612.0,0.0,0.0,612.0,
4696,2723375,1636.0,0.0,0.0,0.0,416.0,0.0,0.0,416.0,
21798,2926007,1784.0,0.0,0.0,0.0,1565.0,0.0,0.0,1565.0,
24086,2363876,408.0,0.0,0.0,0.0,266.0,0.0,0.0,266.0,
3984,561975,1417.0,0.0,0.0,0.0,410.0,0.0,0.0,410.0,
28987,3614718,1241.0,0.0,0.0,0.0,1052.0,0.0,0.0,1052.0,
4085,1398341,2235.0,0.0,0.0,0.0,2071.0,0.0,0.0,2071.0,
25158,3439593,454.0,0.0,0.0,0.0,303.0,0.0,0.0,303.0,
10206,950429,442.0,0.0,0.0,0.0,371.0,0.0,0.0,371.0,
9189,1875948,761.0,0.0,0.0,0.0,693.0,0.0,0.0,693.0,
4480,1826323,534.0,0.0,0.0,0.0,450.0,0.0,0.0,450.0,
10034,1751432,1211.0,0.0,0.0,0.0,1072.0,0.0,0.0,1072.0,
19068,1168066,792.0,0.0,0.0,0.0,616.0,0.0,0.0,616.0,
4879,2782941,1706.0,0.0,0.0,0.0,1636.0,0.0,0.0,1636.0,
93619,3599918,1770.0,0.0,0.0,0.0,1554.0,0.0,0.0,1554.0,
21920,2020686,1361.0,0.0,0.0,0.0,493.0,0.0,0.0,493.0,
11962,3018725,1750.0,0.0,0.0,0.0,1322.0,0.0,0.0,1322.0,
10669,835461,432.0,0.0,0.0,0.0,169.0,0.0,0.0,169.0,
4769,2094735,7.0,0.0,0.0,0.0,7.0,0.0,0.0,7.0,
19072,3680646,2176.0,0.0,0.0,0.0,1858.0,0.0,0.0,1858.0,
37499,2980117,320.0,0.0,0.0,0.0,238.0,0.0,0.0,238.0,
19224,2438864,1537.0,0.0,0.0,0.0,1434.0,0.0,0.0,1434.0,
6627,1798348,1158.0,0.0,0.0,0.0,1041.0,0.0,0.0,1041.0,
23917,1535634,497.0,0.0,0.0,0.0,273.0,0.0,0.0,273.0,
25083,2788852,2050.0,0.0,0.0,0.0,1895.0,0.0,0.0,1895.0,
9220,3699768,2158.0,0.0,0.0,0.0,1792.0,0.0,0.0,1792.0,
4774,3407417,1967.0,0.0,0.0,0.0,1735.0,0.0,0.0,1735.0,
1311,886389,231.0,0.0,0.0,0.0,180.0,0.0,0.0,180.0,
6192,1042514,1463.0,0.0,0.0,0.0,1275.0,0.0,0.0,1275.0,
7130,2222402,1657.0,0.0,0.0,0.0,1360.0,0.0,0.0,1360.0,
4654,3479620,1605.0,0.0,0.0,0.0,1443.0,0.0,0.0,1443.0,
24776,3343758,1322.0,0.0,0.0,0.0,615.0,0.0,0.0,615.0,
4866,3899051,1812.0,0.0,0.0,0.0,1608.0,0.0,0.0,1608.0,
4234,3878497,2103.0,0.0,0.0,0.0,1915.0,0.0,0.0,1915.0,
5333,3209796,2281.0,0.0,0.0,0.0,1995.0,0.0,0.0,1995.0,
1676,1160481,285.0,0.0,0.0,0.0,160.0,0.0,0.0,160.0,
17874,1892046,1985.0,0.0,0.0,0.0,1823.0,0.0,0.0,1823.0,
11948,1762974,364.0,0.0,0.0,0.0,105.0,0.0,0.0,105.0,
13793,2936169,317.0,0.0,0.0,0.0,261.0,0.0,0.0,261.0,
4482,249823,1422.0,0.0,0.0,0.0,1188.0,0.0,0.0,1188.0,
6070,1226315,492.0,0.0,0.0,0.0,451.0,0.0,0.0,451.0,
6190,2675388,2338.0,0.0,0.0,0.0,2063.0,0.0,0.0,2063.0,
4013,3786733,2013.0,0.0,0.0,0.0,1719.0,0.0,0.0,1719.0,
1956,770635,400.0,0.0,0.0,0.0,288.0,0.0,0.0,288.0,
22071,1383313,533.0,0.0,0.0,0.0,231.0,0.0,0.0,231.0,
4477,1227483,1864.0,0.0,0.0,0.0,1715.0,0.0,0.0,1715.0,
16161,2372308,2124.0,0.0,0.0,0.0,1892.0,0.0,0.0,1892.0,
25475,1836199,1151.0,0.0,0.0,0.0,795.0,0.0,0.0,795.0,
3333,2319747,625.0,0.0,0.0,0.0,469.0,0.0,0.0,469.0,
5100,1337862,1673.0,0.0,0.0,0.0,1587.0,0.0,0.0,1587.0,
18499,1639342,983.0,0.0,0.0,0.0,520.0,0.0,0.0,520.0,
9478,1276746,970.0,0.0,0.0,0.0,899.0,0.0,0.0,899.0,
8546,3065069,1227.0,0.0,0.0,0.0,1083.0,0.0,0.0,1083.0,
8852,3451327,1790.0,0.0,0.0,0.0,1549.0,0.0,0.0,1549.0,
32603,2401355,1235.0,0.0,0.0,0.0,1020.0,0.0,0.0,1020.0,
9821,3932286,689.0,0.0,0.0,0.0,561.0,0.0,0.0,561.0,
25751,2045215,834.0,0.0,0.0,0.0,418.0,0.0,0.0,418.0,
24086,1626545,610.0,0.0,0.0,0.0,220.0,0.0,0.0,220.0,
6322,1932737,1677.0,0.0,0.0,0.0,1462.0,0.0,0.0,1462.0,
5184,1985840,1589.0,0.0,0.0,0.0,1341.0,0.0,0.0,1341.0,
9917,3668190,2134.0,0.0,0.0,0.0,1792.0,0.0,0.0,1792.0,
4040,2776974,1703.0,0.0,0.0,0.0,1574.0,0.0,0.0,1574.0,
36270,3494577,571.0,0.0,0.0,0.0,450.0,0.0,0.0,450.0,
3964,3711453,1704.0,0.0,0.0,0.0,1521.0,0.0,0.0,1521.0,
26475,3657303,698.0,0.0,0.0,0.0,491.0,0.0,0.0,491.0,
3761,3882802,1450.0,0.0,0.0,0.0,1271.0,0.0,0.0,1271.0,
4251,233840,792.0,0.0,0.0,0.0,578.0,0.0,0.0,578.0,
10570,3504877,1363.0,0.0,0.0,0.0,377.0,0.0,0.0,377.0,
27400,2303526,1123.0,0.0,0.0,0.0,473.0,0.0,0.0,473.0,
7957,2651817,1996.0,0.0,0.0,0.0,1803.0,0.0,0.0,1803.0,
6433,3508407,1175.0,0.0,0.0,0.0,1044.0,0.0,0.0,1044.0,
4649,1831160,1267.0,0.0,0.0,0.0,1169.0,0.0,0.0,1169.0,
39218,3455494,2404.0,0.0,0.0,0.0,1946.0,0.0,0.0,1946.0,
8373,1211703,1446.0,0.0,0.0,0.0,1342.0,0.0,0.0,1342.0,
11094,1802379,1810.0,0.0,0.0,0.0,1594.0,0.0,0.0,1594.0,
5635,785692,106.0,0.0,0.0,0.0,86.0,0.0,0.0,86.0,
14866,3907436,767.0,0.0,0.0,0.0,654.0,0.0,0.0,654.0,
11975,2962504,627.0,0.0,0.0,0.0,510.0,0.0,0.0,510.0,
4137,3104764,1644.0,0.0,0.0,0.0,1452.0,0.0,0.0,1452.0,
6708,3731982,1762.0,0.0,0.0,0.0,1350.0,0.0,0.0,1350.0,
5788,3560366,1747.0,0.0,0.0,0.0,1534.0,0.0,0.0,1534.0,
4805,1081931,2096.0,0.0,0.0,0.0,1800.0,0.0,0.0,1800.0,
36596,2814698,414.0,0.0,0.0,0.0,104.0,0.0,0.0,104.0,
11948,1741400,225.0,0.0,0.0,0.0,104.0,0.0,0.0,104.0,
5901,1208381,1309.0,0.0,0.0,0.0,396.0,0.0,0.0,396.0,
13658,1098514,1740.0,0.0,0.0,0.0,430.0,0.0,0.0,430.0,
38461,3224817,2102.0,0.0,0.0,0.0,1605.0,0.0,0.0,1605.0,
5155,2975344,1832.0,0.0,0.0,0.0,1605.0,0.0,0.0,1605.0,
3824,1814281,2080.0,0.0,0.0,0.0,1903.0,0.0,0.0,1903.0,
3821,2567261,1886.0,0.0,1.0,0.053022269353128315,1654.0,1.0,0.060459492140266025,1655.0,
14197,3383973,1240.0,0.0,0.0,0.0,1114.0,0.0,0.0,1114.0,
18365,3061477,1772.0,0.0,0.0,0.0,1644.0,0.0,0.0,1644.0,
24776,1851573,397.0,0.0,0.0,0.0,219.0,0.0,0.0,219.0,
26977,3434643,2420.0,0.0,0.0,0.0,2071.0,0.0,0.0,2071.0,
4888,3791826,1899.0,0.0,0.0,0.0,1708.0,0.0,0.0,1708.0,
4611,3198215,1316.0,0.0,0.0,0.0,1135.0,0.0,0.0,1135.0,
5354,986610,946.0,0.0,0.0,0.0,247.0,0.0,0.0,247.0,
8388,2555973,1639.0,0.0,0.0,0.0,1460.0,0.0,0.0,1460.0,
3837,1077062,1753.0,0.0,0.0,0.0,1603.0,0.0,0.0,1603.0,
3923,1822873,2146.0,0.0,0.0,0.0,1939.0,0.0,0.0,1939.0,
5971,333647,167.0,0.0,0.0,0.0,143.0,0.0,0.0,143.0,
3997,1179177,1690.0,0.0,0.0,0.0,1583.0,0.0,0.0,1583.0,
37881,3243996,1474.0,0.0,0.0,0.0,432.0,0.0,0.0,432.0,
9817,1245712,660.0,0.0,0.0,0.0,577.0,0.0,0.0,577.0,
11948,1562642,517.0,0.0,0.0,0.0,289.0,0.0,0.0,289.0,
9260,633296,2198.0,0.0,0.0,0.0,1988.0,0.0,0.0,1988.0,
14045,982184,395.0,0.0,0.0,0.0,104.0,0.0,0.0,104.0,
7240,3813534,1939.0,0.0,0.0,0.0,1793.0,0.0,0.0,1793.0,
8565,1799394,772.0,0.0,0.0,0.0,674.0,0.0,0.0,674.0,
7042,416678,2031.0,0.0,0.0,0.0,1835.0,0.0,0.0,1835.0,
3189,105905,39.0,0.0,0.0,0.0,21.0,0.0,0.0,21.0,
4001,1828514,2053.0,0.0,0.0,0.0,1788.0,0.0,0.0,1788.0,
2447,2150301,1064.0,0.0,0.0,0.0,827.0,0.0,0.0,827.0,
16315,1212202,1319.0,0.0,0.0,0.0,1205.0,0.0,0.0,1205.0,
4882,3005630,2039.0,0.0,0.0,0.0,1875.0,0.0,0.0,1875.0,
9188,752066,759.0,0.0,0.0,0.0,627.0,0.0,0.0,627.0,
6328,1815993,1923.0,0.0,0.0,0.0,1647.0,0.0,0.0,1647.0,
8419,550316,1738.0,0.0,0.0,0.0,1479.0,0.0,0.0,1479.0,
5638,1219153,2280.0,0.0,0.0,0.0,2043.0,0.0,0.0,2043.0,
4134,492143,725.0,0.0,0.0,0.0,648.0,0.0,0.0,648.0,
7740,3216227,2197.0,0.0,0.0,0.0,2017.0,0.0,0.0,2017.0,
5154,524638,1921.0,0.0,0.0,0.0,1430.0,0.0,0.0,1430.0,
10463,2357147,935.0,0.0,0.0,0.0,310.0,0.0,0.0,310.0,
4706,3640491,254.0,0.0,0.0,0.0,228.0,0.0,0.0,228.0,
49279,3620956,528.0,0.0,0.0,0.0,367.0,0.0,0.0,367.0,
4692,2300695,1068.0,0.0,0.0,0.0,326.0,0.0,0.0,326.0,
7908,3046423,1772.0,0.0,0.0,0.0,1622.0,0.0,0.0,1622.0,
4143,1478599,1441.0,0.0,0.0,0.0,1368.0,0.0,0.0,1368.0,
25273,2546562,1894.0,0.0,1.0,0.05279831045406547,1709.0,1.0,0.058513750731421885,1710.0,
4414,2054662,2010.0,0.0,0.0,0.0,1673.0,0.0,0.0,1673.0,
6233,2067330,1874.0,0.0,0.0,0.0,1760.0,0.0,0.0,1760.0,
25751,2045511,992.0,0.0,0.0,0.0,517.0,0.0,0.0,517.0,
115201,3797152,297.0,0.0,0.0,0.0,216.0,0.0,0.0,216.0,
4383,699362,1399.0,0.0,0.0,0.0,1145.0,0.0,0.0,1145.0,
5395,2713258,1844.0,0.0,0.0,0.0,1536.0,0.0,0.0,1536.0,
6639,3443783,2238.0,0.0,0.0,0.0,1952.0,0.0,0.0,1952.0,
26044,1931853,2154.0,0.0,0.0,0.0,1889.0,0.0,0.0,1889.0,
11160,956098,1244.0,0.0,0.0,0.0,362.0,0.0,0.0,362.0,
1956,1015963,404.0,0.0,0.0,0.0,278.0,0.0,0.0,278.0,
3951,1917581,2147.0,0.0,0.0,0.0,1929.0,0.0,0.0,1929.0,
4291,674692,1888.0,0.0,0.0,0.0,1670.0,0.0,0.0,1670.0,
13115,912080,1332.0,0.0,0.0,0.0,648.0,0.0,0.0,648.0,
36008,2765815,1306.0,0.0,0.0,0.0,611.0,0.0,0.0,611.0,
10331,1686772,1324.0,0.0,0.0,0.0,1008.0,0.0,0.0,1008.0,
10681,1386585,2149.0,0.0,0.0,0.0,1837.0,0.0,0.0,1837.0,
7590,3125112,1832.0,0.0,0.0,0.0,1557.0,0.0,0.0,1557.0,
6663,3405781,2159.0,0.0,0.0,0.0,1881.0,0.0,0.0,1881.0,
3272,3857622,2041.0,0.0,0.0,0.0,1824.0,0.0,0.0,1824.0,
13218,3484685,1897.0,0.0,0.0,0.0,1389.0,0.0,0.0,1389.0,
29792,3209088,2000.0,0.0,0.0,0.0,1824.0,0.0,0.0,1824.0,
10183,1025454,565.0,0.0,0.0,0.0,397.0,0.0,0.0,397.0,
4305,1216177,1240.0,0.0,0.0,0.0,944.0,0.0,0.0,944.0,
19683,1881665,1448.0,0.0,0.0,0.0,784.0,0.0,0.0,784.0,
8522,2991292,2051.0,0.0,0.0,0.0,1874.0,0.0,0.0,1874.0,
20594,3511486,1621.0,0.0,0.0,0.0,1415.0,0.0,0.0,1415.0,
4202,1191622,1758.0,0.0,0.0,0.0,1642.0,0.0,0.0,1642.0,
8733,3667661,179.0,0.0,0.0,0.0,54.0,0.0,0.0,54.0,
19883,1420141,757.0,0.0,0.0,0.0,552.0,0.0,0.0,552.0,
4385,240220,947.0,0.0,0.0,0.0,747.0,0.0,0.0,747.0,
10260,1649385,1426.0,0.0,0.0,0.0,1301.0,0.0,0.0,1301.0,
21661,1337277,483.0,0.0,0.0,0.0,324.0,0.0,0.0,324.0,
22118,1688155,1324.0,0.0,0.0,0.0,398.0,0.0,0.0,398.0,
24776,1874470,683.0,0.0,0.0,0.0,354.0,0.0,0.0,354.0,
6195,364988,1491.0,0.0,0.0,0.0,1417.0,0.0,0.0,1417.0,
12428,927650,8.0,0.0,0.0,0.0,7.0,0.0,0.0,7.0,
10334,726159,1470.0,0.0,0.0,0.0,1243.0,0.0,0.0,1243.0,
3789,1478911,2048.0,0.0,0.0,0.0,1802.0,0.0,0.0,1802.0,
8979,3068704,2397.0,0.0,0.0,0.0,1802.0,0.0,0.0,1802.0,
28370,3872985,2875.0,0.0,0.0,0.0,1508.0,0.0,0.0,1508.0,
94525,3819622,411.0,0.0,0.0,0.0,282.0,0.0,0.0,282.0,
28743,3860795,1774.0,0.0,0.0,0.0,436.0,0.0,0.0,436.0,
7134,2437181,1126.0,0.0,0.0,0.0,1028.0,0.0,0.0,1028.0,
8071,688757,931.0,0.0,0.0,0.0,787.0,0.0,0.0,787.0,
4854,3207310,1855.0,0.0,0.0,0.0,1716.0,0.0,0.0,1716.0,
4233,1220141,1975.0,0.0,0.0,0.0,1828.0,0.0,0.0,1828.0,
7435,1083681,928.0,0.0,0.0,0.0,783.0,0.0,0.0,783.0,
5342,1806653,2019.0,0.0,0.0,0.0,1805.0,0.0,0.0,1805.0,
6729,406670,1447.0,0.0,0.0,0.0,1252.0,0.0,0.0,1252.0,
26630,2970688,705.0,0.0,1.0,0.14184397163120568,304.0,1.0,0.32894736842105265,305.0,
5219,3833517,702.0,0.0,0.0,0.0,232.0,0.0,0.0,232.0,
7283,571691,523.0,0.0,0.0,0.0,290.0,0.0,0.0,290.0,
4137,2494653,1511.0,0.0,0.0,0.0,1280.0,0.0,0.0,1280.0,
29172,2311761,679.0,0.0,0.0,0.0,468.0,0.0,0.0,468.0,
8960,603089,2361.0,0.0,0.0,0.0,1925.0,0.0,0.0,1925.0,
34195,2751024,735.0,0.0,0.0,0.0,361.0,0.0,0.0,361.0,
11948,1731707,547.0,0.0,0.0,0.0,316.0,0.0,0.0,316.0,
21165,2086876,467.0,0.0,0.0,0.0,368.0,0.0,0.0,368.0,
4806,1216489,1315.0,0.0,0.0,0.0,1205.0,0.0,0.0,1205.0,
3862,3816986,1601.0,0.0,0.0,0.0,1387.0,0.0,0.0,1387.0,
24776,3434552,594.0,0.0,0.0,0.0,244.0,0.0,0.0,244.0,
9035,608915,905.0,0.0,0.0,0.0,800.0,0.0,0.0,800.0,
36270,3488268,157.0,0.0,0.0,0.0,118.0,0.0,0.0,118.0,
13720,1117050,1572.0,0.0,0.0,0.0,1374.0,0.0,0.0,1374.0,
9116,1226744,1417.0,0.0,0.0,0.0,1203.0,0.0,0.0,1203.0,
11948,1581598,444.0,0.0,0.0,0.0,233.0,0.0,0.0,233.0,
22117,1740426,2176.0,0.0,0.0,0.0,1957.0,0.0,0.0,1957.0,
18023,2022058,2061.0,0.0,0.0,0.0,1295.0,0.0,0.0,1295.0,
3813,1158032,1622.0,0.0,0.0,0.0,1354.0,0.0,0.0,1354.0,
4772,3712677,1460.0,0.0,0.0,0.0,1340.0,0.0,0.0,1340.0,
8906,600573,1716.0,0.0,0.0,0.0,1418.0,0.0,0.0,1418.0,
3923,1483162,1769.0,0.0,0.0,0.0,1617.0,0.0,0.0,1617.0,
7430,3816392,1034.0,0.0,0.0,0.0,793.0,0.0,0.0,793.0,
8266,863212,88.0,0.0,0.0,0.0,50.0,0.0,0.0,50.0,
5774,1879075,2251.0,0.0,0.0,0.0,1805.0,0.0,0.0,1805.0,
25297,3045479,2128.0,0.0,0.0,0.0,1845.0,0.0,0.0,1845.0,
21034,3042367,1748.0,0.0,0.0,0.0,1457.0,0.0,0.0,1457.0,
7046,3330124,1599.0,0.0,0.0,0.0,1489.0,0.0,0.0,1489.0,
4706,3314969,1392.0,0.0,0.0,0.0,1214.0,0.0,0.0,1214.0,
24069,1833566,281.0,0.0,0.0,0.0,227.0,0.0,0.0,227.0,
6470,3701685,2266.0,0.0,0.0,0.0,1971.0,0.0,0.0,1971.0,
13423,3405101,1961.0,0.0,0.0,0.0,1789.0,0.0,0.0,1789.0,
28987,3610902,1876.0,0.0,0.0,0.0,1637.0,0.0,0.0,1637.0,
24776,1703485,946.0,0.0,0.0,0.0,684.0,0.0,0.0,684.0,
4346,1013863,1369.0,0.0,0.0,0.0,1213.0,0.0,0.0,1213.0,
4167,229349,1067.0,0.0,0.0,0.0,993.0,0.0,0.0,993.0,
8972,3640228,1053.0,0.0,0.0,0.0,915.0,0.0,0.0,915.0,
6208,2714242,1968.0,0.0,0.0,0.0,1788.0,0.0,0.0,1788.0,
6389,1914829,2351.0,0.0,0.0,0.0,2008.0,0.0,0.0,2008.0,
8506,1080138,1750.0,0.0,0.0,0.0,1444.0,0.0,0.0,1444.0,
4769,1214195,9.0,0.0,0.0,0.0,9.0,0.0,0.0,9.0,
8733,3578564,1202.0,0.0,0.0,0.0,351.0,0.0,0.0,351.0,
7657,3460487,2049.0,0.0,0.0,0.0,1708.0,0.0,0.0,1708.0,
26774,2975413,1819.0,0.0,0.0,0.0,1705.0,0.0,0.0,1705.0,
2095,815169,541.0,0.0,0.0,0.0,346.0,0.0,0.0,346.0,
4590,3661382,723.0,0.0,0.0,0.0,686.0,0.0,0.0,686.0,
36840,3806649,164.0,0.0,0.0,0.0,151.0,0.0,0.0,151.0,
13555,2993208,478.0,0.0,0.0,0.0,258.0,0.0,0.0,258.0,
9506,659070,394.0,0.0,0.0,0.0,293.0,0.0,0.0,293.0,
7179,3304224,1222.0,0.0,0.0,0.0,1075.0,0.0,0.0,1075.0,
1050,732378,516.0,0.0,0.0,0.0,389.0,0.0,0.0,389.0,
6496,2989914,2344.0,0.0,0.0,0.0,2074.0,0.0,0.0,2074.0,
9872,2381665,1562.0,0.0,0.0,0.0,1350.0,0.0,0.0,1350.0,
4387,2424988,1992.0,0.0,0.0,0.0,1682.0,0.0,0.0,1682.0,
7175,3466401,1722.0,0.0,0.0,0.0,1581.0,0.0,0.0,1581.0,
32445,2438875,504.0,0.0,0.0,0.0,228.0,0.0,0.0,228.0,
7488,472966,2252.0,0.0,0.0,0.0,1965.0,0.0,0.0,1965.0,
26630,2970433,455.0,0.0,0.0,0.0,229.0,0.0,0.0,229.0,
5810,3192315,1716.0,0.0,0.0,0.0,1544.0,0.0,0.0,1544.0,
5415,1865262,1756.0,0.0,0.0,0.0,1604.0,0.0,0.0,1604.0,
12600,2611401,1853.0,0.0,0.0,0.0,1741.0,0.0,0.0,1741.0,
4225,3587708,1656.0,0.0,0.0,0.0,1523.0,0.0,0.0,1523.0,
24776,1967838,312.0,0.0,0.0,0.0,111.0,0.0,0.0,111.0,
26142,3314271,1445.0,0.0,0.0,0.0,1235.0,0.0,0.0,1235.0,
6025,3099838,1730.0,0.0,0.0,0.0,1565.0,0.0,0.0,1565.0,
11944,1223377,467.0,0.0,0.0,0.0,133.0,0.0,0.0,133.0,
10174,690727,1684.0,0.0,0.0,0.0,1421.0,0.0,0.0,1421.0,
8588,3589833,1922.0,0.0,0.0,0.0,1678.0,0.0,0.0,1678.0,
11794,1827717,1801.0,0.0,0.0,0.0,1529.0,0.0,0.0,1529.0,
4219,1198148,1590.0,0.0,0.0,0.0,1454.0,0.0,0.0,1454.0,
24776,1777436,463.0,0.0,0.0,0.0,161.0,0.0,0.0,161.0,
9368,2544270,2042.0,0.0,1.0,0.04897159647404505,1790.0,1.0,0.055865921787709494,1791.0,
7661,503539,271.0,0.0,0.0,0.0,130.0,0.0,0.0,130.0,
5874,2741294,698.0,0.0,0.0,0.0,547.0,0.0,0.0,547.0,
6428,1012653,1241.0,0.0,0.0,0.0,1179.0,0.0,0.0,1179.0,
6352,3041799,481.0,0.0,0.0,0.0,329.0,0.0,0.0,329.0,
7388,3570125,2226.0,0.0,0.0,0.0,1935.0,0.0,0.0,1935.0,
37789,3636998,1955.0,0.0,0.0,0.0,1658.0,0.0,0.0,1658.0,
4898,2250235,549.0,0.0,0.0,0.0,459.0,0.0,0.0,459.0,
1676,1695442,219.0,0.0,0.0,0.0,144.0,0.0,0.0,144.0,
25135,3848088,2237.0,0.0,0.0,0.0,2019.0,0.0,0.0,2019.0,
8733,2417635,220.0,0.0,0.0,0.0,166.0,0.0,0.0,166.0,
7178,3907092,2219.0,0.0,0.0,0.0,1780.0,0.0,0.0,1780.0,
6327,3300315,2030.0,0.0,0.0,0.0,1904.0,0.0,0.0,1904.0,
26789,3406970,920.0,0.0,0.0,0.0,712.0,0.0,0.0,712.0,
4529,1812072,1893.0,0.0,0.0,0.0,1759.0,0.0,0.0,1759.0,
18986,3376387,1025.0,0.0,0.0,0.0,948.0,0.0,0.0,948.0,
4139,2305466,1824.0,0.0,0.0,0.0,1747.0,0.0,0.0,1747.0,
5312,291756,2094.0,0.0,0.0,0.0,1871.0,0.0,0.0,1871.0,
25352,3380159,1751.0,0.0,0.0,0.0,1585.0,0.0,0.0,1585.0,
8733,1585516,1721.0,0.0,0.0,0.0,487.0,0.0,0.0,487.0,
24086,2301049,693.0,0.0,0.0,0.0,431.0,0.0,0.0,431.0,
3625,1420718,730.0,0.0,0.0,0.0,500.0,0.0,0.0,500.0,
6554,1013395,819.0,0.0,0.0,0.0,638.0,0.0,0.0,638.0,
14455,3431609,2143.0,0.0,0.0,0.0,1877.0,0.0,0.0,1877.0,
6389,1186280,2031.0,0.0,0.0,0.0,1672.0,0.0,0.0,1672.0,
5203,1252421,500.0,0.0,0.0,0.0,358.0,0.0,0.0,358.0,
28370,2138963,716.0,0.0,0.0,0.0,251.0,0.0,0.0,251.0,
5127,1215873,1315.0,0.0,0.0,0.0,1209.0,0.0,0.0,1209.0,
7461,2097093,737.0,0.0,0.0,0.0,690.0,0.0,0.0,690.0,
15792,1336567,1531.0,0.0,0.0,0.0,1242.0,0.0,0.0,1242.0,
3823,2766194,1904.0,0.0,0.0,0.0,1737.0,0.0,0.0,1737.0,
4043,3765905,566.0,0.0,0.0,0.0,444.0,0.0,0.0,444.0,
5695,3898765,1934.0,0.0,0.0,0.0,1754.0,0.0,0.0,1754.0,
25230,3278194,311.0,0.0,0.0,0.0,236.0,0.0,0.0,236.0,
5336,3493830,1491.0,0.0,0.0,0.0,1286.0,0.0,0.0,1286.0,
12603,1007679,741.0,0.0,0.0,0.0,590.0,0.0,0.0,590.0,
7914,3045199,2136.0,0.0,0.0,0.0,1879.0,0.0,0.0,1879.0,
24776,3343762,993.0,0.0,0.0,0.0,336.0,0.0,0.0,336.0,
5523,1228779,1753.0,0.0,0.0,0.0,1563.0,0.0,0.0,1563.0,
4807,2560141,1434.0,0.0,0.0,0.0,1263.0,0.0,0.0,1263.0,
5824,1929777,1856.0,0.0,0.0,0.0,1598.0,0.0,0.0,1598.0,
7683,3500998,1702.0,0.0,0.0,0.0,1445.0,0.0,0.0,1445.0,
4716,550348,941.0,0.0,0.0,0.0,807.0,0.0,0.0,807.0,
6623,2816542,758.0,0.0,0.0,0.0,624.0,0.0,0.0,624.0,
3000,1407244,457.0,0.0,0.0,0.0,284.0,0.0,0.0,284.0,
4305,3648986,1686.0,0.0,0.0,0.0,1459.0,0.0,0.0,1459.0,
6948,2605058,1069.0,0.0,0.0,0.0,973.0,0.0,0.0,973.0,
4866,3664639,1809.0,0.0,0.0,0.0,1567.0,0.0,0.0,1567.0,
3951,1933441,1937.0,0.0,0.0,0.0,1728.0,0.0,0.0,1728.0,
4207,3624581,1939.0,0.0,0.0,0.0,1661.0,0.0,0.0,1661.0,
18350,2736367,174.0,0.0,0.0,0.0,117.0,0.0,0.0,117.0,
4868,3711920,1926.0,0.0,0.0,0.0,1635.0,0.0,0.0,1635.0,
7084,2251447,1441.0,0.0,0.0,0.0,1306.0,0.0,0.0,1306.0,
4539,1789587,1551.0,0.0,0.0,0.0,1358.0,0.0,0.0,1358.0,
5866,1080779,2082.0,0.0,0.0,0.0,1898.0,0.0,0.0,1898.0,
10206,786245,93.0,0.0,0.0,0.0,71.0,0.0,0.0,71.0,
10206,923095,195.0,0.0,0.0,0.0,142.0,0.0,0.0,142.0,
14134,1355166,347.0,0.0,0.0,0.0,232.0,0.0,0.0,232.0,
11948,2527901,473.0,0.0,0.0,0.0,269.0,0.0,0.0,269.0,
5853,1812132,1779.0,0.0,0.0,0.0,1597.0,0.0,0.0,1597.0,
9461,3437660,1859.0,0.0,0.0,0.0,1592.0,0.0,0.0,1592.0,
19147,2728940,729.0,0.0,0.0,0.0,656.0,0.0,0.0,656.0,
5190,2735035,1085.0,0.0,0.0,0.0,329.0,0.0,0.0,329.0,
13555,1056088,805.0,0.0,0.0,0.0,395.0,0.0,0.0,395.0,
7432,2517393,250.0,0.0,0.0,0.0,230.0,0.0,0.0,230.0,
5192,3977171,605.0,0.0,0.0,0.0,486.0,0.0,0.0,486.0,
7435,2086438,757.0,0.0,0.0,0.0,243.0,0.0,0.0,243.0,
4769,3671723,338.0,0.0,0.0,0.0,274.0,0.0,0.0,274.0,
45426,3620271,730.0,0.0,0.0,0.0,560.0,0.0,0.0,560.0,
7559,1800490,610.0,0.0,0.0,0.0,462.0,0.0,0.0,462.0,
6235,1786702,1812.0,0.0,0.0,0.0,1731.0,0.0,0.0,1731.0,
13218,3004720,2549.0,0.0,2.0,0.07846214201647705,2323.0,2.0,0.08609556607834697,2325.0,
9588,658516,857.0,0.0,0.0,0.0,744.0,0.0,0.0,744.0,
85024,3551299,1009.0,0.0,0.0,0.0,746.0,0.0,0.0,746.0,
28258,2664912,508.0,0.0,0.0,0.0,381.0,0.0,0.0,381.0,
4248,3472337,1733.0,0.0,0.0,0.0,1594.0,0.0,0.0,1594.0,
37498,2980279,463.0,0.0,0.0,0.0,341.0,0.0,0.0,341.0,
3974,1479987,2354.0,0.0,0.0,0.0,1989.0,0.0,0.0,1989.0,
3998,3194299,1519.0,0.0,0.0,0.0,1205.0,0.0,0.0,1205.0,
19043,1909014,46.0,0.0,0.0,0.0,43.0,0.0,0.0,43.0,
7744,3230173,589.0,0.0,0.0,0.0,478.0,0.0,0.0,478.0,
8979,3546797,2704.0,0.0,0.0,0.0,2244.0,0.0,0.0,2244.0,
7715,3317876,1904.0,0.0,0.0,0.0,1750.0,0.0,0.0,1750.0,
3777,3617401,2179.0,0.0,0.0,0.0,2012.0,0.0,0.0,2012.0,
5582,3609971,2281.0,0.0,0.0,0.0,1763.0,0.0,0.0,1763.0,
7076,1918326,2195.0,0.0,0.0,0.0,2034.0,0.0,0.0,2034.0,
7543,651947,2376.0,0.0,0.0,0.0,1845.0,0.0,0.0,1845.0,
9189,3772820,1388.0,0.0,0.0,0.0,1217.0,0.0,0.0,1217.0,
24694,2251360,308.0,0.0,0.0,0.0,171.0,0.0,0.0,171.0,
10173,1807442,2246.0,0.0,16.0,0.7123775601068566,1994.0,2.0,0.10030090270812438,2002.0,
20558,2197042,513.0,0.0,0.0,0.0,204.0,0.0,0.0,204.0,
3916,206276,1695.0,0.0,0.0,0.0,1518.0,0.0,0.0,1518.0,
11948,3624039,939.0,0.0,0.0,0.0,490.0,0.0,0.0,490.0,
4383,3759158,1791.0,0.0,0.0,0.0,1623.0,0.0,0.0,1623.0,
5156,1816542,248.0,0.0,0.0,0.0,234.0,0.0,0.0,234.0,
4327,2329133,2042.0,0.0,0.0,0.0,1869.0,0.0,0.0,1869.0,
6070,1226385,435.0,0.0,0.0,0.0,401.0,0.0,0.0,401.0,
16161,3899017,1791.0,0.0,0.0,0.0,1528.0,0.0,0.0,1528.0,
4841,3638663,2037.0,0.0,0.0,0.0,1755.0,0.0,0.0,1755.0,
4022,218410,1257.0,0.0,0.0,0.0,1028.0,0.0,0.0,1028.0,
9759,3623352,1330.0,0.0,0.0,0.0,747.0,0.0,0.0,747.0,
4474,251341,956.0,0.0,0.0,0.0,837.0,0.0,0.0,837.0,
4210,1144804,1393.0,0.0,0.0,0.0,1228.0,0.0,0.0,1228.0,
6771,407876,517.0,0.0,0.0,0.0,450.0,0.0,0.0,450.0,
9284,637008,2005.0,0.0,0.0,0.0,1631.0,0.0,0.0,1631.0,
11948,884882,163.0,0.0,0.0,0.0,108.0,0.0,0.0,108.0,
39213,3371330,487.0,0.0,0.0,0.0,353.0,0.0,0.0,353.0,
11292,3055116,1628.0,0.0,0.0,0.0,1392.0,0.0,0.0,1392.0,
27041,2372395,1074.0,0.0,0.0,0.0,308.0,0.0,0.0,308.0,
19159,3675826,2172.0,0.0,0.0,0.0,1896.0,0.0,0.0,1896.0,
7921,2751526,1693.0,0.0,0.0,0.0,1484.0,0.0,0.0,1484.0,
7556,3525679,2553.0,0.0,0.0,0.0,2176.0,0.0,0.0,2176.0,
11948,2785372,248.0,0.0,0.0,0.0,147.0,0.0,0.0,147.0,
4704,3627202,2235.0,0.0,0.0,0.0,1937.0,0.0,0.0,1937.0,
11948,2300295,173.0,0.0,0.0,0.0,92.0,0.0,0.0,92.0,
4716,2401372,603.0,0.0,0.0,0.0,491.0,0.0,0.0,491.0,
13497,3016420,921.0,0.0,0.0,0.0,627.0,0.0,0.0,627.0,
7138,559495,107.0,0.0,0.0,0.0,75.0,0.0,0.0,75.0,
16158,1763078,1795.0,0.0,0.0,0.0,611.0,0.0,0.0,611.0,
6521,1799475,2126.0,0.0,0.0,0.0,1891.0,0.0,0.0,1891.0,
4805,3776749,1818.0,0.0,0.0,0.0,1686.0,0.0,0.0,1686.0,
14134,2155906,463.0,0.0,0.0,0.0,331.0,0.0,0.0,331.0,
4419,1915422,555.0,0.0,0.0,0.0,518.0,0.0,0.0,518.0,
11948,2144768,518.0,0.0,0.0,0.0,299.0,0.0,0.0,299.0,
32497,3154187,2781.0,0.0,0.0,0.0,2167.0,0.0,0.0,2167.0,
14134,3512390,445.0,0.0,0.0,0.0,321.0,0.0,0.0,321.0,
7016,3882548,1811.0,0.0,0.0,0.0,1581.0,0.0,0.0,1581.0,
12603,1009603,353.0,0.0,0.0,0.0,212.0,0.0,0.0,212.0,
10376,3748968,1826.0,0.0,0.0,0.0,1714.0,0.0,0.0,1714.0,
3861,199483,1878.0,0.0,0.0,0.0,1488.0,0.0,0.0,1488.0,
14800,3432421,1106.0,0.0,0.0,0.0,619.0,0.0,0.0,619.0,
4626,3593807,2037.0,0.0,0.0,0.0,1881.0,0.0,0.0,1881.0,
7030,1447856,1929.0,0.0,0.0,0.0,1712.0,0.0,0.0,1712.0,
13795,3654209,1817.0,0.0,0.0,0.0,1623.0,0.0,0.0,1623.0,
4225,3624386,1959.0,0.0,0.0,0.0,1811.0,0.0,0.0,1811.0,
10418,1836896,1065.0,0.0,0.0,0.0,304.0,0.0,0.0,304.0,
4596,3822533,1881.0,0.0,0.0,0.0,1721.0,0.0,0.0,1721.0,
4556,1478239,1353.0,0.0,0.0,0.0,1232.0,0.0,0.0,1232.0,
3972,1203409,1740.0,0.0,0.0,0.0,1566.0,0.0,0.0,1566.0,
5050,1216329,1732.0,0.0,0.0,0.0,1577.0,0.0,0.0,1577.0,
6424,1769386,1648.0,0.0,0.0,0.0,1533.0,0.0,0.0,1533.0,
3995,1236680,294.0,0.0,0.0,0.0,250.0,0.0,0.0,250.0,
8733,1255887,288.0,0.0,0.0,0.0,81.0,0.0,0.0,81.0,
4437,3896279,1736.0,0.0,0.0,0.0,1601.0,0.0,0.0,1601.0,
24776,3363011,357.0,0.0,0.0,0.0,110.0,0.0,0.0,110.0,
9540,2795176,1261.0,0.0,0.0,0.0,612.0,0.0,0.0,612.0,
1676,1129921,670.0,0.0,0.0,0.0,527.0,0.0,0.0,527.0,
5740,898450,1704.0,0.0,0.0,0.0,531.0,0.0,0.0,531.0,
4174,1792659,1483.0,0.0,0.0,0.0,1353.0,0.0,0.0,1353.0,
6304,1545846,1651.0,0.0,0.0,0.0,1530.0,0.0,0.0,1530.0,
4305,1226640,1761.0,0.0,0.0,0.0,1408.0,0.0,0.0,1408.0,
4261,234106,2085.0,0.0,0.0,0.0,1743.0,0.0,0.0,1743.0,
26170,2034008,573.0,0.0,0.0,0.0,382.0,0.0,0.0,382.0,
18969,1150755,176.0,0.0,0.0,0.0,53.0,0.0,0.0,53.0,
24034,1751836,264.0,0.0,0.0,0.0,180.0,0.0,0.0,180.0,
24776,2191861,886.0,0.0,0.0,0.0,361.0,0.0,0.0,361.0,
4010,248887,1372.0,0.0,0.0,0.0,950.0,0.0,0.0,950.0,
24860,3707038,1742.0,0.0,0.0,0.0,1562.0,0.0,0.0,1562.0,
8497,3401798,1041.0,0.0,0.0,0.0,759.0,0.0,0.0,759.0,
4621,1194376,1589.0,0.0,0.0,0.0,1267.0,0.0,0.0,1267.0,
16462,2739512,619.0,0.0,0.0,0.0,447.0,0.0,0.0,447.0,
20558,2317698,542.0,0.0,0.0,0.0,340.0,0.0,0.0,340.0,
4446,2792604,1456.0,0.0,0.0,0.0,1302.0,0.0,0.0,1302.0,
25469,2740651,1872.0,0.0,0.0,0.0,1706.0,0.0,0.0,1706.0,
6492,3379963,1836.0,0.0,0.0,0.0,1659.0,0.0,0.0,1659.0,
6383,375937,1777.0,0.0,0.0,0.0,1663.0,0.0,0.0,1663.0,
25158,1742900,350.0,0.0,0.0,0.0,220.0,0.0,0.0,220.0,
8009,1249334,1852.0,0.0,0.0,0.0,1532.0,0.0,0.0,1532.0,
1676,647892,733.0,0.0,0.0,0.0,540.0,0.0,0.0,540.0,
4908,2048802,1299.0,0.0,0.0,0.0,1198.0,0.0,0.0,1198.0,
4805,3674655,1715.0,0.0,0.0,0.0,1500.0,0.0,0.0,1500.0,
10078,685702,1273.0,0.0,0.0,0.0,405.0,0.0,0.0,405.0,
25475,1983120,1003.0,0.0,0.0,0.0,883.0,0.0,0.0,883.0,
5824,1186352,1579.0,0.0,0.0,0.0,1417.0,0.0,0.0,1417.0,
93369,3527882,1953.0,0.0,0.0,0.0,1652.0,0.0,0.0,1652.0,
3835,1202959,1981.0,0.0,0.0,0.0,1808.0,0.0,0.0,1808.0,
11948,1934408,881.0,0.0,0.0,0.0,487.0,0.0,0.0,487.0,
8995,921011,564.0,0.0,0.0,0.0,342.0,0.0,0.0,342.0,
4207,232406,2048.0,0.0,0.0,0.0,1708.0,0.0,0.0,1708.0,
9176,975987,2282.0,0.0,0.0,0.0,1981.0,0.0,0.0,1981.0,
9462,646396,2426.0,0.0,0.0,0.0,2111.0,0.0,0.0,2111.0,
11079,755018,2253.0,0.0,0.0,0.0,1878.0,0.0,0.0,1878.0,
37879,3633419,62.0,0.0,0.0,0.0,31.0,0.0,0.0,31.0,
7404,555439,739.0,0.0,0.0,0.0,225.0,0.0,0.0,225.0,
23397,3684566,1688.0,0.0,0.0,0.0,1459.0,0.0,0.0,1459.0,
4536,1539254,1699.0,0.0,0.0,0.0,1416.0,0.0,0.0,1416.0,
4731,3161632,1468.0,0.0,0.0,0.0,1284.0,0.0,0.0,1284.0,
26630,2970495,390.0,0.0,0.0,0.0,249.0,0.0,0.0,249.0,
25311,1593124,570.0,0.0,0.0,0.0,433.0,0.0,0.0,433.0,
9263,3599090,437.0,0.0,0.0,0.0,300.0,0.0,0.0,300.0,
2722,2075916,491.0,0.0,0.0,0.0,344.0,0.0,0.0,344.0,
3910,2925682,1913.0,0.0,0.0,0.0,1748.0,0.0,0.0,1748.0,
95392,3546939,1773.0,0.0,0.0,0.0,1662.0,0.0,0.0,1662.0,
26600,2988958,772.0,0.0,0.0,0.0,280.0,0.0,0.0,280.0,
7699,683334,1329.0,0.0,0.0,0.0,1067.0,0.0,0.0,1067.0,
10206,1282860,352.0,0.0,0.0,0.0,256.0,0.0,0.0,256.0,
2095,916937,461.0,0.0,0.0,0.0,333.0,0.0,0.0,333.0,
5582,2504322,2308.0,0.0,0.0,0.0,1714.0,0.0,0.0,1714.0,
11957,891030,2414.0,0.0,0.0,0.0,1855.0,0.0,0.0,1855.0,
11195,897220,1940.0,0.0,0.0,0.0,1614.0,0.0,0.0,1614.0,
33018,2547136,1679.0,0.0,0.0,0.0,1412.0,0.0,0.0,1412.0,
7968,1504280,113.0,0.0,0.0,0.0,103.0,0.0,0.0,103.0,
25158,1773036,326.0,0.0,0.0,0.0,209.0,0.0,0.0,209.0,
4557,1188309,923.0,0.0,0.0,0.0,754.0,0.0,0.0,754.0,
9173,2245383,2114.0,0.0,0.0,0.0,519.0,0.0,0.0,519.0,
11948,3268218,605.0,0.0,0.0,0.0,178.0,0.0,0.0,178.0,
4692,261173,1890.0,0.0,0.0,0.0,1753.0,0.0,0.0,1753.0,
5376,2990732,1995.0,0.0,0.0,0.0,1655.0,0.0,0.0,1655.0,
4647,1926365,1235.0,0.0,0.0,0.0,1040.0,0.0,0.0,1040.0,
10988,2923201,1370.0,0.0,0.0,0.0,873.0,0.0,0.0,873.0,
26142,3036519,1629.0,0.0,0.0,0.0,1428.0,0.0,0.0,1428.0,
7541,1965788,2242.0,0.0,0.0,0.0,2032.0,0.0,0.0,2032.0,
11959,1186047,1460.0,0.0,0.0,0.0,1213.0,0.0,0.0,1213.0,
5009,930417,1809.0,0.0,0.0,0.0,1081.0,0.0,0.0,1081.0,
26170,2034016,301.0,0.0,0.0,0.0,227.0,0.0,0.0,227.0,
14197,3276565,1568.0,0.0,0.0,0.0,1386.0,0.0,0.0,1386.0,
4114,3383504,1367.0,0.0,0.0,0.0,1155.0,0.0,0.0,1155.0,
24826,3905438,1864.0,0.0,0.0,0.0,1635.0,0.0,0.0,1635.0,
4389,3505462,603.0,0.0,0.0,0.0,503.0,0.0,0.0,503.0,
8098,1483315,2197.0,0.0,0.0,0.0,1944.0,0.0,0.0,1944.0,
3881,3013347,1354.0,0.0,0.0,0.0,1045.0,0.0,0.0,1045.0,
7716,1223606,1501.0,0.0,0.0,0.0,1294.0,0.0,0.0,1294.0,
25217,3697602,1746.0,0.0,0.0,0.0,1568.0,0.0,0.0,1568.0,
8593,1217696,2020.0,0.0,0.0,0.0,1629.0,0.0,0.0,1629.0,
2313,1188649,2098.0,0.0,0.0,0.0,1906.0,0.0,0.0,1906.0,
4890,2716234,1328.0,0.0,0.0,0.0,1043.0,0.0,0.0,1043.0,
4069,549847,847.0,0.0,0.0,0.0,270.0,0.0,0.0,270.0,
36211,3352380,1832.0,0.0,0.0,0.0,1572.0,0.0,0.0,1572.0,
5916,326478,1791.0,0.0,0.0,0.0,1617.0,0.0,0.0,1617.0,
19022,1829979,1962.0,0.0,0.0,0.0,1782.0,0.0,0.0,1782.0,
4085,690865,1640.0,0.0,0.0,0.0,1520.0,0.0,0.0,1520.0,
9550,791711,2692.0,0.0,0.0,0.0,2143.0,0.0,0.0,2143.0,
8979,2952359,1441.0,0.0,0.0,0.0,1241.0,0.0,0.0,1241.0,
94459,3538857,2229.0,0.0,0.0,0.0,1738.0,0.0,0.0,1738.0,
6159,2042768,2035.0,0.0,0.0,0.0,1620.0,0.0,0.0,1620.0,
4697,676774,738.0,0.0,0.0,0.0,613.0,0.0,0.0,613.0,
6992,3668064,1490.0,0.0,0.0,0.0,1118.0,0.0,0.0,1118.0,
5853,321778,266.0,0.0,0.0,0.0,170.0,0.0,0.0,170.0,
24069,1490479,349.0,0.0,0.0,0.0,288.0,0.0,0.0,288.0,
10103,3110991,2175.0,0.0,0.0,0.0,1920.0,0.0,0.0,1920.0,
11948,3823270,832.0,0.0,0.0,0.0,370.0,0.0,0.0,370.0,
14134,1330875,388.0,0.0,0.0,0.0,291.0,0.0,0.0,291.0,
18133,1817040,1544.0,0.0,0.0,0.0,1440.0,0.0,0.0,1440.0,
3625,308319,475.0,0.0,0.0,0.0,346.0,0.0,0.0,346.0,
5860,333932,2467.0,0.0,0.0,0.0,2076.0,0.0,0.0,2076.0,
11948,1047211,651.0,0.0,0.0,0.0,348.0,0.0,0.0,348.0,
30178,2382671,2113.0,0.0,0.0,0.0,1780.0,0.0,0.0,1780.0,
4274,2415374,2070.0,0.0,0.0,0.0,1874.0,0.0,0.0,1874.0,
8648,3436052,2028.0,0.0,0.0,0.0,1878.0,0.0,0.0,1878.0,
13865,2619308,1888.0,0.0,0.0,0.0,1734.0,0.0,0.0,1734.0,
4428,526703,1136.0,0.0,0.0,0.0,799.0,0.0,0.0,799.0,
37513,3166160,499.0,0.0,0.0,0.0,323.0,0.0,0.0,323.0,
24776,1685963,770.0,0.0,3.0,0.38961038961038963,293.0,1.0,0.3412969283276451,294.0,
32437,2362405,925.0,0.0,0.0,0.0,625.0,0.0,0.0,625.0,
14829,3688598,891.0,0.0,0.0,0.0,766.0,0.0,0.0,766.0,
4878,2162032,2198.0,0.0,0.0,0.0,1670.0,0.0,0.0,1670.0,
10494,718004,1424.0,0.0,0.0,0.0,1323.0,0.0,0.0,1323.0,
26044,1791593,1669.0,0.0,0.0,0.0,1480.0,0.0,0.0,1480.0,
6236,2080720,2130.0,0.0,0.0,0.0,1838.0,0.0,0.0,1838.0,
36860,3370935,1994.0,0.0,0.0,0.0,1810.0,0.0,0.0,1810.0,
3826,3066232,1099.0,0.0,0.0,0.0,994.0,0.0,0.0,994.0,
9284,637032,1488.0,0.0,0.0,0.0,440.0,0.0,0.0,440.0,
8455,3655373,804.0,0.0,0.0,0.0,428.0,0.0,0.0,428.0,
4909,3939615,1562.0,0.0,0.0,0.0,1456.0,0.0,0.0,1456.0,
7815,3315298,1808.0,0.0,0.0,0.0,1637.0,0.0,0.0,1637.0,
6237,1797904,2056.0,0.0,0.0,0.0,1877.0,0.0,0.0,1877.0,
6378,2050457,2323.0,0.0,0.0,0.0,1954.0,0.0,0.0,1954.0,
9590,764370,2070.0,0.0,0.0,0.0,1882.0,0.0,0.0,1882.0,
35935,3771435,395.0,0.0,0.0,0.0,290.0,0.0,0.0,290.0,
36270,3458690,352.0,0.0,0.0,0.0,237.0,0.0,0.0,237.0,
10615,3317301,704.0,0.0,0.0,0.0,197.0,0.0,0.0,197.0,
5017,275627,462.0,0.0,0.0,0.0,370.0,0.0,0.0,370.0,
1676,3512438,542.0,0.0,0.0,0.0,446.0,0.0,0.0,446.0,
11948,836284,502.0,0.0,0.0,0.0,235.0,0.0,0.0,235.0,
24830,2235328,324.0,0.0,0.0,0.0,232.0,0.0,0.0,232.0,
7041,416697,1702.0,0.0,0.0,0.0,1601.0,0.0,0.0,1601.0,
4119,220470,1490.0,0.0,0.0,0.0,1279.0,0.0,0.0,1279.0,
10972,1389174,984.0,0.0,0.0,0.0,294.0,0.0,0.0,294.0,
9299,749585,1892.0,0.0,0.0,0.0,1721.0,0.0,0.0,1721.0,
4624,2975068,1926.0,0.0,0.0,0.0,1691.0,0.0,0.0,1691.0,
4805,2562508,1619.0,0.0,0.0,0.0,1233.0,0.0,0.0,1233.0,
45426,3620328,685.0,0.0,0.0,0.0,514.0,0.0,0.0,514.0,
19037,3551599,2236.0,0.0,0.0,0.0,1921.0,0.0,0.0,1921.0,
13324,1079653,857.0,0.0,0.0,0.0,443.0,0.0,0.0,443.0,
2095,911295,491.0,0.0,0.0,0.0,309.0,0.0,0.0,309.0,
5595,2989577,2103.0,0.0,0.0,0.0,1870.0,0.0,0.0,1870.0,
10136,2966970,1439.0,0.0,0.0,0.0,1328.0,0.0,0.0,1328.0,
5578,600146,818.0,0.0,0.0,0.0,748.0,0.0,0.0,748.0,
5028,604871,1837.0,0.0,0.0,0.0,1667.0,0.0,0.0,1667.0,
13389,3062023,2005.0,0.0,0.0,0.0,1860.0,0.0,0.0,1860.0,
6159,2042640,2052.0,0.0,0.0,0.0,1680.0,0.0,0.0,1680.0,
5136,3534851,2229.0,0.0,0.0,0.0,1941.0,0.0,0.0,1941.0,
23905,2055544,767.0,0.0,0.0,0.0,440.0,0.0,0.0,440.0,
10206,2190162,474.0,0.0,0.0,0.0,358.0,0.0,0.0,358.0,
36860,3601675,2040.0,0.0,0.0,0.0,1851.0,0.0,0.0,1851.0,
19683,1445203,157.0,0.0,0.0,0.0,100.0,0.0,0.0,100.0,
12197,3842089,1621.0,0.0,1.0,0.061690314620604564,1478.0,1.0,0.06765899864682003,1479.0,
7430,1420441,1730.0,0.0,0.0,0.0,1359.0,0.0,0.0,1359.0,
12012,2188521,2084.0,0.0,0.0,0.0,1645.0,0.0,0.0,1645.0,
14716,1933223,1636.0,0.0,0.0,0.0,1383.0,0.0,0.0,1383.0,
10183,957682,542.0,0.0,0.0,0.0,442.0,0.0,0.0,442.0,
29550,2310430,992.0,0.0,0.0,0.0,680.0,0.0,0.0,680.0,
4620,3317326,1775.0,0.0,0.0,0.0,1613.0,0.0,0.0,1613.0,
25274,3877817,811.0,0.0,0.0,0.0,766.0,0.0,0.0,766.0,
5037,2558339,1262.0,0.0,0.0,0.0,1117.0,0.0,0.0,1117.0,
7956,690149,583.0,0.0,0.0,0.0,252.0,0.0,0.0,252.0,
9402,2713079,1826.0,0.0,0.0,0.0,1665.0,0.0,0.0,1665.0,
7957,1255072,222.0,0.0,0.0,0.0,187.0,0.0,0.0,187.0,
11948,969214,406.0,0.0,0.0,0.0,236.0,0.0,0.0,236.0,
26630,2970126,532.0,0.0,0.0,0.0,258.0,0.0,0.0,258.0,
4691,2140406,2073.0,0.0,0.0,0.0,1632.0,0.0,0.0,1632.0,
6669,3810332,2001.0,0.0,0.0,0.0,1842.0,0.0,0.0,1842.0,
11948,833893,228.0,0.0,0.0,0.0,88.0,0.0,0.0,88.0,
3975,3960360,1685.0,0.0,0.0,0.0,1430.0,0.0,0.0,1430.0,
6471,3742820,2122.0,0.0,0.0,0.0,1810.0,0.0,0.0,1810.0,
19692,2042823,144.0,0.0,0.0,0.0,88.0,0.0,0.0,88.0,
28370,2121900,683.0,0.0,0.0,0.0,339.0,0.0,0.0,339.0,
23343,3937865,785.0,0.0,0.0,0.0,481.0,0.0,0.0,481.0,
6709,403403,448.0,0.0,0.0,0.0,380.0,0.0,0.0,380.0,
4414,1209832,2014.0,0.0,0.0,0.0,1736.0,0.0,0.0,1736.0,
4223,1227233,904.0,0.0,0.0,0.0,817.0,0.0,0.0,817.0,
4540,272570,1960.0,0.0,0.0,0.0,1778.0,0.0,0.0,1778.0,
8733,3877751,1103.0,0.0,0.0,0.0,295.0,0.0,0.0,295.0,
31421,3880506,756.0,0.0,0.0,0.0,292.0,0.0,0.0,292.0,
5510,483587,2006.0,0.0,0.0,0.0,1634.0,0.0,0.0,1634.0,
13072,2549542,374.0,0.0,0.0,0.0,322.0,0.0,0.0,322.0,
4172,229546,817.0,0.0,0.0,0.0,694.0,0.0,0.0,694.0,
21137,1305859,1614.0,0.0,0.0,0.0,1390.0,0.0,0.0,1390.0,
3860,3826041,804.0,0.0,0.0,0.0,660.0,0.0,0.0,660.0,
6099,2998533,2142.0,0.0,0.0,0.0,1847.0,0.0,0.0,1847.0,
37475,3958960,1316.0,0.0,0.0,0.0,962.0,0.0,0.0,962.0,
8636,3827993,1976.0,0.0,0.0,0.0,1704.0,0.0,0.0,1704.0,
4056,1959969,1399.0,0.0,0.0,0.0,1277.0,0.0,0.0,1277.0,
36008,2780481,34.0,0.0,0.0,0.0,29.0,0.0,0.0,29.0,
5427,3575913,1378.0,0.0,0.0,0.0,363.0,0.0,0.0,363.0,
9388,645014,879.0,0.0,0.0,0.0,819.0,0.0,0.0,819.0,
27298,3681586,1011.0,0.0,0.0,0.0,312.0,0.0,0.0,312.0,
3798,3076754,1074.0,0.0,0.0,0.0,932.0,0.0,0.0,932.0,
8733,3082248,1622.0,0.0,0.0,0.0,387.0,0.0,0.0,387.0,
8423,1220120,1789.0,0.0,0.0,0.0,1634.0,0.0,0.0,1634.0,
24069,1627500,225.0,0.0,0.0,0.0,167.0,0.0,0.0,167.0,
23413,1972889,1052.0,0.0,0.0,0.0,907.0,0.0,0.0,907.0,
18967,2385475,406.0,0.0,0.0,0.0,318.0,0.0,0.0,318.0,
4626,3788495,2123.0,0.0,0.0,0.0,1963.0,0.0,0.0,1963.0,
18621,2820215,2008.0,0.0,0.0,0.0,1669.0,0.0,0.0,1669.0,
4085,219449,1706.0,0.0,0.0,0.0,1413.0,0.0,0.0,1413.0,
7092,2584162,1130.0,0.0,0.0,0.0,1040.0,0.0,0.0,1040.0,
7016,3902402,1617.0,0.0,0.0,0.0,1359.0,0.0,0.0,1359.0,
10392,3482142,1013.0,0.0,0.0,0.0,588.0,0.0,0.0,588.0,
3877,1931697,2031.0,0.0,0.0,0.0,1774.0,0.0,0.0,1774.0,
24776,1778399,1149.0,0.0,0.0,0.0,702.0,0.0,0.0,702.0,
4347,2097019,1480.0,0.0,0.0,0.0,1261.0,0.0,0.0,1261.0,
6035,2033085,1552.0,0.0,0.0,0.0,1345.0,0.0,0.0,1345.0,
18094,2303636,1680.0,0.0,0.0,0.0,1428.0,0.0,0.0,1428.0,
19823,3644009,2118.0,0.0,0.0,0.0,1972.0,0.0,0.0,1972.0,
29172,2590004,616.0,0.0,0.0,0.0,446.0,0.0,0.0,446.0,
21165,1663426,610.0,0.0,0.0,0.0,462.0,0.0,0.0,462.0,
6069,1721807,2337.0,0.0,0.0,0.0,2187.0,0.0,0.0,2187.0,
27350,2605580,545.0,0.0,0.0,0.0,373.0,0.0,0.0,373.0,
1676,971256,566.0,0.0,0.0,0.0,445.0,0.0,0.0,445.0,
19073,2741882,1943.0,0.0,0.0,0.0,1710.0,0.0,0.0,1710.0,
8546,2361300,2338.0,0.0,0.0,0.0,2057.0,0.0,0.0,2057.0,
4600,3329435,766.0,0.0,0.0,0.0,517.0,0.0,0.0,517.0,
3924,3268105,952.0,0.0,0.0,0.0,786.0,0.0,0.0,786.0,
10173,1019746,1430.0,0.0,0.0,0.0,421.0,0.0,0.0,421.0,
4271,3143370,2156.0,0.0,0.0,0.0,1729.0,0.0,0.0,1729.0,
2307,2605043,1775.0,0.0,0.0,0.0,1346.0,0.0,0.0,1346.0,
7429,470626,2043.0,0.0,0.0,0.0,1808.0,0.0,0.0,1808.0,
9220,660242,1743.0,0.0,0.0,0.0,1503.0,0.0,0.0,1503.0,
38053,3682151,1718.0,0.0,0.0,0.0,1084.0,0.0,0.0,1084.0,
4890,3682858,234.0,0.0,0.0,0.0,221.0,0.0,0.0,221.0,
6443,644123,2106.0,0.0,0.0,0.0,1760.0,0.0,0.0,1760.0,
4081,1850653,1825.0,0.0,0.0,0.0,1705.0,0.0,0.0,1705.0,
3965,252975,900.0,0.0,0.0,0.0,764.0,0.0,0.0,764.0,
18275,2710966,1999.0,0.0,0.0,0.0,1800.0,0.0,0.0,1800.0,
36860,3360615,2129.0,0.0,0.0,0.0,1892.0,0.0,0.0,1892.0,
20001,1275361,345.0,0.0,0.0,0.0,245.0,0.0,0.0,245.0,
9160,3634992,1899.0,0.0,0.0,0.0,1606.0,0.0,0.0,1606.0,
12196,3424962,1775.0,0.0,0.0,0.0,1525.0,0.0,0.0,1525.0,
6125,2275799,2226.0,0.0,0.0,0.0,1655.0,0.0,0.0,1655.0,
21165,1732566,342.0,0.0,0.0,0.0,275.0,0.0,0.0,275.0,
5377,3540301,311.0,0.0,0.0,0.0,230.0,0.0,0.0,230.0,
3986,1822393,460.0,0.0,0.0,0.0,362.0,0.0,0.0,362.0,
29172,2590079,449.0,0.0,0.0,0.0,365.0,0.0,0.0,365.0,
12142,1019405,1350.0,0.0,0.0,0.0,412.0,0.0,0.0,412.0,
8239,530606,1313.0,0.0,0.0,0.0,1051.0,0.0,0.0,1051.0,
6421,3003239,1868.0,0.0,0.0,0.0,1652.0,0.0,0.0,1652.0,
21759,1673182,394.0,0.0,0.0,0.0,296.0,0.0,0.0,296.0,
9311,2774260,1329.0,0.0,0.0,0.0,1202.0,0.0,0.0,1202.0,
19460,3150180,2502.0,0.0,0.0,0.0,2041.0,0.0,0.0,2041.0,
10769,2544810,1815.0,0.0,0.0,0.0,1692.0,0.0,0.0,1692.0,
11962,2306851,1659.0,0.0,0.0,0.0,1507.0,0.0,0.0,1507.0,
10365,703813,2176.0,0.0,0.0,0.0,1702.0,0.0,0.0,1702.0,
7027,1224417,1954.0,0.0,0.0,0.0,1784.0,0.0,0.0,1784.0,
7836,3595478,1672.0,0.0,0.0,0.0,1560.0,0.0,0.0,1560.0,
26630,2970383,440.0,0.0,0.0,0.0,262.0,0.0,0.0,262.0,
13555,3197783,566.0,0.0,0.0,0.0,302.0,0.0,0.0,302.0,
26590,2435377,1891.0,0.0,0.0,0.0,1060.0,0.0,0.0,1060.0,
4878,1971931,1233.0,0.0,0.0,0.0,347.0,0.0,0.0,347.0,
26817,2380200,1572.0,0.0,0.0,0.0,1322.0,0.0,0.0,1322.0,
4602,1232739,1285.0,0.0,0.0,0.0,1184.0,0.0,0.0,1184.0,
4832,3089455,1569.0,0.0,0.0,0.0,409.0,0.0,0.0,409.0,
18483,2569660,2402.0,0.0,0.0,0.0,1788.0,0.0,0.0,1788.0,
9175,1496437,660.0,0.0,0.0,0.0,232.0,0.0,0.0,232.0,
8385,3466942,1564.0,0.0,0.0,0.0,1396.0,0.0,0.0,1396.0,
5995,350554,840.0,0.0,0.0,0.0,793.0,0.0,0.0,793.0,
4706,309754,2177.0,0.0,0.0,0.0,1980.0,0.0,0.0,1980.0,
6497,615459,2018.0,0.0,0.0,0.0,1853.0,0.0,0.0,1853.0,
3788,2304161,466.0,0.0,0.0,0.0,396.0,0.0,0.0,396.0,
8733,3298608,1434.0,0.0,0.0,0.0,413.0,0.0,0.0,413.0,
9622,1832963,1792.0,0.0,0.0,0.0,1351.0,0.0,0.0,1351.0,
26907,3791555,1658.0,0.0,0.0,0.0,1506.0,0.0,0.0,1506.0,
3883,2333886,2041.0,0.0,0.0,0.0,1512.0,0.0,0.0,1512.0,
36211,3478165,2093.0,0.0,0.0,0.0,1782.0,0.0,0.0,1782.0,
24776,1703464,463.0,0.0,0.0,0.0,161.0,0.0,0.0,161.0,
11079,755022,1418.0,0.0,0.0,0.0,1165.0,0.0,0.0,1165.0,
5874,2036870,1783.0,0.0,0.0,0.0,1493.0,0.0,0.0,1493.0,
6235,1789635,454.0,0.0,0.0,0.0,418.0,0.0,0.0,418.0,
3978,904186,2526.0,0.0,0.0,0.0,2305.0,0.0,0.0,2305.0,
11160,954322,1827.0,0.0,0.0,0.0,1352.0,0.0,0.0,1352.0,
4534,3720167,1195.0,0.0,0.0,0.0,1027.0,0.0,0.0,1027.0,
18513,3014363,1676.0,0.0,0.0,0.0,1402.0,0.0,0.0,1402.0,
28370,2155331,931.0,0.0,0.0,0.0,378.0,0.0,0.0,378.0,
4830,2444160,1675.0,0.0,0.0,0.0,1522.0,0.0,0.0,1522.0,
21165,1663445,262.0,0.0,0.0,0.0,215.0,0.0,0.0,215.0,
3552,1679705,272.0,0.0,0.0,0.0,193.0,0.0,0.0,193.0,
4422,2227431,1876.0,0.0,0.0,0.0,1770.0,0.0,0.0,1770.0,
19481,1656850,2103.0,0.0,0.0,0.0,1967.0,0.0,0.0,1967.0,
4248,2027177,2033.0,0.0,0.0,0.0,1880.0,0.0,0.0,1880.0,
8697,1611028,2572.0,0.0,0.0,0.0,2016.0,0.0,0.0,2016.0,
3247,3455374,1707.0,0.0,0.0,0.0,1503.0,0.0,0.0,1503.0,
24645,3352676,2259.0,0.0,0.0,0.0,2027.0,0.0,0.0,2027.0,
16114,1805058,1979.0,0.0,0.0,0.0,1752.0,0.0,0.0,1752.0,
8744,613120,143.0,0.0,0.0,0.0,96.0,0.0,0.0,96.0,
5979,1782096,1585.0,0.0,0.0,0.0,1444.0,0.0,0.0,1444.0,
26835,3466956,1882.0,0.0,0.0,0.0,1658.0,0.0,0.0,1658.0,
7660,1836266,1194.0,0.0,0.0,0.0,1071.0,0.0,0.0,1071.0,
6397,376627,1121.0,0.0,0.0,0.0,928.0,0.0,0.0,928.0,
7189,1221317,1777.0,0.0,0.0,0.0,1546.0,0.0,0.0,1546.0,
3247,1822902,2014.0,0.0,2.0,0.09930486593843098,1759.0,1.0,0.05685048322910745,1760.0,
4139,1795758,1691.0,0.0,0.0,0.0,1587.0,0.0,0.0,1587.0,
11985,894136,193.0,0.0,0.0,0.0,53.0,0.0,0.0,53.0,
26453,1984880,2700.0,0.0,0.0,0.0,2271.0,0.0,0.0,2271.0,
4609,485349,285.0,0.0,0.0,0.0,160.0,0.0,0.0,160.0,
5618,2279588,2053.0,0.0,0.0,0.0,1714.0,0.0,0.0,1714.0,
8733,1327163,1281.0,0.0,0.0,0.0,553.0,0.0,0.0,553.0,
18352,2490001,2007.0,0.0,0.0,0.0,1740.0,0.0,0.0,1740.0,
5947,3604617,2268.0,0.0,0.0,0.0,2046.0,0.0,0.0,2046.0,
18636,3787527,1749.0,0.0,0.0,0.0,1633.0,0.0,0.0,1633.0,
7288,2398035,2006.0,0.0,0.0,0.0,1788.0,0.0,0.0,1788.0,
3862,207692,1528.0,0.0,0.0,0.0,1367.0,0.0,0.0,1367.0,
103881,3734039,649.0,0.0,0.0,0.0,445.0,0.0,0.0,445.0,
13139,2527326,2142.0,0.0,0.0,0.0,1982.0,0.0,0.0,1982.0,
11962,3955305,994.0,0.0,0.0,0.0,904.0,0.0,0.0,904.0,
10331,1721933,1894.0,0.0,0.0,0.0,1399.0,0.0,0.0,1399.0,
9757,3715468,328.0,0.0,0.0,0.0,283.0,0.0,0.0,283.0,
25064,1978610,973.0,0.0,0.0,0.0,674.0,0.0,0.0,674.0,
2253,2279311,798.0,0.0,0.0,0.0,562.0,0.0,0.0,562.0,
9178,1806532,343.0,0.0,0.0,0.0,302.0,0.0,0.0,302.0,
33826,3082045,2330.0,0.0,0.0,0.0,2045.0,0.0,0.0,2045.0,
6534,3632202,1903.0,0.0,0.0,0.0,1629.0,0.0,0.0,1629.0,
7912,3488875,1934.0,0.0,0.0,0.0,1769.0,0.0,0.0,1769.0,
4894,3818242,1700.0,0.0,0.0,0.0,1588.0,0.0,0.0,1588.0,
8146,3172110,1880.0,0.0,0.0,0.0,1718.0,0.0,0.0,1718.0,
25364,2669941,1853.0,0.0,0.0,0.0,1656.0,0.0,0.0,1656.0,
20256,2669989,1724.0,0.0,0.0,0.0,1496.0,0.0,0.0,1496.0,
7964,1218592,2037.0,0.0,0.0,0.0,1886.0,0.0,0.0,1886.0,
3822,3345196,1712.0,0.0,0.0,0.0,1428.0,0.0,0.0,1428.0,
11948,2749916,201.0,0.0,0.0,0.0,94.0,0.0,0.0,94.0,
9088,3832096,1801.0,0.0,0.0,0.0,1584.0,0.0,0.0,1584.0,
28370,2121834,872.0,0.0,0.0,0.0,359.0,0.0,0.0,359.0,
24086,1637262,511.0,0.0,0.0,0.0,291.0,0.0,0.0,291.0,
5528,651467,704.0,0.0,0.0,0.0,651.0,0.0,0.0,651.0,
7555,1970976,2024.0,0.0,0.0,0.0,1783.0,0.0,0.0,1783.0,
1676,2506033,688.0,0.0,0.0,0.0,570.0,0.0,0.0,570.0,
4830,2224732,273.0,0.0,0.0,0.0,244.0,0.0,0.0,244.0,
19060,3261729,1792.0,0.0,0.0,0.0,1490.0,0.0,0.0,1490.0,
4645,1195732,1819.0,0.0,0.0,0.0,1550.0,0.0,0.0,1550.0,
4244,3822809,908.0,0.0,0.0,0.0,756.0,0.0,0.0,756.0,
21165,1330786,119.0,0.0,0.0,0.0,97.0,0.0,0.0,97.0,
4628,692346,755.0,0.0,0.0,0.0,628.0,0.0,0.0,628.0,
5782,3713079,2184.0,0.0,0.0,0.0,1569.0,0.0,0.0,1569.0,
6009,3011662,1845.0,0.0,0.0,0.0,1664.0,0.0,0.0,1664.0,
14126,3219096,297.0,0.0,0.0,0.0,204.0,0.0,0.0,204.0,
12600,3399652,1848.0,0.0,0.0,0.0,1664.0,0.0,0.0,1664.0,
1657,62705,504.0,0.0,0.0,0.0,160.0,0.0,0.0,160.0,
6470,643502,1139.0,0.0,0.0,0.0,832.0,0.0,0.0,832.0,
11948,3789809,327.0,0.0,0.0,0.0,187.0,0.0,0.0,187.0,
6325,613923,1807.0,0.0,0.0,0.0,1426.0,0.0,0.0,1426.0,
33420,3397089,352.0,0.0,0.0,0.0,245.0,0.0,0.0,245.0,
20558,3680428,54.0,0.0,0.0,0.0,46.0,0.0,0.0,46.0,
9760,671706,1035.0,0.0,0.0,0.0,921.0,0.0,0.0,921.0,
8496,2993855,1953.0,0.0,0.0,0.0,1024.0,0.0,0.0,1024.0,
19504,3483228,1886.0,0.0,0.0,0.0,1401.0,0.0,0.0,1401.0,
5577,1413476,401.0,0.0,0.0,0.0,369.0,0.0,0.0,369.0,
18430,2756787,1187.0,0.0,0.0,0.0,868.0,0.0,0.0,868.0,
9050,1828859,1714.0,0.0,0.0,0.0,1528.0,0.0,0.0,1528.0,
37151,3529660,1308.0,0.0,0.0,0.0,1031.0,0.0,0.0,1031.0,
7481,501769,661.0,0.0,0.0,0.0,597.0,0.0,0.0,597.0,
9086,1794778,876.0,0.0,0.0,0.0,250.0,0.0,0.0,250.0,
11948,971453,555.0,0.0,0.0,0.0,340.0,0.0,0.0,340.0,
16161,2813371,1888.0,0.0,0.0,0.0,1667.0,0.0,0.0,1667.0,
7685,3710181,1759.0,0.0,0.0,0.0,1490.0,0.0,0.0,1490.0,
5618,3191150,1908.0,0.0,0.0,0.0,1540.0,0.0,0.0,1540.0,
5368,3816377,2043.0,0.0,0.0,0.0,1796.0,0.0,0.0,1796.0,
7287,2412796,1018.0,0.0,0.0,0.0,983.0,0.0,0.0,983.0,
14123,3902600,1097.0,0.0,0.0,0.0,884.0,0.0,0.0,884.0,
11113,756778,1830.0,0.0,0.0,0.0,1614.0,0.0,0.0,1614.0,
4769,3671733,366.0,0.0,0.0,0.0,279.0,0.0,0.0,279.0,
9549,3438214,2103.0,0.0,1.0,0.0475511174512601,1903.0,1.0,0.05254860746190226,1904.0,
6771,407878,620.0,0.0,0.0,0.0,525.0,0.0,0.0,525.0,
6771,1797962,1368.0,0.0,0.0,0.0,401.0,0.0,0.0,401.0,
3821,1829479,1843.0,0.0,0.0,0.0,1705.0,0.0,0.0,1705.0,
3789,1228065,1899.0,0.0,0.0,0.0,1703.0,0.0,0.0,1703.0,
6225,1067088,2349.0,0.0,0.0,0.0,2172.0,0.0,0.0,2172.0,
9402,645370,750.0,0.0,0.0,0.0,682.0,0.0,0.0,682.0,
28370,2114778,1523.0,0.0,0.0,0.0,478.0,0.0,0.0,478.0,
39083,3259028,2134.0,0.0,0.0,0.0,1904.0,0.0,0.0,1904.0,
6193,3765148,1782.0,0.0,0.0,0.0,1559.0,0.0,0.0,1559.0,
2313,102379,739.0,0.0,0.0,0.0,680.0,0.0,0.0,680.0,
9830,982191,1119.0,0.0,0.0,0.0,371.0,0.0,0.0,371.0,
18469,1787375,2117.0,0.0,0.0,0.0,1870.0,0.0,0.0,1870.0,
7963,1807432,1931.0,0.0,0.0,0.0,1806.0,0.0,0.0,1806.0,
18903,1891849,2154.0,0.0,0.0,0.0,1935.0,0.0,0.0,1935.0,
7242,1792655,1709.0,0.0,0.0,0.0,1486.0,0.0,0.0,1486.0,
11948,837687,243.0,0.0,0.0,0.0,145.0,0.0,0.0,145.0,
5944,3802433,1640.0,0.0,0.0,0.0,1482.0,0.0,0.0,1482.0,
36727,3846273,1862.0,0.0,0.0,0.0,1385.0,0.0,0.0,1385.0,
4832,279805,2079.0,0.0,0.0,0.0,1608.0,0.0,0.0,1608.0,
18952,3610641,2016.0,0.0,0.0,0.0,1628.0,0.0,0.0,1628.0,
32184,3201329,2159.0,0.0,0.0,0.0,1589.0,0.0,0.0,1589.0,
10278,3873689,1778.0,0.0,0.0,0.0,1673.0,0.0,0.0,1673.0,
3974,1483295,1584.0,0.0,0.0,0.0,1348.0,0.0,0.0,1348.0,
10508,717641,754.0,0.0,0.0,0.0,710.0,0.0,0.0,710.0,
6230,3512620,1766.0,0.0,0.0,0.0,1483.0,0.0,0.0,1483.0,
24375,1577446,292.0,0.0,0.0,0.0,209.0,0.0,0.0,209.0,
3829,1827628,1833.0,0.0,0.0,0.0,1634.0,0.0,0.0,1634.0,
14403,3370895,2051.0,0.0,0.0,0.0,1800.0,0.0,0.0,1800.0,
12950,1190253,2038.0,0.0,0.0,0.0,1855.0,0.0,0.0,1855.0,
6437,3418985,2764.0,0.0,0.0,0.0,2361.0,0.0,0.0,2361.0,
7031,2727143,2420.0,0.0,0.0,0.0,2169.0,0.0,0.0,2169.0,
14563,2389037,2214.0,0.0,0.0,0.0,2004.0,0.0,0.0,2004.0,
3885,3125847,1073.0,0.0,0.0,0.0,893.0,0.0,0.0,893.0,
11160,3146587,2147.0,0.0,0.0,0.0,1999.0,0.0,0.0,1999.0,
4777,1656272,1737.0,0.0,0.0,0.0,1615.0,0.0,0.0,1615.0,
12603,3488746,466.0,0.0,0.0,0.0,349.0,0.0,0.0,349.0,
21796,2050361,1732.0,0.0,0.0,0.0,1111.0,0.0,0.0,1111.0,
10365,2944561,2365.0,0.0,0.0,0.0,1816.0,0.0,0.0,1816.0,
4468,1459545,1875.0,0.0,0.0,0.0,1729.0,0.0,0.0,1729.0,
8733,3577768,721.0,0.0,0.0,0.0,214.0,0.0,0.0,214.0,
20285,2290469,261.0,0.0,0.0,0.0,75.0,0.0,0.0,75.0,
6587,3628838,2392.0,0.0,0.0,0.0,2110.0,0.0,0.0,2110.0,
9380,1420403,1001.0,0.0,0.0,0.0,934.0,0.0,0.0,934.0,
5342,1927640,1991.0,0.0,0.0,0.0,1820.0,0.0,0.0,1820.0,
4436,1222929,1859.0,0.0,0.0,0.0,1666.0,0.0,0.0,1666.0,
3974,1827504,1864.0,0.0,0.0,0.0,1684.0,0.0,0.0,1684.0,
9125,1189430,2455.0,0.0,0.0,0.0,2147.0,0.0,0.0,2147.0,
32184,3201325,1227.0,0.0,0.0,0.0,964.0,0.0,0.0,964.0,
6421,3008227,1920.0,0.0,0.0,0.0,1710.0,0.0,0.0,1710.0,
4552,3527191,1571.0,0.0,0.0,0.0,1462.0,0.0,0.0,1462.0,
4619,258076,971.0,0.0,0.0,0.0,317.0,0.0,0.0,317.0,
4715,3969877,694.0,0.0,0.0,0.0,650.0,0.0,0.0,650.0,
8592,2227643,1142.0,0.0,0.0,0.0,764.0,0.0,0.0,764.0,
5156,1816881,1748.0,0.0,0.0,0.0,1592.0,0.0,0.0,1592.0,
5963,3962973,896.0,0.0,0.0,0.0,761.0,0.0,0.0,761.0,
3886,2305446,1571.0,0.0,0.0,0.0,1362.0,0.0,0.0,1362.0,
6157,3811123,2092.0,0.0,0.0,0.0,1867.0,0.0,0.0,1867.0,
18793,3744580,1715.0,0.0,0.0,0.0,1553.0,0.0,0.0,1553.0,
4388,2503446,1917.0,0.0,0.0,0.0,1390.0,0.0,0.0,1390.0,
1676,604449,523.0,0.0,0.0,0.0,382.0,0.0,0.0,382.0,
9125,2519680,1349.0,0.0,0.0,0.0,403.0,0.0,0.0,403.0,
28370,2114861,1066.0,0.0,0.0,0.0,308.0,0.0,0.0,308.0,
9549,3437989,2455.0,0.0,0.0,0.0,2127.0,0.0,0.0,2127.0,
25230,1605299,106.0,0.0,0.0,0.0,93.0,0.0,0.0,93.0,
4696,2424549,1498.0,0.0,0.0,0.0,1199.0,0.0,0.0,1199.0,
28370,2311363,850.0,0.0,0.0,0.0,271.0,0.0,0.0,271.0,
5442,2298675,2283.0,0.0,0.0,0.0,1964.0,0.0,0.0,1964.0,
6807,3706229,1512.0,0.0,0.0,0.0,1347.0,0.0,0.0,1347.0,
3821,2235206,1839.0,0.0,0.0,0.0,1678.0,0.0,0.0,1678.0,
4225,2759620,2064.0,0.0,0.0,0.0,1865.0,0.0,0.0,1865.0,
4420,2822459,1504.0,0.0,0.0,0.0,1273.0,0.0,0.0,1273.0,
38819,3331999,259.0,0.0,0.0,0.0,206.0,0.0,0.0,206.0,
26736,2796702,1177.0,0.0,0.0,0.0,1036.0,0.0,0.0,1036.0,
8266,3277982,250.0,0.0,0.0,0.0,138.0,0.0,0.0,138.0,
29137,2160307,1411.0,0.0,0.0,0.0,806.0,0.0,0.0,806.0,
27400,2433351,1935.0,0.0,0.0,0.0,1552.0,0.0,0.0,1552.0,
3255,1216633,1627.0,0.0,0.0,0.0,1487.0,0.0,0.0,1487.0,
7715,1207003,1050.0,0.0,0.0,0.0,946.0,0.0,0.0,946.0,
11948,898889,480.0,0.0,0.0,0.0,290.0,0.0,0.0,290.0,
8469,743350,836.0,0.0,0.0,0.0,699.0,0.0,0.0,699.0,
5441,3682157,1526.0,0.0,0.0,0.0,1371.0,0.0,0.0,1371.0,
1956,90889,1309.0,0.0,0.0,0.0,933.0,0.0,0.0,933.0,
8636,3579761,2087.0,0.0,0.0,0.0,1591.0,0.0,0.0,1591.0,
5671,875837,199.0,0.0,0.0,0.0,171.0,0.0,0.0,171.0,
9587,2129261,1306.0,0.0,0.0,0.0,1166.0,0.0,0.0,1166.0,
39026,3599164,2064.0,0.0,0.0,0.0,1321.0,0.0,0.0,1321.0,
27482,3386319,1774.0,0.0,0.0,0.0,1529.0,0.0,0.0,1529.0,
5406,1466107,613.0,0.0,0.0,0.0,578.0,0.0,0.0,578.0,
32662,2521028,197.0,0.0,0.0,0.0,153.0,0.0,0.0,153.0,
11022,3548394,1066.0,0.0,0.0,0.0,966.0,0.0,0.0,966.0,
23364,2075718,1531.0,0.0,0.0,0.0,1253.0,0.0,0.0,1253.0,
5963,1364487,607.0,0.0,0.0,0.0,504.0,0.0,0.0,504.0,
10206,903642,258.0,0.0,0.0,0.0,189.0,0.0,0.0,189.0,
19683,1439124,1142.0,0.0,0.0,0.0,585.0,0.0,0.0,585.0,
6992,2543220,982.0,0.0,0.0,0.0,756.0,0.0,0.0,756.0,
8496,2438600,1073.0,0.0,0.0,0.0,727.0,0.0,0.0,727.0,
4536,252142,1601.0,0.0,0.0,0.0,1440.0,0.0,0.0,1440.0,
36270,3362991,127.0,0.0,0.0,0.0,94.0,0.0,0.0,94.0,
10143,690845,1271.0,0.0,0.0,0.0,1066.0,0.0,0.0,1066.0,
8512,3642359,1333.0,0.0,0.0,0.0,1040.0,0.0,0.0,1040.0,
24610,2213350,677.0,0.0,0.0,0.0,532.0,0.0,0.0,532.0,
4856,3399765,1953.0,0.0,0.0,0.0,1724.0,0.0,0.0,1724.0,
4867,3066090,863.0,0.0,0.0,0.0,645.0,0.0,0.0,645.0,
14577,1322102,1446.0,0.0,0.0,0.0,1129.0,0.0,0.0,1129.0,
14134,1281808,338.0,0.0,0.0,0.0,253.0,0.0,0.0,253.0,
5717,3744244,2070.0,0.0,0.0,0.0,1889.0,0.0,0.0,1889.0,
23583,3567920,1546.0,0.0,0.0,0.0,1236.0,0.0,0.0,1236.0,
6443,2425644,2286.0,0.0,0.0,0.0,1759.0,0.0,0.0,1759.0,
5027,464360,1648.0,0.0,0.0,0.0,1502.0,0.0,0.0,1502.0,
8607,3441968,1685.0,0.0,0.0,0.0,1570.0,0.0,0.0,1570.0,
4773,3576125,1785.0,0.0,0.0,0.0,1614.0,0.0,0.0,1614.0,
6424,383960,1411.0,0.0,0.0,0.0,1274.0,0.0,0.0,1274.0,
11948,903439,128.0,0.0,0.0,0.0,64.0,0.0,0.0,64.0,
24776,1851660,881.0,0.0,0.0,0.0,404.0,0.0,0.0,404.0,
7118,1217176,1755.0,0.0,0.0,0.0,1618.0,0.0,0.0,1618.0,
24776,3881045,1085.0,0.0,0.0,0.0,608.0,0.0,0.0,608.0,
6968,2822520,240.0,0.0,0.0,0.0,216.0,0.0,0.0,216.0,
7641,481134,2226.0,0.0,0.0,0.0,1950.0,0.0,0.0,1950.0,
4069,469923,434.0,0.0,0.0,0.0,243.0,0.0,0.0,243.0,
5902,1080435,1454.0,0.0,0.0,0.0,1161.0,0.0,0.0,1161.0,
19089,2675423,2101.0,0.0,0.0,0.0,1822.0,0.0,0.0,1822.0,
11948,3846358,677.0,0.0,0.0,0.0,371.0,0.0,0.0,371.0,
7457,833086,2241.0,0.0,0.0,0.0,1916.0,0.0,0.0,1916.0,
37151,3607258,1649.0,0.0,0.0,0.0,1560.0,0.0,0.0,1560.0,
7539,2320662,2283.0,0.0,0.0,0.0,1951.0,0.0,0.0,1951.0,
18131,3360847,595.0,0.0,0.0,0.0,152.0,0.0,0.0,152.0,
18952,3466715,1994.0,0.0,0.0,0.0,1614.0,0.0,0.0,1614.0,
37828,3274949,439.0,0.0,0.0,0.0,277.0,0.0,0.0,277.0,
5165,2976287,1017.0,0.0,0.0,0.0,309.0,0.0,0.0,309.0,
6765,419303,629.0,0.0,0.0,0.0,464.0,0.0,0.0,464.0,
11797,868144,2300.0,0.0,0.0,0.0,1987.0,0.0,0.0,1987.0,
11849,868615,1493.0,0.0,0.0,0.0,1298.0,0.0,0.0,1298.0,
6771,1801052,2262.0,0.0,0.0,0.0,2093.0,0.0,0.0,2093.0,
5561,3238980,789.0,0.0,0.0,0.0,631.0,0.0,0.0,631.0,
4437,1190499,1634.0,0.0,0.0,0.0,1501.0,0.0,0.0,1501.0,
9173,2036403,65.0,0.0,0.0,0.0,14.0,0.0,0.0,14.0,
9402,2923745,232.0,0.0,0.0,0.0,220.0,0.0,0.0,220.0,
10183,1658413,427.0,0.0,0.0,0.0,279.0,0.0,0.0,279.0,
3800,693354,1306.0,0.0,0.0,0.0,1147.0,0.0,0.0,1147.0,
4271,2167512,1887.0,0.0,0.0,0.0,1742.0,0.0,0.0,1742.0,
7204,1210470,1625.0,0.0,0.0,0.0,1533.0,0.0,0.0,1533.0,
24776,2009931,1793.0,0.0,0.0,0.0,1063.0,0.0,0.0,1063.0,
25606,2257327,2264.0,0.0,0.0,0.0,1771.0,0.0,0.0,1771.0,
6185,1815450,1767.0,0.0,0.0,0.0,1668.0,0.0,0.0,1668.0,
14255,996488,293.0,0.0,0.0,0.0,239.0,0.0,0.0,239.0,
3974,1827416,1010.0,0.0,0.0,0.0,925.0,0.0,0.0,925.0,
6328,1820730,1538.0,0.0,0.0,0.0,1326.0,0.0,0.0,1326.0,
1676,1137694,309.0,0.0,0.0,0.0,199.0,0.0,0.0,199.0,
28170,2333473,293.0,0.0,0.0,0.0,209.0,0.0,0.0,209.0,
7127,3071594,1938.0,0.0,0.0,0.0,1812.0,0.0,0.0,1812.0,
5128,1216385,1641.0,0.0,0.0,0.0,1532.0,0.0,0.0,1532.0,
9277,775528,1372.0,0.0,0.0,0.0,1082.0,0.0,0.0,1082.0,
5305,1197780,2110.0,0.0,0.0,0.0,1792.0,0.0,0.0,1792.0,
25471,1796668,2492.0,0.0,0.0,0.0,2139.0,0.0,0.0,2139.0,
5835,1373915,845.0,0.0,0.0,0.0,733.0,0.0,0.0,733.0,
4310,3718997,2009.0,0.0,1.0,0.049776007964161276,1819.0,1.0,0.05497526113249038,1820.0,
3961,1159720,808.0,0.0,0.0,0.0,710.0,0.0,0.0,710.0,
13263,2623856,1624.0,0.0,0.0,0.0,1442.0,0.0,0.0,1442.0,
37501,3812374,1958.0,0.0,0.0,0.0,1581.0,0.0,0.0,1581.0,
4445,1830775,1716.0,0.0,0.0,0.0,1580.0,0.0,0.0,1580.0,
6874,1225128,2055.0,0.0,0.0,0.0,1757.0,0.0,0.0,1757.0,
4428,526758,1458.0,0.0,0.0,0.0,1147.0,0.0,0.0,1147.0,
9386,655359,2080.0,0.0,0.0,0.0,1744.0,0.0,0.0,1744.0,
5526,776118,1270.0,0.0,0.0,0.0,338.0,0.0,0.0,338.0,
4842,269884,170.0,0.0,0.0,0.0,150.0,0.0,0.0,150.0,
24034,1904900,431.0,0.0,0.0,0.0,310.0,0.0,0.0,310.0,
49214,3555953,2312.0,0.0,0.0,0.0,1800.0,0.0,0.0,1800.0,
14014,3420076,164.0,0.0,0.0,0.0,106.0,0.0,0.0,106.0,
4345,2188848,747.0,0.0,0.0,0.0,676.0,0.0,0.0,676.0,
4299,3425498,2089.0,0.0,0.0,0.0,1790.0,0.0,0.0,1790.0,
24776,1872205,825.0,0.0,0.0,0.0,546.0,0.0,0.0,546.0,
6849,1276495,416.0,0.0,0.0,0.0,138.0,0.0,0.0,138.0,
4553,544317,2225.0,0.0,0.0,0.0,1761.0,0.0,0.0,1761.0,
11948,3631304,275.0,0.0,0.0,0.0,133.0,0.0,0.0,133.0,
33826,3160713,2151.0,0.0,0.0,0.0,1918.0,0.0,0.0,1918.0,
8733,1357350,1987.0,0.0,0.0,0.0,584.0,0.0,0.0,584.0,
5184,1628032,1403.0,0.0,0.0,0.0,1301.0,0.0,0.0,1301.0,
36008,2766245,86.0,0.0,0.0,0.0,39.0,0.0,0.0,39.0,
16136,3676859,1919.0,0.0,0.0,0.0,1714.0,0.0,0.0,1714.0,
3760,486949,902.0,0.0,0.0,0.0,750.0,0.0,0.0,750.0,
12600,1954326,1821.0,0.0,0.0,0.0,1704.0,0.0,0.0,1704.0,
32361,3563124,2275.0,0.0,0.0,0.0,2061.0,0.0,0.0,2061.0,
6276,1933572,2056.0,0.0,0.0,0.0,1895.0,0.0,0.0,1895.0,
12357,929243,992.0,0.0,0.0,0.0,817.0,0.0,0.0,817.0,
14014,1052065,808.0,0.0,0.0,0.0,497.0,0.0,0.0,497.0,
4692,1608003,2140.0,0.0,0.0,0.0,1991.0,0.0,0.0,1991.0,
3783,1927043,639.0,0.0,0.0,0.0,568.0,0.0,0.0,568.0,
27916,3194706,301.0,0.0,0.0,0.0,223.0,0.0,0.0,223.0,
3791,675870,1345.0,0.0,0.0,0.0,1221.0,0.0,0.0,1221.0,
18483,1107504,449.0,0.0,0.0,0.0,148.0,0.0,0.0,148.0,
103881,3734586,117.0,0.0,0.0,0.0,86.0,0.0,0.0,86.0,
18430,3452094,1962.0,0.0,0.0,0.0,1454.0,0.0,0.0,1454.0,
5846,2925847,646.0,0.0,0.0,0.0,574.0,0.0,0.0,574.0,
19463,1213650,453.0,0.0,0.0,0.0,198.0,0.0,0.0,198.0,
2319,1800447,1699.0,0.0,0.0,0.0,1483.0,0.0,0.0,1483.0,
11948,2583603,737.0,0.0,0.0,0.0,355.0,0.0,0.0,355.0,
4867,3898495,2226.0,0.0,0.0,0.0,1800.0,0.0,0.0,1800.0,
33543,3082324,2141.0,0.0,0.0,0.0,1424.0,0.0,0.0,1424.0,
13132,3559321,1610.0,0.0,0.0,0.0,1235.0,0.0,0.0,1235.0,
13218,3004777,2231.0,0.0,0.0,0.0,1865.0,0.0,0.0,1865.0,
4597,256727,1350.0,0.0,0.0,0.0,1073.0,0.0,0.0,1073.0,
8733,1373619,722.0,0.0,0.0,0.0,245.0,0.0,0.0,245.0,
6352,2223993,603.0,0.0,0.0,0.0,400.0,0.0,0.0,400.0,
12603,1299797,508.0,0.0,0.0,0.0,359.0,0.0,0.0,359.0,
4532,3432325,1975.0,0.0,0.0,0.0,1860.0,0.0,0.0,1860.0,
10048,1197246,1805.0,0.0,0.0,0.0,1580.0,0.0,0.0,1580.0,
4035,2505809,1098.0,0.0,0.0,0.0,823.0,0.0,0.0,823.0,
10482,2242810,1817.0,0.0,0.0,0.0,1563.0,0.0,0.0,1563.0,
5355,3534186,2316.0,0.0,0.0,0.0,2088.0,0.0,0.0,2088.0,
9350,3425776,1885.0,0.0,0.0,0.0,1451.0,0.0,0.0,1451.0,
4511,1186881,1615.0,0.0,0.0,0.0,1362.0,0.0,0.0,1362.0,
6037,352760,667.0,0.0,0.0,0.0,646.0,0.0,0.0,646.0,
13423,3404814,2015.0,0.0,0.0,0.0,1847.0,0.0,0.0,1847.0,
6487,3762406,1361.0,0.0,0.0,0.0,1203.0,0.0,0.0,1203.0,
4135,3860058,1715.0,0.0,0.0,0.0,1568.0,0.0,0.0,1568.0,
9549,3438187,2132.0,0.0,0.0,0.0,1939.0,0.0,0.0,1939.0,
5899,3399328,1694.0,0.0,0.0,0.0,1586.0,0.0,0.0,1586.0,
4516,262852,1772.0,0.0,0.0,0.0,1413.0,0.0,0.0,1413.0,
5017,3040912,1893.0,0.0,0.0,0.0,1672.0,0.0,0.0,1672.0,
6190,3975607,702.0,0.0,0.0,0.0,642.0,0.0,0.0,642.0,
4256,1204863,2007.0,0.0,0.0,0.0,1778.0,0.0,0.0,1778.0,
1676,288552,248.0,0.0,0.0,0.0,181.0,0.0,0.0,181.0,
6265,1931886,1766.0,0.0,0.0,0.0,1506.0,0.0,0.0,1506.0,
7171,3309422,2098.0,0.0,0.0,0.0,1893.0,0.0,0.0,1893.0,
21341,3409387,1036.0,0.0,0.0,0.0,935.0,0.0,0.0,935.0,
26493,2013587,2128.0,0.0,0.0,0.0,1509.0,0.0,0.0,1509.0,
10988,3846224,1218.0,0.0,0.0,0.0,1009.0,0.0,0.0,1009.0,
8852,1500576,1244.0,0.0,0.0,0.0,1160.0,0.0,0.0,1160.0,
5184,1203849,1588.0,0.0,0.0,0.0,1461.0,0.0,0.0,1461.0,
7121,2958546,827.0,0.0,0.0,0.0,765.0,0.0,0.0,765.0,
24885,1821744,1064.0,0.0,0.0,0.0,912.0,0.0,0.0,912.0,
4731,3951094,1176.0,0.0,0.0,0.0,1000.0,0.0,0.0,1000.0,
14014,1307580,544.0,0.0,0.0,0.0,201.0,0.0,0.0,201.0,
8011,3898743,1988.0,0.0,0.0,0.0,1602.0,0.0,0.0,1602.0,
5814,1791728,1070.0,0.0,0.0,0.0,936.0,0.0,0.0,936.0,
5355,965836,1572.0,0.0,0.0,0.0,1237.0,0.0,0.0,1237.0,
27150,1990594,1066.0,0.0,0.0,0.0,885.0,0.0,0.0,885.0,
6415,3824177,1898.0,0.0,0.0,0.0,1716.0,0.0,0.0,1716.0,
13349,3629598,2339.0,0.0,0.0,0.0,1801.0,0.0,0.0,1801.0,
19098,3306502,2296.0,0.0,0.0,0.0,2022.0,0.0,0.0,2022.0,
23997,3541008,1698.0,0.0,0.0,0.0,1509.0,0.0,0.0,1509.0,
10482,3191311,1919.0,0.0,0.0,0.0,1633.0,0.0,0.0,1633.0,
7134,601523,1805.0,0.0,0.0,0.0,1657.0,0.0,0.0,1657.0,
4340,237295,1957.0,0.0,0.0,0.0,1720.0,0.0,0.0,1720.0,
21165,3324637,196.0,0.0,0.0,0.0,146.0,0.0,0.0,146.0,
1676,297417,208.0,0.0,0.0,0.0,152.0,0.0,0.0,152.0,
4806,1216505,940.0,0.0,0.0,0.0,837.0,0.0,0.0,837.0,
26170,2033765,523.0,0.0,0.0,0.0,362.0,0.0,0.0,362.0,
5155,2782896,1639.0,0.0,0.0,0.0,1455.0,0.0,0.0,1455.0,
4024,3713659,1261.0,0.0,0.0,0.0,1141.0,0.0,0.0,1141.0,
4600,3811565,2225.0,0.0,0.0,0.0,1780.0,0.0,0.0,1780.0,
5847,1191834,1622.0,0.0,0.0,0.0,1409.0,0.0,0.0,1409.0,
4083,228144,1781.0,0.0,0.0,0.0,1630.0,0.0,0.0,1630.0,
37872,3785741,2252.0,0.0,0.0,0.0,1974.0,0.0,0.0,1974.0,
19683,1545709,366.0,0.0,0.0,0.0,221.0,0.0,0.0,221.0,
4806,1216325,1310.0,0.0,0.0,0.0,1185.0,0.0,0.0,1185.0,
4624,2974789,1560.0,0.0,0.0,0.0,1350.0,0.0,0.0,1350.0,
5051,2048635,1452.0,0.0,0.0,0.0,1317.0,0.0,0.0,1317.0,
3964,2734362,1995.0,0.0,0.0,0.0,1754.0,0.0,0.0,1754.0,
8346,1799152,910.0,0.0,0.0,0.0,778.0,0.0,0.0,778.0,
5895,325334,52.0,0.0,0.0,0.0,37.0,0.0,0.0,37.0,
14232,1879662,1111.0,0.0,0.0,0.0,847.0,0.0,0.0,847.0,
26630,2970860,569.0,0.0,0.0,0.0,302.0,0.0,0.0,302.0,
4132,3523437,1645.0,0.0,0.0,0.0,1556.0,0.0,0.0,1556.0,
12603,1110626,356.0,0.0,0.0,0.0,234.0,0.0,0.0,234.0,
5096,1208906,1662.0,0.0,0.0,0.0,1526.0,0.0,0.0,1526.0,
7096,2461878,1797.0,0.0,0.0,0.0,1605.0,0.0,0.0,1605.0,
10136,2957139,2195.0,0.0,0.0,0.0,2043.0,0.0,0.0,2043.0,
4805,3838219,1891.0,0.0,0.0,0.0,1738.0,0.0,0.0,1738.0,
4327,3812214,2157.0,0.0,0.0,0.0,1728.0,0.0,0.0,1728.0,
7544,3501123,654.0,0.0,0.0,0.0,553.0,0.0,0.0,553.0,
29172,2350863,197.0,0.0,0.0,0.0,144.0,0.0,0.0,144.0,
5582,3799048,2150.0,0.0,0.0,0.0,1519.0,0.0,0.0,1519.0,
24776,2363516,579.0,0.0,0.0,0.0,245.0,0.0,0.0,245.0,
6559,3420710,558.0,0.0,0.0,0.0,434.0,0.0,0.0,434.0,
4351,2817730,1324.0,0.0,0.0,0.0,1263.0,0.0,0.0,1263.0,
4720,1789115,2136.0,0.0,0.0,0.0,1934.0,0.0,0.0,1934.0,
18365,3549574,1856.0,0.0,1.0,0.05387931034482758,1647.0,1.0,0.06071645415907711,1648.0,
1676,1119465,219.0,0.0,0.0,0.0,184.0,0.0,0.0,184.0,
3785,774109,408.0,0.0,0.0,0.0,331.0,0.0,0.0,331.0,
4508,1576957,1596.0,0.0,0.0,0.0,1192.0,0.0,0.0,1192.0,
5144,3677162,1682.0,0.0,0.0,0.0,1467.0,0.0,0.0,1467.0,
11079,2117503,2172.0,0.0,0.0,0.0,1632.0,0.0,0.0,1632.0,
5305,290963,2101.0,0.0,0.0,0.0,1837.0,0.0,0.0,1837.0,
10987,747788,1766.0,0.0,0.0,0.0,1638.0,0.0,0.0,1638.0,
9863,1394040,1401.0,0.0,0.0,0.0,1292.0,0.0,0.0,1292.0,
13793,3873674,446.0,0.0,0.0,0.0,415.0,0.0,0.0,415.0,
9311,1223414,1219.0,0.0,0.0,0.0,1090.0,0.0,0.0,1090.0,
10334,1217851,1824.0,0.0,0.0,0.0,1545.0,0.0,0.0,1545.0,
4382,239856,372.0,0.0,0.0,0.0,306.0,0.0,0.0,306.0,
4512,1228938,1076.0,0.0,0.0,0.0,378.0,0.0,0.0,378.0,
7972,2955991,1991.0,0.0,0.0,0.0,1593.0,0.0,0.0,1593.0,
19059,1832356,1919.0,0.0,0.0,0.0,1724.0,0.0,0.0,1724.0,
4904,1323594,1851.0,0.0,0.0,0.0,1565.0,0.0,0.0,1565.0,
5353,1038343,1781.0,0.0,0.0,0.0,1349.0,0.0,0.0,1349.0,
13324,1113686,509.0,0.0,0.0,0.0,254.0,0.0,0.0,254.0,
7386,1757046,1352.0,0.0,0.0,0.0,1135.0,0.0,0.0,1135.0,
1676,681505,284.0,0.0,0.0,0.0,171.0,0.0,0.0,171.0,
11948,1047225,391.0,0.0,0.0,0.0,211.0,0.0,0.0,211.0,
36828,3696350,891.0,0.0,0.0,0.0,756.0,0.0,0.0,756.0,
5952,2365509,2041.0,0.0,0.0,0.0,1746.0,0.0,0.0,1746.0,
5921,2538677,2052.0,0.0,0.0,0.0,1878.0,0.0,0.0,1878.0,
27205,3697714,1342.0,0.0,0.0,0.0,991.0,0.0,0.0,991.0,
8616,3798545,1832.0,0.0,0.0,0.0,1680.0,0.0,0.0,1680.0,
8304,1792256,1518.0,0.0,0.0,0.0,1441.0,0.0,0.0,1441.0,
25158,2020592,534.0,0.0,0.0,0.0,352.0,0.0,0.0,352.0,
3999,2797042,684.0,0.0,0.0,0.0,563.0,0.0,0.0,563.0,
13741,1221751,2020.0,0.0,0.0,0.0,1726.0,0.0,0.0,1726.0,
38395,3147508,1182.0,0.0,0.0,0.0,699.0,0.0,0.0,699.0,
4350,3842166,2190.0,0.0,0.0,0.0,1717.0,0.0,0.0,1717.0,
24581,2042726,1907.0,0.0,0.0,0.0,1599.0,0.0,0.0,1599.0,
18500,3433000,2860.0,0.0,0.0,0.0,2182.0,0.0,0.0,2182.0,
4310,3956793,671.0,0.0,0.0,0.0,575.0,0.0,0.0,575.0,
7742,2531259,1423.0,0.0,0.0,0.0,1209.0,0.0,0.0,1209.0,
1676,3407517,782.0,0.0,0.0,0.0,575.0,0.0,0.0,575.0,
24086,2364254,787.0,0.0,0.0,0.0,380.0,0.0,0.0,380.0,
14233,1079659,,,,,,,,,[Errno 2] No such file or directory: '/Users/swapnilmane/NetraDyne/DIS_logic/top_10k/processed_csv/processed_images_14233_1079659.csv'
9631,3160922,1626.0,0.0,0.0,0.0,1432.0,0.0,0.0,1432.0,
5135,3502223,1561.0,0.0,0.0,0.0,1415.0,0.0,0.0,1415.0,
9103,3408994,1726.0,0.0,0.0,0.0,1543.0,0.0,0.0,1543.0,
6242,1198368,2412.0,0.0,0.0,0.0,2071.0,0.0,0.0,2071.0,
7555,2017497,2080.0,0.0,0.0,0.0,1765.0,0.0,0.0,1765.0,
27504,3820631,2405.0,0.0,0.0,0.0,1995.0,0.0,0.0,1995.0,
13116,2403743,540.0,0.0,0.0,0.0,270.0,0.0,0.0,270.0,
3865,206136,1045.0,0.0,0.0,0.0,343.0,0.0,0.0,343.0,
24069,1546751,406.0,0.0,0.0,0.0,333.0,0.0,0.0,333.0,
4048,233670,1347.0,0.0,0.0,0.0,1241.0,0.0,0.0,1241.0,
11948,3404515,722.0,0.0,0.0,0.0,368.0,0.0,0.0,368.0,
19054,1891204,1833.0,0.0,0.0,0.0,1560.0,0.0,0.0,1560.0,
4421,243889,1810.0,0.0,0.0,0.0,1680.0,0.0,0.0,1680.0,
38395,3147224,2414.0,0.0,0.0,0.0,1105.0,0.0,0.0,1105.0,
5180,281964,509.0,0.0,0.0,0.0,148.0,0.0,0.0,148.0,
3860,3414405,1687.0,0.0,0.0,0.0,1538.0,0.0,0.0,1538.0,
10372,704964,1039.0,0.0,0.0,0.0,933.0,0.0,0.0,933.0,
4389,3484731,666.0,0.0,0.0,0.0,635.0,0.0,0.0,635.0,
5921,2319411,1877.0,0.0,0.0,0.0,1667.0,0.0,0.0,1667.0,
2375,239430,463.0,0.0,0.0,0.0,349.0,0.0,0.0,349.0,
5050,3858304,1085.0,0.0,0.0,0.0,1017.0,0.0,0.0,1017.0,
10669,2202871,981.0,0.0,0.0,0.0,366.0,0.0,0.0,366.0,
10753,2727156,1707.0,0.0,0.0,0.0,1366.0,0.0,0.0,1366.0,
25987,1948708,2238.0,0.0,0.0,0.0,2004.0,0.0,0.0,2004.0,
4624,3544153,1806.0,0.0,0.0,0.0,1589.0,0.0,0.0,1589.0,
8733,2733439,1361.0,0.0,0.0,0.0,423.0,0.0,0.0,423.0,
13375,3538294,442.0,0.0,0.0,0.0,314.0,0.0,0.0,314.0,
5710,386107,519.0,0.0,0.0,0.0,369.0,0.0,0.0,369.0,
36727,3176682,1956.0,0.0,0.0,0.0,1633.0,0.0,0.0,1633.0,
27297,2673240,2257.0,0.0,0.0,0.0,1707.0,0.0,0.0,1707.0,
30290,3258171,1999.0,0.0,0.0,0.0,1696.0,0.0,0.0,1696.0,
11726,819383,835.0,0.0,0.0,0.0,663.0,0.0,0.0,663.0,
6242,3124024,1899.0,0.0,0.0,0.0,1552.0,0.0,0.0,1552.0,
20558,2185174,511.0,0.0,0.0,0.0,178.0,0.0,0.0,178.0,
9170,1184227,148.0,0.0,0.0,0.0,50.0,0.0,0.0,50.0,
4601,2269120,1612.0,0.0,1.0,0.062034739454094295,1444.0,1.0,0.06925207756232687,1445.0,
5696,1961814,1101.0,0.0,0.0,0.0,986.0,0.0,0.0,986.0,
4807,3669083,1759.0,0.0,0.0,0.0,1594.0,0.0,0.0,1594.0,
4269,2089753,1586.0,0.0,0.0,0.0,1396.0,0.0,0.0,1396.0,
5429,3021054,1715.0,0.0,0.0,0.0,1570.0,0.0,0.0,1570.0,
3877,1926610,2244.0,0.0,0.0,0.0,1984.0,0.0,0.0,1984.0,
5046,3481811,2128.0,0.0,0.0,0.0,1847.0,0.0,0.0,1847.0,
10206,1184511,192.0,0.0,0.0,0.0,155.0,0.0,0.0,155.0,
5217,421284,306.0,0.0,0.0,0.0,265.0,0.0,0.0,265.0,
6193,3808358,1772.0,0.0,0.0,0.0,1515.0,0.0,0.0,1515.0,
8979,3147645,2193.0,0.0,0.0,0.0,1773.0,0.0,0.0,1773.0,
6321,1188873,1482.0,0.0,0.0,0.0,397.0,0.0,0.0,397.0,
3949,3679453,1758.0,0.0,0.0,0.0,1471.0,0.0,0.0,1471.0,
93333,3859092,2219.0,0.0,0.0,0.0,1918.0,0.0,0.0,1918.0,
6383,376316,2101.0,0.0,0.0,0.0,1963.0,0.0,0.0,1963.0,
11094,904349,1649.0,0.0,0.0,0.0,1442.0,0.0,0.0,1442.0,
30287,3956143,650.0,0.0,0.0,0.0,167.0,0.0,0.0,167.0,
4442,3792114,1355.0,0.0,0.0,0.0,1210.0,0.0,0.0,1210.0,
4248,3435150,1499.0,0.0,0.0,0.0,1393.0,0.0,0.0,1393.0,
36011,3598836,1763.0,0.0,0.0,0.0,1446.0,0.0,0.0,1446.0,
29570,2292539,380.0,0.0,0.0,0.0,261.0,0.0,0.0,261.0,
4832,3045576,1875.0,0.0,0.0,0.0,1613.0,0.0,0.0,1613.0,
6020,1320254,442.0,0.0,0.0,0.0,390.0,0.0,0.0,390.0,
8906,1361026,1784.0,0.0,0.0,0.0,1661.0,0.0,0.0,1661.0,
4540,3797880,1712.0,0.0,0.0,0.0,1540.0,0.0,0.0,1540.0,
5742,712232,704.0,0.0,0.0,0.0,569.0,0.0,0.0,569.0,
4205,2783432,896.0,0.0,0.0,0.0,739.0,0.0,0.0,739.0,
8733,3052983,515.0,0.0,0.0,0.0,169.0,0.0,0.0,169.0,
11948,819485,500.0,0.0,0.0,0.0,244.0,0.0,0.0,244.0,
4471,3719039,1604.0,0.0,0.0,0.0,1422.0,0.0,0.0,1422.0,
7136,974360,1528.0,0.0,0.0,0.0,1333.0,0.0,0.0,1333.0,
24776,2158982,1018.0,0.0,0.0,0.0,361.0,0.0,0.0,361.0,
103881,3734882,399.0,0.0,0.0,0.0,317.0,0.0,0.0,317.0,
6082,2033289,220.0,0.0,0.0,0.0,198.0,0.0,0.0,198.0,
10440,3899180,1358.0,0.0,0.0,0.0,1200.0,0.0,0.0,1200.0,
10183,1149233,235.0,0.0,0.0,0.0,153.0,0.0,0.0,153.0,
21855,2644679,1537.0,0.0,0.0,0.0,1430.0,0.0,0.0,1430.0,
11948,831181,481.0,0.0,0.0,0.0,296.0,0.0,0.0,296.0,
4855,1829113,1047.0,0.0,0.0,0.0,932.0,0.0,0.0,932.0,
8075,1191726,1685.0,0.0,0.0,0.0,1468.0,0.0,0.0,1468.0,
7283,2117300,1105.0,0.0,0.0,0.0,521.0,0.0,0.0,521.0,
6660,634576,1534.0,0.0,0.0,0.0,1366.0,0.0,0.0,1366.0,
11948,1016342,381.0,0.0,0.0,0.0,244.0,0.0,0.0,244.0,
6459,2783109,1822.0,0.0,0.0,0.0,1649.0,0.0,0.0,1649.0,
7181,1208926,2016.0,0.0,0.0,0.0,1800.0,0.0,0.0,1800.0,
4626,3598560,2164.0,0.0,0.0,0.0,2021.0,0.0,0.0,2021.0,
5107,1196758,1703.0,0.0,0.0,0.0,1576.0,0.0,0.0,1576.0,
19037,3179542,2405.0,0.0,0.0,0.0,1878.0,0.0,0.0,1878.0,
8639,3525669,1875.0,0.0,0.0,0.0,1655.0,0.0,0.0,1655.0,
11948,1728238,637.0,0.0,0.0,0.0,388.0,0.0,0.0,388.0,
1050,1271422,314.0,0.0,0.0,0.0,249.0,0.0,0.0,249.0,
3785,2048140,268.0,0.0,0.0,0.0,212.0,0.0,0.0,212.0,
8863,3516953,326.0,0.0,0.0,0.0,193.0,0.0,0.0,193.0,
12603,1010601,352.0,0.0,0.0,0.0,241.0,0.0,0.0,241.0,
4441,3878908,1896.0,0.0,0.0,0.0,1524.0,0.0,0.0,1524.0,
7088,3807758,1941.0,0.0,0.0,0.0,1799.0,0.0,0.0,1799.0,
25364,2039750,1234.0,0.0,0.0,0.0,990.0,0.0,0.0,990.0,
13793,3831154,2238.0,0.0,0.0,0.0,1951.0,0.0,0.0,1951.0,
25469,3857588,1386.0,0.0,0.0,0.0,1246.0,0.0,0.0,1246.0,
4287,2523470,946.0,0.0,0.0,0.0,763.0,0.0,0.0,763.0,
6554,1201787,918.0,0.0,0.0,0.0,737.0,0.0,0.0,737.0,
5386,1775604,60.0,0.0,0.0,0.0,49.0,0.0,0.0,49.0,
4223,1932922,1178.0,0.0,0.0,0.0,1087.0,0.0,0.0,1087.0,
4081,493524,1735.0,0.0,0.0,0.0,1610.0,0.0,0.0,1610.0,
5184,1987185,1091.0,0.0,0.0,0.0,972.0,0.0,0.0,972.0,
6951,2310083,1983.0,0.0,0.0,0.0,1869.0,0.0,0.0,1869.0,
4231,2634118,1647.0,0.0,0.0,0.0,1485.0,0.0,0.0,1485.0,
5899,3375775,1766.0,0.0,0.0,0.0,1628.0,0.0,0.0,1628.0,
4451,1797544,1397.0,0.0,0.0,0.0,1153.0,0.0,0.0,1153.0,
25284,3395119,2269.0,0.0,0.0,0.0,2008.0,0.0,0.0,2008.0,
18620,1708184,657.0,0.0,0.0,0.0,466.0,0.0,0.0,466.0,
25987,3040468,1862.0,0.0,0.0,0.0,1465.0,0.0,0.0,1465.0,
4269,2472379,1254.0,0.0,0.0,0.0,1151.0,0.0,0.0,1151.0,
4697,672327,915.0,0.0,0.0,0.0,405.0,0.0,0.0,405.0,
14612,1513442,1496.0,0.0,0.0,0.0,1376.0,0.0,0.0,1376.0,
45426,3359755,876.0,0.0,0.0,0.0,626.0,0.0,0.0,626.0,
3924,2236272,2023.0,0.0,0.0,0.0,1871.0,0.0,0.0,1871.0,
11218,1240790,1411.0,0.0,0.0,0.0,421.0,0.0,0.0,421.0,
14134,1693472,283.0,0.0,0.0,0.0,190.0,0.0,0.0,190.0,
14014,2982334,837.0,0.0,0.0,0.0,433.0,0.0,0.0,433.0,
25144,1990023,2102.0,0.0,0.0,0.0,1943.0,0.0,0.0,1943.0,
25282,1685857,1433.0,0.0,0.0,0.0,738.0,0.0,0.0,738.0,
36715,3531727,813.0,0.0,0.0,0.0,570.0,0.0,0.0,570.0,
4234,3718300,1826.0,0.0,0.0,0.0,1664.0,0.0,0.0,1664.0,
4621,1194878,1585.0,0.0,0.0,0.0,1428.0,0.0,0.0,1428.0,
11948,1974679,642.0,0.0,0.0,0.0,349.0,0.0,0.0,349.0,
24645,3524154,1081.0,0.0,0.0,0.0,948.0,0.0,0.0,948.0,
4803,268063,1737.0,0.0,0.0,0.0,1505.0,0.0,0.0,1505.0,
5822,839140,2033.0,0.0,0.0,0.0,1823.0,0.0,0.0,1823.0,
5804,1832538,2089.0,0.0,0.0,0.0,1890.0,0.0,0.0,1890.0,
30861,2343636,919.0,0.0,0.0,0.0,378.0,0.0,0.0,378.0,
10183,850249,22.0,0.0,0.0,0.0,19.0,0.0,0.0,19.0,
4167,229312,1280.0,0.0,0.0,0.0,1185.0,0.0,0.0,1185.0,
9868,678578,135.0,0.0,0.0,0.0,102.0,0.0,0.0,102.0,
4795,1075975,1373.0,0.0,0.0,0.0,1206.0,0.0,0.0,1206.0,
5884,1786121,1559.0,0.0,0.0,0.0,1454.0,0.0,0.0,1454.0,
7967,726377,2060.0,0.0,0.0,0.0,1856.0,0.0,0.0,1856.0,
19683,3296274,1213.0,0.0,0.0,0.0,488.0,0.0,0.0,488.0,
8972,695156,65.0,0.0,0.0,0.0,42.0,0.0,0.0,42.0,
13262,3359901,188.0,0.0,0.0,0.0,90.0,0.0,0.0,90.0,
1956,2742042,367.0,0.0,0.0,0.0,243.0,0.0,0.0,243.0,
33611,2751729,1172.0,0.0,0.0,0.0,610.0,0.0,0.0,610.0,
13991,3015076,1761.0,0.0,0.0,0.0,1543.0,0.0,0.0,1543.0,
5539,3653956,2052.0,0.0,0.0,0.0,1728.0,0.0,0.0,1728.0,
4421,1153244,1611.0,0.0,0.0,0.0,1477.0,0.0,0.0,1477.0,
5107,1195618,1506.0,0.0,0.0,0.0,1363.0,0.0,0.0,1363.0,
3821,2227512,1869.0,0.0,0.0,0.0,1715.0,0.0,0.0,1715.0,
5848,1197543,2161.0,0.0,0.0,0.0,2017.0,0.0,0.0,2017.0,
6554,2776624,859.0,0.0,0.0,0.0,676.0,0.0,0.0,676.0,
4426,3842082,2060.0,0.0,0.0,0.0,1817.0,0.0,0.0,1817.0,
12145,1805529,2070.0,0.0,0.0,0.0,1887.0,0.0,0.0,1887.0,
4507,557634,740.0,0.0,0.0,0.0,650.0,0.0,0.0,650.0,
9315,1206671,1837.0,0.0,0.0,0.0,1678.0,0.0,0.0,1678.0,
4041,3395298,1324.0,0.0,0.0,0.0,1220.0,0.0,0.0,1220.0,
3995,1132336,1195.0,0.0,0.0,0.0,988.0,0.0,0.0,988.0,
7534,685468,1880.0,0.0,0.0,0.0,1507.0,0.0,0.0,1507.0,
13605,3061262,2083.0,0.0,0.0,0.0,1890.0,0.0,0.0,1890.0,
28743,2222095,2541.0,0.0,0.0,0.0,1757.0,0.0,0.0,1757.0,
4244,3825883,909.0,0.0,0.0,0.0,791.0,0.0,0.0,791.0,
3290,1436921,227.0,0.0,0.0,0.0,199.0,0.0,0.0,199.0,
4041,3961491,240.0,0.0,0.0,0.0,225.0,0.0,0.0,225.0,
5354,3823667,1372.0,0.0,0.0,0.0,1189.0,0.0,0.0,1189.0,
6276,2507748,1767.0,0.0,0.0,0.0,1671.0,0.0,0.0,1671.0,
4083,219515,1683.0,0.0,0.0,0.0,1482.0,0.0,0.0,1482.0,
6330,2018801,2335.0,0.0,0.0,0.0,1908.0,0.0,0.0,1908.0,
7743,3543205,2406.0,0.0,0.0,0.0,1943.0,0.0,0.0,1943.0,
13793,3907545,1464.0,0.0,0.0,0.0,1240.0,0.0,0.0,1240.0,
7164,1208453,1660.0,0.0,0.0,0.0,1514.0,0.0,0.0,1514.0,
11094,3672037,1405.0,0.0,0.0,0.0,1212.0,0.0,0.0,1212.0,
7945,2676395,1292.0,0.0,0.0,0.0,1217.0,0.0,0.0,1217.0,
10376,2605153,1990.0,0.0,0.0,0.0,1846.0,0.0,0.0,1846.0,
1311,2725146,399.0,0.0,0.0,0.0,282.0,0.0,0.0,282.0,
5804,1832534,2110.0,0.0,0.0,0.0,1895.0,0.0,0.0,1895.0,
11849,869009,1437.0,0.0,0.0,0.0,1125.0,0.0,0.0,1125.0,
6265,1933188,2165.0,0.0,0.0,0.0,1847.0,0.0,0.0,1847.0,
7257,3913211,1419.0,0.0,0.0,0.0,1218.0,0.0,0.0,1218.0,
25751,3745070,1172.0,0.0,0.0,0.0,718.0,0.0,0.0,718.0,
16248,2718277,2211.0,0.0,0.0,0.0,2000.0,0.0,0.0,2000.0,
5015,3965427,1022.0,0.0,0.0,0.0,965.0,0.0,0.0,965.0,
37498,3930698,196.0,0.0,0.0,0.0,139.0,0.0,0.0,139.0,
24086,2364045,485.0,0.0,0.0,0.0,287.0,0.0,0.0,287.0,
4890,3488290,1659.0,0.0,0.0,0.0,1527.0,0.0,0.0,1527.0,
7432,3002897,1660.0,0.0,0.0,0.0,1491.0,0.0,0.0,1491.0,
4716,3517574,1724.0,0.0,0.0,0.0,1489.0,0.0,0.0,1489.0,
4832,2639649,1511.0,0.0,0.0,0.0,1159.0,0.0,0.0,1159.0,
5868,3757763,1562.0,0.0,0.0,0.0,1417.0,0.0,0.0,1417.0,
5350,3557519,2062.0,0.0,0.0,0.0,1874.0,0.0,0.0,1874.0,
7175,2788927,2087.0,0.0,0.0,0.0,1916.0,0.0,0.0,1916.0,
19988,3250300,572.0,0.0,0.0,0.0,357.0,0.0,0.0,357.0,
3828,3655263,1635.0,0.0,0.0,0.0,1464.0,0.0,0.0,1464.0,
4315,647862,811.0,0.0,0.0,0.0,719.0,0.0,0.0,719.0,
6578,1102955,1291.0,0.0,0.0,0.0,1034.0,0.0,0.0,1034.0,
11948,2514283,562.0,0.0,0.0,0.0,304.0,0.0,0.0,304.0,
25606,1692464,2220.0,0.0,0.0,0.0,1834.0,0.0,0.0,1834.0,
4015,3486142,1554.0,0.0,0.0,0.0,1291.0,0.0,0.0,1291.0,
24086,2243048,699.0,0.0,0.0,0.0,429.0,0.0,0.0,429.0,
39073,3186853,1057.0,0.0,0.0,0.0,721.0,0.0,0.0,721.0,
38380,3144940,530.0,0.0,0.0,0.0,461.0,0.0,0.0,461.0,
7720,499559,1131.0,0.0,0.0,0.0,847.0,0.0,0.0,847.0,
10376,2974599,1822.0,0.0,0.0,0.0,1688.0,0.0,0.0,1688.0,
11956,2389290,2153.0,0.0,0.0,0.0,1811.0,0.0,0.0,1811.0,
11202,3668247,389.0,0.0,0.0,0.0,294.0,0.0,0.0,294.0,
8905,600988,1126.0,0.0,0.0,0.0,994.0,0.0,0.0,994.0,
8279,1210414,1634.0,0.0,0.0,0.0,1523.0,0.0,0.0,1523.0,
7288,2426931,1826.0,0.0,0.0,0.0,1558.0,0.0,0.0,1558.0,
5113,3584357,1439.0,0.0,0.0,0.0,1212.0,0.0,0.0,1212.0,
4275,3974682,504.0,0.0,0.0,0.0,466.0,0.0,0.0,466.0,
4714,3470006,1582.0,0.0,0.0,0.0,1369.0,0.0,0.0,1369.0,
5526,3185685,1057.0,0.0,0.0,0.0,322.0,0.0,0.0,322.0,
5083,592685,2046.0,0.0,0.0,0.0,1600.0,0.0,0.0,1600.0,
9461,647494,2181.0,0.0,0.0,0.0,1889.0,0.0,0.0,1889.0,
4662,259468,175.0,0.0,0.0,0.0,134.0,0.0,0.0,134.0,
28370,3618604,2678.0,0.0,0.0,0.0,1061.0,0.0,0.0,1061.0,
8533,641407,333.0,0.0,0.0,0.0,271.0,0.0,0.0,271.0,
25606,2494622,2231.0,0.0,0.0,0.0,1903.0,0.0,0.0,1903.0,
6386,378461,243.0,0.0,0.0,0.0,196.0,0.0,0.0,196.0,
27504,3929255,1820.0,0.0,0.0,0.0,1385.0,0.0,0.0,1385.0,
12202,845881,1193.0,0.0,0.0,0.0,470.0,0.0,0.0,470.0,
9029,3222537,1383.0,0.0,0.0,0.0,1196.0,0.0,0.0,1196.0,
25320,3327560,2158.0,0.0,0.0,0.0,1817.0,0.0,0.0,1817.0,
11985,3434777,717.0,0.0,0.0,0.0,442.0,0.0,0.0,442.0,
13574,3437823,2150.0,0.0,0.0,0.0,1950.0,0.0,0.0,1950.0,
4268,234599,107.0,0.0,0.0,0.0,88.0,0.0,0.0,88.0,
5784,1822437,2004.0,0.0,0.0,0.0,1777.0,0.0,0.0,1777.0,
4007,2461610,1619.0,0.0,0.0,0.0,1521.0,0.0,0.0,1521.0,
11942,1929909,1096.0,0.0,0.0,0.0,1034.0,0.0,0.0,1034.0,
4843,3557767,2090.0,0.0,0.0,0.0,1892.0,0.0,0.0,1892.0,
4251,3959181,1542.0,0.0,0.0,0.0,1410.0,0.0,0.0,1410.0,
12142,1316253,494.0,0.0,0.0,0.0,186.0,0.0,0.0,186.0,
26998,3480049,339.0,0.0,0.0,0.0,293.0,0.0,0.0,293.0,
10206,877218,342.0,0.0,0.0,0.0,277.0,0.0,0.0,277.0,
24776,1874460,492.0,0.0,0.0,0.0,247.0,0.0,0.0,247.0,
14134,1329580,222.0,0.0,0.0,0.0,160.0,0.0,0.0,160.0,
28370,2121892,683.0,0.0,0.0,0.0,252.0,0.0,0.0,252.0,
5976,1216289,1654.0,0.0,0.0,0.0,1419.0,0.0,0.0,1419.0,
33171,2458302,505.0,0.0,0.0,0.0,362.0,0.0,0.0,362.0,
7157,422710,565.0,0.0,0.0,0.0,498.0,0.0,0.0,498.0,
49279,3620925,390.0,0.0,0.0,0.0,260.0,0.0,0.0,260.0,
3835,2426545,1748.0,0.0,0.0,0.0,1583.0,0.0,0.0,1583.0,
3247,1826523,2030.0,0.0,0.0,0.0,1842.0,0.0,0.0,1842.0,
13324,2623424,747.0,0.0,0.0,0.0,197.0,0.0,0.0,197.0,
4468,1459480,1659.0,0.0,0.0,0.0,1527.0,0.0,0.0,1527.0,
10940,1767764,1151.0,0.0,0.0,0.0,486.0,0.0,0.0,486.0,
13992,2222318,1730.0,0.0,0.0,0.0,1363.0,0.0,0.0,1363.0,
5822,3543366,1644.0,0.0,0.0,0.0,1473.0,0.0,0.0,1473.0,
6725,685501,2566.0,0.0,0.0,0.0,1981.0,0.0,0.0,1981.0,
6076,2426502,2260.0,0.0,0.0,0.0,1822.0,0.0,0.0,1822.0,
8607,3376028,1788.0,0.0,0.0,0.0,1645.0,0.0,0.0,1645.0,
5860,577046,1471.0,0.0,0.0,0.0,1303.0,0.0,0.0,1303.0,
8848,594644,1325.0,0.0,0.0,0.0,500.0,0.0,0.0,500.0,
9160,3395093,544.0,0.0,0.0,0.0,161.0,0.0,0.0,161.0,
4425,1831171,1541.0,0.0,0.0,0.0,1424.0,0.0,0.0,1424.0,
5930,1190955,2361.0,0.0,0.0,0.0,1982.0,0.0,0.0,1982.0,
33667,3113678,1477.0,0.0,0.0,0.0,1199.0,0.0,0.0,1199.0,
8469,743299,2317.0,0.0,0.0,0.0,2000.0,0.0,0.0,2000.0,
6333,1466834,2047.0,0.0,0.0,0.0,1629.0,0.0,0.0,1629.0,
11989,818174,335.0,0.0,0.0,0.0,314.0,0.0,0.0,314.0,
22206,2185373,299.0,0.0,0.0,0.0,259.0,0.0,0.0,259.0,
10183,2590039,846.0,0.0,0.0,0.0,721.0,0.0,0.0,721.0,
9186,758879,2049.0,0.0,0.0,0.0,1820.0,0.0,0.0,1820.0,
36521,2792996,174.0,0.0,0.0,0.0,83.0,0.0,0.0,83.0,
6925,3946416,2151.0,0.0,0.0,0.0,1912.0,0.0,0.0,1912.0,
9388,1792905,1747.0,0.0,0.0,0.0,1539.0,0.0,0.0,1539.0,
10177,722045,857.0,0.0,0.0,0.0,204.0,0.0,0.0,204.0,
11948,2093321,201.0,0.0,0.0,0.0,150.0,0.0,0.0,150.0,
19683,1256893,29.0,0.0,0.0,0.0,17.0,0.0,0.0,17.0,
8591,1796505,1672.0,0.0,0.0,0.0,1506.0,0.0,0.0,1506.0,
11308,3335046,417.0,0.0,0.0,0.0,188.0,0.0,0.0,188.0,
3863,1189057,1865.0,0.0,0.0,0.0,1668.0,0.0,0.0,1668.0,
27297,3384792,2142.0,0.0,0.0,0.0,1771.0,0.0,0.0,1771.0,
5145,3883740,728.0,0.0,0.0,0.0,671.0,0.0,0.0,671.0,
5336,3500102,1526.0,0.0,0.0,0.0,1393.0,0.0,0.0,1393.0,
12428,927640,147.0,0.0,0.0,0.0,40.0,0.0,0.0,40.0,
19224,3532797,1648.0,0.0,0.0,0.0,1481.0,0.0,0.0,1481.0,
8733,1249750,707.0,0.0,0.0,0.0,193.0,0.0,0.0,193.0,
7157,422878,610.0,0.0,0.0,0.0,513.0,0.0,0.0,513.0,
9231,956325,603.0,0.0,0.0,0.0,530.0,0.0,0.0,530.0,
4794,3027615,2003.0,0.0,0.0,0.0,1865.0,0.0,0.0,1865.0,
7681,2303858,2250.0,0.0,0.0,0.0,1962.0,0.0,0.0,1962.0,
5391,1783935,1942.0,0.0,0.0,0.0,1756.0,0.0,0.0,1756.0,
5083,1195651,1233.0,0.0,0.0,0.0,1066.0,0.0,0.0,1066.0,
24661,1694738,1268.0,0.0,0.0,0.0,370.0,0.0,0.0,370.0,
39083,3217106,1921.0,0.0,0.0,0.0,1738.0,0.0,0.0,1738.0,
7661,503525,645.0,0.0,0.0,0.0,329.0,0.0,0.0,329.0,
6275,372894,2164.0,0.0,0.0,0.0,1916.0,0.0,0.0,1916.0,
4007,1372159,1102.0,0.0,0.0,0.0,944.0,0.0,0.0,944.0,
6125,3644160,1352.0,0.0,0.0,0.0,1171.0,0.0,0.0,1171.0,
6212,365589,1656.0,0.0,0.0,0.0,1474.0,0.0,0.0,1474.0,
7558,1217535,2409.0,0.0,0.0,0.0,2062.0,0.0,0.0,2062.0,
9862,1308858,561.0,0.0,0.0,0.0,266.0,0.0,0.0,266.0,
4353,3424411,1081.0,0.0,0.0,0.0,919.0,0.0,0.0,919.0,
23815,3005600,2250.0,0.0,0.0,0.0,1968.0,0.0,0.0,1968.0,
4507,252458,433.0,0.0,0.0,0.0,377.0,0.0,0.0,377.0,
23580,1422193,1993.0,0.0,0.0,0.0,1258.0,0.0,0.0,1258.0,
12599,1799340,1910.0,0.0,0.0,0.0,1741.0,0.0,0.0,1741.0,
7097,1272674,2205.0,0.0,0.0,0.0,1991.0,0.0,0.0,1991.0,
10492,2646603,1891.0,0.0,0.0,0.0,1755.0,0.0,0.0,1755.0,
9086,3125172,1990.0,0.0,0.0,0.0,1774.0,0.0,0.0,1774.0,
3979,1568006,657.0,0.0,0.0,0.0,598.0,0.0,0.0,598.0,
9311,1730951,1395.0,0.0,0.0,0.0,1277.0,0.0,0.0,1277.0,
10206,866743,590.0,0.0,0.0,0.0,423.0,0.0,0.0,423.0,
7487,3567162,1414.0,0.0,0.0,0.0,1285.0,0.0,0.0,1285.0,
36211,3376141,1986.0,0.0,0.0,0.0,1702.0,0.0,0.0,1702.0,
6077,548507,1765.0,0.0,0.0,0.0,1520.0,0.0,0.0,1520.0,
24373,1567412,427.0,0.0,0.0,0.0,337.0,0.0,0.0,337.0,
4421,2790341,1424.0,0.0,0.0,0.0,1313.0,0.0,0.0,1313.0,
27298,2505483,1909.0,0.0,0.0,0.0,1627.0,0.0,0.0,1627.0,
9590,741764,1034.0,0.0,0.0,0.0,949.0,0.0,0.0,949.0,
21920,3883856,1136.0,0.0,0.0,0.0,377.0,0.0,0.0,377.0,
15933,3044905,2011.0,0.0,0.0,0.0,1812.0,0.0,0.0,1812.0,
93998,3575950,347.0,0.0,0.0,0.0,219.0,0.0,0.0,219.0,
3975,3381445,982.0,0.0,0.0,0.0,825.0,0.0,0.0,825.0,
4384,3805058,981.0,0.0,0.0,0.0,896.0,0.0,0.0,896.0,
5400,2579081,1661.0,0.0,0.0,0.0,1402.0,0.0,0.0,1402.0,
10376,702905,1740.0,0.0,0.0,0.0,1466.0,0.0,0.0,1466.0,
6201,1706060,205.0,0.0,0.0,0.0,147.0,0.0,0.0,147.0,
19683,1847861,494.0,0.0,0.0,0.0,271.0,0.0,0.0,271.0,
9021,634986,2001.0,0.0,0.0,0.0,1643.0,0.0,0.0,1643.0,
7907,885741,1400.0,0.0,0.0,0.0,1090.0,0.0,0.0,1090.0,
29282,3642233,1481.0,0.0,0.0,0.0,1251.0,0.0,0.0,1251.0,
4706,530932,1125.0,0.0,0.0,0.0,338.0,0.0,0.0,338.0,
12026,894009,1207.0,0.0,0.0,0.0,1015.0,0.0,0.0,1015.0,
25751,2178679,978.0,0.0,0.0,0.0,409.0,0.0,0.0,409.0,
21547,3160961,419.0,0.0,0.0,0.0,387.0,0.0,0.0,387.0,
18352,1117159,1206.0,0.0,0.0,0.0,1049.0,0.0,0.0,1049.0,
6669,463611,1057.0,0.0,0.0,0.0,893.0,0.0,0.0,893.0,
24776,1874503,803.0,0.0,0.0,0.0,403.0,0.0,0.0,403.0,
4229,1829139,1673.0,0.0,0.0,0.0,1555.0,0.0,0.0,1555.0,
28272,2132185,338.0,0.0,0.0,0.0,153.0,0.0,0.0,153.0,
9298,636037,2372.0,0.0,0.0,0.0,2093.0,0.0,0.0,2093.0,
18967,1719147,969.0,0.0,0.0,0.0,761.0,0.0,0.0,761.0,
4776,3910283,1768.0,0.0,0.0,0.0,1657.0,0.0,0.0,1657.0,
6968,412944,785.0,0.0,0.0,0.0,711.0,0.0,0.0,711.0,
28370,2114565,1484.0,0.0,0.0,0.0,747.0,0.0,0.0,747.0,
4300,3216896,1958.0,0.0,0.0,0.0,1766.0,0.0,0.0,1766.0,
5911,3537837,2205.0,0.0,0.0,0.0,1934.0,0.0,0.0,1934.0,
26354,1882967,430.0,0.0,0.0,0.0,228.0,0.0,0.0,228.0,
16227,1769809,356.0,0.0,0.0,0.0,265.0,0.0,0.0,265.0,
24826,3799737,1557.0,0.0,0.0,0.0,1383.0,0.0,0.0,1383.0,
4279,574257,1177.0,0.0,0.0,0.0,401.0,0.0,0.0,401.0,
8214,1526522,1156.0,0.0,0.0,0.0,1044.0,0.0,0.0,1044.0,
41498,3826052,1934.0,0.0,0.0,0.0,1653.0,0.0,0.0,1653.0,
4700,3013117,1740.0,0.0,0.0,0.0,1581.0,0.0,0.0,1581.0,
37151,3645346,932.0,0.0,0.0,0.0,891.0,0.0,0.0,891.0,
26396,2425099,1832.0,0.0,0.0,0.0,1552.0,0.0,0.0,1552.0,
28370,3618589,954.0,0.0,0.0,0.0,397.0,0.0,0.0,397.0,
8971,2990900,1257.0,0.0,0.0,0.0,1125.0,0.0,0.0,1125.0,
36521,2792984,329.0,0.0,0.0,0.0,165.0,0.0,0.0,165.0,
5136,280800,1730.0,0.0,0.0,0.0,1544.0,0.0,0.0,1544.0,
24086,2364002,538.0,0.0,0.0,0.0,298.0,0.0,0.0,298.0,
19683,1256523,1519.0,0.0,0.0,0.0,883.0,0.0,0.0,883.0,
5378,496787,2123.0,0.0,0.0,0.0,1809.0,0.0,0.0,1809.0,
21920,2037691,1627.0,0.0,0.0,0.0,436.0,0.0,0.0,436.0,
6069,947473,2131.0,0.0,0.0,0.0,1932.0,0.0,0.0,1932.0,
4654,1621428,666.0,0.0,0.0,0.0,579.0,0.0,0.0,579.0,
38067,3078986,2290.0,0.0,0.0,0.0,1928.0,0.0,0.0,1928.0,
36323,3200213,64.0,0.0,0.0,0.0,53.0,0.0,0.0,53.0,
12937,2978986,1529.0,0.0,0.0,0.0,1219.0,0.0,0.0,1219.0,
4657,3946162,982.0,0.0,0.0,0.0,874.0,0.0,0.0,874.0,
14806,1741751,1818.0,0.0,0.0,0.0,1670.0,0.0,0.0,1670.0,
9590,2822735,713.0,0.0,0.0,0.0,221.0,0.0,0.0,221.0,
1213,3269094,399.0,0.0,0.0,0.0,321.0,0.0,0.0,321.0,
11948,1565951,405.0,0.0,0.0,0.0,251.0,0.0,0.0,251.0,
6430,2996937,1506.0,0.0,0.0,0.0,1402.0,0.0,0.0,1402.0,
12016,1602499,885.0,0.0,0.0,0.0,420.0,0.0,0.0,420.0,
4451,3898591,1292.0,0.0,0.0,0.0,1069.0,0.0,0.0,1069.0,
19198,3875316,1610.0,0.0,0.0,0.0,1287.0,0.0,0.0,1287.0,
11948,3838926,398.0,0.0,0.0,0.0,187.0,0.0,0.0,187.0,
10183,2802110,312.0,0.0,0.0,0.0,196.0,0.0,0.0,196.0,
5862,3912699,2390.0,0.0,0.0,0.0,1952.0,0.0,0.0,1952.0,
5881,3613928,2420.0,0.0,0.0,0.0,2187.0,0.0,0.0,2187.0,
4279,3281995,1589.0,0.0,0.0,0.0,1433.0,0.0,0.0,1433.0,
4769,799659,200.0,0.0,0.0,0.0,165.0,0.0,0.0,165.0,
24776,2178725,995.0,0.0,0.0,0.0,312.0,0.0,0.0,312.0,
8346,1207200,914.0,0.0,0.0,0.0,295.0,0.0,0.0,295.0,
4695,3240715,1098.0,0.0,0.0,0.0,945.0,0.0,0.0,945.0,
3863,1077171,1717.0,0.0,0.0,0.0,1518.0,0.0,0.0,1518.0,
9049,2300554,2059.0,0.0,0.0,0.0,1322.0,0.0,0.0,1322.0,
8733,1313755,1638.0,0.0,0.0,0.0,520.0,0.0,0.0,520.0,
4657,3603689,1782.0,0.0,0.0,0.0,1573.0,0.0,0.0,1573.0,
18986,2825876,205.0,0.0,0.0,0.0,184.0,0.0,0.0,184.0,
5768,315937,1568.0,0.0,0.0,0.0,1321.0,0.0,0.0,1321.0,
12082,1220612,891.0,0.0,0.0,0.0,788.0,0.0,0.0,788.0,
37826,3303616,1240.0,0.0,0.0,0.0,1123.0,0.0,0.0,1123.0,
13324,2597660,558.0,0.0,0.0,0.0,210.0,0.0,0.0,210.0,
18277,1098438,631.0,0.0,0.0,0.0,487.0,0.0,0.0,487.0,
9173,1280257,2358.0,0.0,0.0,0.0,804.0,0.0,0.0,804.0,
4681,3626410,1942.0,0.0,0.0,0.0,1805.0,0.0,0.0,1805.0,
25230,3297450,119.0,0.0,0.0,0.0,101.0,0.0,0.0,101.0,
6192,3282578,1930.0,0.0,0.0,0.0,1757.0,0.0,0.0,1757.0,
10669,837602,992.0,0.0,0.0,0.0,314.0,0.0,0.0,314.0,
10206,883552,403.0,0.0,0.0,0.0,325.0,0.0,0.0,325.0,
10206,753122,531.0,0.0,0.0,0.0,402.0,0.0,0.0,402.0,
7026,684501,1655.0,0.0,0.0,0.0,1316.0,0.0,0.0,1316.0,
13400,1204639,1837.0,0.0,0.0,0.0,1614.0,0.0,0.0,1614.0,
5167,3128295,1532.0,0.0,0.0,0.0,1363.0,0.0,0.0,1363.0,
23416,3536943,1777.0,0.0,0.0,0.0,1548.0,0.0,0.0,1548.0,
22071,2961076,514.0,0.0,0.0,0.0,168.0,0.0,0.0,168.0,
12597,849855,2136.0,0.0,0.0,0.0,1748.0,0.0,0.0,1748.0,
23364,1497256,228.0,0.0,0.0,0.0,204.0,0.0,0.0,204.0,
6455,2656561,2275.0,0.0,0.0,0.0,1939.0,0.0,0.0,1939.0,
19198,3530741,1917.0,0.0,0.0,0.0,1647.0,0.0,0.0,1647.0,
4760,705592,908.0,0.0,0.0,0.0,783.0,0.0,0.0,783.0,
4684,3409292,1544.0,0.0,0.0,0.0,1377.0,0.0,0.0,1377.0,
13324,2275570,653.0,0.0,0.0,0.0,157.0,0.0,0.0,157.0,
13776,2548601,1451.0,0.0,0.0,0.0,1180.0,0.0,0.0,1180.0,
10433,1819857,2074.0,0.0,0.0,0.0,1843.0,0.0,0.0,1843.0,
5406,2797207,585.0,0.0,0.0,0.0,471.0,0.0,0.0,471.0,
10117,687229,26.0,0.0,0.0,0.0,23.0,0.0,0.0,23.0,
9163,650317,334.0,0.0,0.0,0.0,250.0,0.0,0.0,250.0,
5510,1804598,2214.0,0.0,0.0,0.0,1939.0,0.0,0.0,1939.0,
8455,659351,375.0,0.0,0.0,0.0,184.0,0.0,0.0,184.0,
11991,3579753,2531.0,0.0,0.0,0.0,2222.0,0.0,0.0,2222.0,
103881,3734408,596.0,0.0,0.0,0.0,406.0,0.0,0.0,406.0,
4086,3541013,2059.0,0.0,0.0,0.0,1765.0,0.0,0.0,1765.0,
8279,1420409,1423.0,0.0,0.0,0.0,1325.0,0.0,0.0,1325.0,
6786,1080335,2071.0,0.0,0.0,0.0,1853.0,0.0,0.0,1853.0,
16161,3961603,331.0,0.0,0.0,0.0,303.0,0.0,0.0,303.0,
14014,1085846,367.0,0.0,0.0,0.0,125.0,0.0,0.0,125.0,
7277,1819869,973.0,0.0,0.0,0.0,946.0,0.0,0.0,946.0,
26659,3485223,1201.0,0.0,0.0,0.0,1050.0,0.0,0.0,1050.0,
4282,3883050,635.0,0.0,0.0,0.0,555.0,0.0,0.0,555.0,
5793,3043534,2595.0,0.0,0.0,0.0,2183.0,0.0,0.0,2183.0,
9021,634994,1986.0,0.0,0.0,0.0,1651.0,0.0,0.0,1651.0,
10440,2242792,589.0,0.0,0.0,0.0,479.0,0.0,0.0,479.0,
9166,659759,144.0,0.0,0.0,0.0,138.0,0.0,0.0,138.0,
3777,492091,2487.0,0.0,0.0,0.0,2319.0,0.0,0.0,2319.0,
28370,3618620,1714.0,0.0,0.0,0.0,688.0,0.0,0.0,688.0,
12909,2336911,497.0,0.0,0.0,0.0,155.0,0.0,0.0,155.0,
5041,1198072,1632.0,0.0,0.0,0.0,1475.0,0.0,0.0,1475.0,
95701,3814425,1616.0,0.0,0.0,0.0,1333.0,0.0,0.0,1333.0,
5147,2031700,1931.0,0.0,0.0,0.0,1718.0,0.0,0.0,1718.0,
12026,963751,921.0,0.0,0.0,0.0,716.0,0.0,0.0,716.0,
24776,1874489,1156.0,0.0,0.0,0.0,715.0,0.0,0.0,715.0,
26544,3538479,2284.0,0.0,0.0,0.0,1783.0,0.0,0.0,1783.0,
8593,3641811,2019.0,0.0,0.0,0.0,1689.0,0.0,0.0,1689.0,
25083,1581705,1146.0,0.0,0.0,0.0,973.0,0.0,0.0,973.0,
10410,3612842,1263.0,0.0,0.0,0.0,382.0,0.0,0.0,382.0,
13324,1113682,535.0,0.0,0.0,0.0,301.0,0.0,0.0,301.0,
7741,490547,1137.0,0.0,0.0,0.0,964.0,0.0,0.0,964.0,
6925,3943578,2272.0,0.0,0.0,0.0,2041.0,0.0,0.0,2041.0,
14806,2993660,1802.0,0.0,0.0,0.0,1718.0,0.0,0.0,1718.0,
27041,2415554,1652.0,0.0,0.0,0.0,1176.0,0.0,0.0,1176.0,
28370,2155092,966.0,0.0,0.0,0.0,465.0,0.0,0.0,465.0,
1676,1316093,528.0,0.0,0.0,0.0,364.0,0.0,0.0,364.0,
5127,3985940,102.0,0.0,0.0,0.0,89.0,0.0,0.0,89.0,
9550,1688110,1605.0,0.0,0.0,0.0,1297.0,0.0,0.0,1297.0,
4425,1824769,1665.0,0.0,0.0,0.0,1594.0,0.0,0.0,1594.0,
28370,2114654,509.0,0.0,0.0,0.0,145.0,0.0,0.0,145.0,
6554,1364535,923.0,0.0,0.0,0.0,743.0,0.0,0.0,743.0,
24776,2155189,1694.0,0.0,0.0,0.0,1091.0,0.0,0.0,1091.0,
4774,2522942,1697.0,0.0,0.0,0.0,1563.0,0.0,0.0,1563.0,
22382,1497272,220.0,0.0,0.0,0.0,176.0,0.0,0.0,176.0,
4134,2959281,1013.0,0.0,1.0,0.09871668311944719,933.0,1.0,0.10718113612004287,934.0,
13868,3553645,1125.0,0.0,0.0,0.0,863.0,0.0,0.0,863.0,
25608,2435470,1687.0,0.0,0.0,0.0,1534.0,0.0,0.0,1534.0,
8506,1207284,2020.0,0.0,0.0,0.0,1784.0,0.0,0.0,1784.0,
6874,1223188,2005.0,0.0,0.0,0.0,1604.0,0.0,0.0,1604.0,
6028,1809315,1954.0,0.0,0.0,0.0,1844.0,0.0,0.0,1844.0,
4511,1245264,368.0,0.0,0.0,0.0,281.0,0.0,0.0,281.0,
28299,3177286,655.0,0.0,0.0,0.0,559.0,0.0,0.0,559.0,
5900,2658856,1946.0,0.0,0.0,0.0,1779.0,0.0,0.0,1779.0,
24776,1872213,1016.0,0.0,0.0,0.0,607.0,0.0,0.0,607.0,
10100,699517,752.0,0.0,0.0,0.0,495.0,0.0,0.0,495.0,
19637,2086652,255.0,0.0,0.0,0.0,193.0,0.0,0.0,193.0,
3998,2612089,1784.0,0.0,0.0,0.0,1465.0,0.0,0.0,1465.0,
4700,262566,1274.0,0.0,0.0,0.0,1129.0,0.0,0.0,1129.0,
4043,1830535,1044.0,0.0,0.0,0.0,887.0,0.0,0.0,887.0,
4244,3823997,792.0,0.0,0.0,0.0,690.0,0.0,0.0,690.0,
7179,3910721,1975.0,0.0,0.0,0.0,1772.0,0.0,0.0,1772.0,
20285,1307364,719.0,0.0,0.0,0.0,296.0,0.0,0.0,296.0,
4670,3786840,1267.0,0.0,0.0,0.0,1107.0,0.0,0.0,1107.0,
11948,3835005,365.0,0.0,0.0,0.0,198.0,0.0,0.0,198.0,
19160,1167493,1589.0,0.0,0.0,0.0,1278.0,0.0,0.0,1278.0,
3785,1504687,386.0,0.0,0.0,0.0,293.0,0.0,0.0,293.0,
13876,3649224,1653.0,0.0,0.0,0.0,1514.0,0.0,0.0,1514.0,
24776,1872370,761.0,0.0,0.0,0.0,457.0,0.0,0.0,457.0,
4244,1928568,919.0,0.0,0.0,0.0,842.0,0.0,0.0,842.0,
5400,1092670,1554.0,0.0,0.0,0.0,1146.0,0.0,0.0,1146.0,
2309,174936,352.0,0.0,0.0,0.0,240.0,0.0,0.0,240.0,
37656,3209691,1794.0,0.0,0.0,0.0,1623.0,0.0,0.0,1623.0,
14577,2027497,1861.0,0.0,0.0,0.0,1568.0,0.0,0.0,1568.0,
7121,2958550,904.0,0.0,0.0,0.0,819.0,0.0,0.0,819.0,
37661,3562525,2399.0,0.0,0.0,0.0,1684.0,0.0,0.0,1684.0,
4713,555169,1474.0,0.0,0.0,0.0,1170.0,0.0,0.0,1170.0,
6191,702512,1830.0,0.0,0.0,0.0,1431.0,0.0,0.0,1431.0,
11948,1667096,219.0,0.0,0.0,0.0,90.0,0.0,0.0,90.0,
4830,3456922,1912.0,0.0,0.0,0.0,1592.0,0.0,0.0,1592.0,
8697,1631272,454.0,0.0,0.0,0.0,116.0,0.0,0.0,116.0,
3827,3834027,1302.0,0.0,0.0,0.0,1222.0,0.0,0.0,1222.0,
5862,3956611,2068.0,0.0,0.0,0.0,1692.0,0.0,0.0,1692.0,
5326,3640168,1552.0,0.0,0.0,0.0,1416.0,0.0,0.0,1416.0,
4049,248134,1377.0,0.0,0.0,0.0,1207.0,0.0,0.0,1207.0,
5193,974104,228.0,0.0,0.0,0.0,110.0,0.0,0.0,110.0,
26822,3664285,2237.0,0.0,0.0,0.0,1986.0,0.0,0.0,1986.0,
5184,3691617,1584.0,0.0,0.0,0.0,1456.0,0.0,0.0,1456.0,
32603,2588563,2290.0,0.0,0.0,0.0,1971.0,0.0,0.0,1971.0,
20122,2759629,1954.0,0.0,0.0,0.0,1461.0,0.0,0.0,1461.0,
7031,2727071,2337.0,0.0,0.0,0.0,2088.0,0.0,0.0,2088.0,
28370,3929418,993.0,0.0,0.0,0.0,377.0,0.0,0.0,377.0,
10241,694313,1006.0,0.0,0.0,0.0,840.0,0.0,0.0,840.0,
13324,1088985,789.0,0.0,0.0,0.0,380.0,0.0,0.0,380.0,
5969,1795236,1821.0,0.0,0.0,0.0,1658.0,0.0,0.0,1658.0,
7010,1739425,848.0,0.0,0.0,0.0,790.0,0.0,0.0,790.0,
3468,2534051,820.0,0.0,1.0,0.12195121951219512,229.0,1.0,0.4366812227074236,230.0,
3883,2472607,2369.0,0.0,0.0,0.0,2158.0,0.0,0.0,2158.0,
7558,1204815,1916.0,0.0,0.0,0.0,1699.0,0.0,0.0,1699.0,
16168,1248321,16.0,0.0,0.0,0.0,16.0,0.0,0.0,16.0,
8266,864910,355.0,0.0,0.0,0.0,188.0,0.0,0.0,188.0,
9167,626968,418.0,0.0,0.0,0.0,292.0,0.0,0.0,292.0,
86468,3530632,733.0,0.0,0.0,0.0,398.0,0.0,0.0,398.0,
6772,3185674,983.0,0.0,0.0,0.0,842.0,0.0,0.0,842.0,
11948,892747,40.0,0.0,0.0,0.0,25.0,0.0,0.0,25.0,
24830,2241970,761.0,0.0,0.0,0.0,591.0,0.0,0.0,591.0,
3945,1876813,633.0,0.0,0.0,0.0,439.0,0.0,0.0,439.0,
13262,905509,2437.0,0.0,0.0,0.0,1796.0,0.0,0.0,1796.0,
8733,1310279,764.0,0.0,0.0,0.0,250.0,0.0,0.0,250.0,
4773,1009735,1767.0,0.0,0.0,0.0,1442.0,0.0,0.0,1442.0,
4622,1218612,1234.0,0.0,0.0,0.0,1153.0,0.0,0.0,1153.0,
12018,2711889,1727.0,0.0,0.0,0.0,1560.0,0.0,0.0,1560.0,
7699,2785619,347.0,0.0,0.0,0.0,295.0,0.0,0.0,295.0,
11691,3769171,1934.0,0.0,0.0,0.0,1731.0,0.0,0.0,1731.0,
24069,1627565,145.0,0.0,0.0,0.0,116.0,0.0,0.0,116.0,
3887,206938,1099.0,0.0,0.0,0.0,962.0,0.0,0.0,962.0,
3967,274521,1340.0,0.0,0.0,0.0,1191.0,0.0,0.0,1191.0,
9830,1260065,1429.0,0.0,0.0,0.0,710.0,0.0,0.0,710.0,
8823,687519,102.0,0.0,0.0,0.0,61.0,0.0,0.0,61.0,
19590,3126572,2320.0,0.0,0.0,0.0,2006.0,0.0,0.0,2006.0,
13139,3489975,546.0,0.0,0.0,0.0,500.0,0.0,0.0,500.0,
24278,1756711,401.0,0.0,0.0,0.0,281.0,0.0,0.0,281.0,
11948,1021508,673.0,0.0,0.0,0.0,300.0,0.0,0.0,300.0,
11948,888443,781.0,0.0,0.0,0.0,429.0,0.0,0.0,429.0,
27504,1990905,2767.0,0.0,0.0,0.0,1912.0,0.0,0.0,1912.0,
4625,1013191,175.0,0.0,0.0,0.0,150.0,0.0,0.0,150.0,
10374,3672493,1486.0,0.0,0.0,0.0,1153.0,0.0,0.0,1153.0,
13115,1060690,865.0,0.0,0.0,0.0,458.0,0.0,0.0,458.0,
39185,3588947,1328.0,0.0,0.0,0.0,894.0,0.0,0.0,894.0,
26630,3530770,791.0,0.0,0.0,0.0,318.0,0.0,0.0,318.0,
7366,3689464,553.0,0.0,0.0,0.0,447.0,0.0,0.0,447.0,
28370,2155337,1013.0,0.0,0.0,0.0,551.0,0.0,0.0,551.0,
4482,1819618,1865.0,0.0,0.0,0.0,1751.0,0.0,0.0,1751.0,
9022,608213,1805.0,0.0,0.0,0.0,1507.0,0.0,0.0,1507.0,
7955,1823416,1592.0,0.0,0.0,0.0,1423.0,0.0,0.0,1423.0,
4383,2424806,2117.0,0.0,0.0,0.0,1970.0,0.0,0.0,1970.0,
4557,1819920,1820.0,0.0,0.0,0.0,1580.0,0.0,0.0,1580.0,
23815,3492323,2285.0,0.0,0.0,0.0,1991.0,0.0,0.0,1991.0,
25550,2717455,2147.0,0.0,0.0,0.0,1773.0,0.0,0.0,1773.0,
7012,2821654,2039.0,0.0,0.0,0.0,1730.0,0.0,0.0,1730.0,
19504,1798436,1932.0,0.0,0.0,0.0,1688.0,0.0,0.0,1688.0,
6001,2511345,2136.0,0.0,0.0,0.0,1850.0,0.0,0.0,1850.0,
20558,2176415,488.0,0.0,0.0,0.0,268.0,0.0,0.0,268.0,
21165,1742927,269.0,0.0,0.0,0.0,189.0,0.0,0.0,189.0,
38142,3309012,487.0,0.0,0.0,0.0,455.0,0.0,0.0,455.0,
21165,1649441,325.0,0.0,0.0,0.0,271.0,0.0,0.0,271.0,
3827,1816261,2056.0,0.0,0.0,0.0,1957.0,0.0,0.0,1957.0,
7918,3518426,550.0,0.0,0.0,0.0,436.0,0.0,0.0,436.0,
2447,284588,1397.0,0.0,0.0,0.0,1113.0,0.0,0.0,1113.0,
4171,1810072,1622.0,0.0,0.0,0.0,1558.0,0.0,0.0,1558.0,
28987,2991131,2261.0,0.0,0.0,0.0,2013.0,0.0,0.0,2013.0,
11797,1683404,1511.0,0.0,0.0,0.0,1284.0,0.0,0.0,1284.0,
13371,1055402,236.0,0.0,0.0,0.0,185.0,0.0,0.0,185.0,
25949,2788581,1875.0,0.0,0.0,0.0,1747.0,0.0,0.0,1747.0,
5874,2493132,2066.0,0.0,0.0,0.0,1613.0,0.0,0.0,1613.0,
4249,2326112,1303.0,0.0,0.0,0.0,1202.0,0.0,0.0,1202.0,
5085,2956413,921.0,0.0,0.0,0.0,353.0,0.0,0.0,353.0,
3879,201488,1586.0,0.0,0.0,0.0,1280.0,0.0,0.0,1280.0,
13349,3160564,2279.0,0.0,0.0,0.0,2082.0,0.0,0.0,2082.0,
6913,3718401,1564.0,0.0,0.0,0.0,1310.0,0.0,0.0,1310.0,
8229,2304223,282.0,0.0,0.0,0.0,185.0,0.0,0.0,185.0,
21903,1368281,933.0,0.0,0.0,0.0,543.0,0.0,0.0,543.0,
4019,3224885,1078.0,0.0,0.0,0.0,944.0,0.0,0.0,944.0,
5027,3423869,1066.0,0.0,0.0,0.0,1005.0,0.0,0.0,1005.0,
19198,2962033,2128.0,0.0,0.0,0.0,1717.0,0.0,0.0,1717.0,
3788,3269846,1874.0,0.0,0.0,0.0,1724.0,0.0,0.0,1724.0,
4724,1200917,1902.0,0.0,0.0,0.0,1646.0,0.0,0.0,1646.0,
8802,1228482,2213.0,0.0,0.0,0.0,2000.0,0.0,0.0,2000.0,
28301,2081542,296.0,0.0,0.0,0.0,218.0,0.0,0.0,218.0,
4830,3771494,2269.0,0.0,0.0,0.0,1713.0,0.0,0.0,1713.0,
7481,2412076,1508.0,0.0,0.0,0.0,1347.0,0.0,0.0,1347.0,
8733,1176884,89.0,0.0,0.0,0.0,46.0,0.0,0.0,46.0,
12923,2356876,488.0,0.0,0.0,0.0,358.0,0.0,0.0,358.0,
24069,1673531,545.0,0.0,0.0,0.0,438.0,0.0,0.0,438.0,
25425,1613686,715.0,0.0,0.0,0.0,633.0,0.0,0.0,633.0,
6224,760406,1715.0,0.0,0.0,0.0,1554.0,0.0,0.0,1554.0,
11948,2188576,906.0,0.0,0.0,0.0,466.0,0.0,0.0,466.0,
6009,1800854,2101.0,0.0,0.0,0.0,1925.0,0.0,0.0,1925.0,
6002,351115,2280.0,0.0,0.0,0.0,2071.0,0.0,0.0,2071.0,
26774,2760139,32.0,0.0,0.0,0.0,25.0,0.0,0.0,25.0,
3978,3706706,1021.0,0.0,0.0,0.0,932.0,0.0,0.0,932.0,
19683,1429152,1283.0,0.0,0.0,0.0,655.0,0.0,0.0,655.0,
6195,1816573,1853.0,0.0,0.0,0.0,1755.0,0.0,0.0,1755.0,
3910,3028124,1689.0,0.0,0.0,0.0,1535.0,0.0,0.0,1535.0,
8213,1478347,1347.0,0.0,0.0,0.0,1216.0,0.0,0.0,1216.0,
4778,1197864,1533.0,0.0,0.0,0.0,1332.0,0.0,0.0,1332.0,
9757,2538639,44.0,0.0,0.0,0.0,36.0,0.0,0.0,36.0,
23583,2999313,1320.0,0.0,0.0,0.0,1146.0,0.0,0.0,1146.0,
4814,267984,1897.0,0.0,0.0,0.0,1685.0,0.0,0.0,1685.0,
20558,2232006,493.0,0.0,0.0,0.0,283.0,0.0,0.0,283.0,
10176,2251971,1125.0,0.0,0.0,0.0,289.0,0.0,0.0,289.0,
3785,2391289,297.0,0.0,0.0,0.0,235.0,0.0,0.0,235.0,
23416,3063626,1723.0,0.0,0.0,0.0,1433.0,0.0,0.0,1433.0,
9702,1255912,778.0,0.0,0.0,0.0,641.0,0.0,0.0,641.0,
27350,3355553,561.0,0.0,0.0,0.0,385.0,0.0,0.0,385.0,
8470,551363,1352.0,0.0,0.0,0.0,380.0,0.0,0.0,380.0,
24776,2191843,1172.0,0.0,0.0,0.0,483.0,0.0,0.0,483.0,
6325,374257,1456.0,0.0,0.0,0.0,1376.0,0.0,0.0,1376.0,
8733,3557083,964.0,0.0,0.0,0.0,246.0,0.0,0.0,246.0,
6407,605356,1417.0,0.0,0.0,0.0,1161.0,0.0,0.0,1161.0,
25949,2976036,1720.0,0.0,0.0,0.0,1635.0,0.0,0.0,1635.0,
7175,3592680,1958.0,0.0,0.0,0.0,1795.0,0.0,0.0,1795.0,
24086,2364242,502.0,0.0,0.0,0.0,244.0,0.0,0.0,244.0,
4536,3050875,1354.0,0.0,0.0,0.0,1113.0,0.0,0.0,1113.0,
3796,194509,1317.0,0.0,0.0,0.0,1038.0,0.0,0.0,1038.0,
11948,1972141,698.0,0.0,0.0,0.0,391.0,0.0,0.0,391.0,
37890,3209515,2138.0,0.0,0.0,0.0,1822.0,0.0,0.0,1822.0,
6733,3097928,1843.0,0.0,0.0,0.0,1727.0,0.0,0.0,1727.0,
14153,3217924,2213.0,0.0,0.0,0.0,1977.0,0.0,0.0,1977.0,
19198,3599158,2722.0,0.0,0.0,0.0,2244.0,0.0,0.0,2244.0,
21920,2489960,879.0,0.0,0.0,0.0,719.0,0.0,0.0,719.0,
39218,3387334,2377.0,0.0,0.0,0.0,1938.0,0.0,0.0,1938.0,
4725,550533,2018.0,0.0,0.0,0.0,1529.0,0.0,0.0,1529.0,
6037,360015,1772.0,0.0,0.0,0.0,1681.0,0.0,0.0,1681.0,
24885,2943522,1265.0,0.0,0.0,0.0,1091.0,0.0,0.0,1091.0,
5126,1218166,1663.0,0.0,0.0,0.0,1502.0,0.0,0.0,1502.0,
24069,1705713,358.0,0.0,0.0,0.0,262.0,0.0,0.0,262.0,
5881,3294452,2064.0,0.0,0.0,0.0,1837.0,0.0,0.0,1837.0,
4769,3349681,232.0,0.0,0.0,0.0,170.0,0.0,0.0,170.0,
9391,2233027,2117.0,0.0,0.0,0.0,1915.0,0.0,0.0,1915.0,
14287,2672043,1318.0,0.0,0.0,0.0,1130.0,0.0,0.0,1130.0,
6534,2990098,2066.0,0.0,0.0,0.0,1760.0,0.0,0.0,1760.0,
36372,3000141,1978.0,0.0,0.0,0.0,1733.0,0.0,0.0,1733.0,
14134,1258620,405.0,0.0,0.0,0.0,294.0,0.0,0.0,294.0,
9702,3548679,1284.0,0.0,0.0,0.0,1132.0,0.0,0.0,1132.0,
19827,2039841,1001.0,0.0,0.0,0.0,725.0,0.0,0.0,725.0,
3263,1232945,631.0,0.0,0.0,0.0,301.0,0.0,0.0,301.0,
4001,3428604,974.0,0.0,0.0,0.0,815.0,0.0,0.0,815.0,
6208,364897,2189.0,0.0,0.0,0.0,2015.0,0.0,0.0,2015.0,
11734,1125812,2184.0,0.0,0.0,0.0,1772.0,0.0,0.0,1772.0,
12197,1186700,1171.0,0.0,0.0,0.0,1065.0,0.0,0.0,1065.0,
8701,3190911,1168.0,0.0,0.0,0.0,884.0,0.0,0.0,884.0,
4823,3402458,2132.0,0.0,0.0,0.0,1892.0,0.0,0.0,1892.0,
6439,378511,428.0,0.0,0.0,0.0,363.0,0.0,0.0,363.0,
2253,2279307,812.0,0.0,0.0,0.0,572.0,0.0,0.0,572.0,
12012,2188560,1885.0,0.0,0.0,0.0,1678.0,0.0,0.0,1678.0,
1956,531113,548.0,0.0,0.0,0.0,374.0,0.0,0.0,374.0,
5144,1218512,1708.0,0.0,0.0,0.0,1526.0,0.0,0.0,1526.0,
4479,3967774,1163.0,0.0,0.0,0.0,1047.0,0.0,0.0,1047.0,
7918,3695924,1907.0,0.0,0.0,0.0,1557.0,0.0,0.0,1557.0,
4534,1375522,2113.0,0.0,0.0,0.0,1950.0,0.0,0.0,1950.0,
7742,490473,761.0,0.0,0.0,0.0,625.0,0.0,0.0,625.0,
8419,3268600,1622.0,0.0,0.0,0.0,1425.0,0.0,0.0,1425.0,
25684,1664501,370.0,0.0,0.0,0.0,341.0,0.0,0.0,341.0,
21165,1742911,134.0,0.0,0.0,0.0,106.0,0.0,0.0,106.0,
8385,3599456,1293.0,0.0,0.0,0.0,1131.0,0.0,0.0,1131.0,
21776,1526901,1404.0,0.0,0.0,0.0,1096.0,0.0,0.0,1096.0,
4049,3188916,1780.0,0.0,0.0,0.0,1694.0,0.0,0.0,1694.0,
4713,1799199,152.0,0.0,0.0,0.0,125.0,0.0,0.0,125.0,
4758,3740690,1915.0,0.0,0.0,0.0,1676.0,0.0,0.0,1676.0,
25606,2487337,1932.0,0.0,0.0,0.0,1580.0,0.0,0.0,1580.0,
6416,3079865,2228.0,0.0,0.0,0.0,1952.0,0.0,0.0,1952.0,
13099,2326084,1166.0,0.0,0.0,0.0,276.0,0.0,0.0,276.0,
8733,1174759,908.0,0.0,0.0,0.0,251.0,0.0,0.0,251.0,
28163,3065573,1985.0,0.0,0.0,0.0,1664.0,0.0,0.0,1664.0,
8733,3655207,573.0,0.0,0.0,0.0,178.0,0.0,0.0,178.0,
22071,1383285,635.0,0.0,0.0,0.0,247.0,0.0,0.0,247.0,
3852,2510594,1645.0,0.0,0.0,0.0,1412.0,0.0,0.0,1412.0,
5085,2738768,664.0,0.0,0.0,0.0,577.0,0.0,0.0,577.0,
38052,3457665,1570.0,0.0,0.0,0.0,935.0,0.0,0.0,935.0,
11948,1498366,287.0,0.0,0.0,0.0,168.0,0.0,0.0,168.0,
10753,733349,1429.0,0.0,0.0,0.0,1192.0,0.0,0.0,1192.0,
7429,470775,1915.0,0.0,0.0,0.0,1672.0,0.0,0.0,1672.0,
8367,2188901,861.0,0.0,0.0,0.0,239.0,0.0,0.0,239.0,
14123,2527594,1656.0,0.0,0.0,0.0,1457.0,0.0,0.0,1457.0,
24450,3508104,498.0,0.0,0.0,0.0,382.0,0.0,0.0,382.0,
8905,601085,1550.0,0.0,0.0,0.0,1329.0,0.0,0.0,1329.0,
5181,1200661,1711.0,0.0,0.0,0.0,1522.0,0.0,0.0,1522.0,
7681,587910,2425.0,0.0,0.0,0.0,1995.0,0.0,0.0,1995.0,
4596,1076011,1766.0,0.0,0.0,0.0,1648.0,0.0,0.0,1648.0,
8784,580030,449.0,0.0,0.0,0.0,145.0,0.0,0.0,145.0,
1676,283205,469.0,0.0,0.0,0.0,373.0,0.0,0.0,373.0,
5378,403292,518.0,0.0,0.0,0.0,258.0,0.0,0.0,258.0,
19683,1653720,1073.0,0.0,0.0,0.0,500.0,0.0,0.0,500.0,
19683,1650879,746.0,0.0,0.0,0.0,464.0,0.0,0.0,464.0,
6407,377428,496.0,0.0,0.0,0.0,447.0,0.0,0.0,447.0,
4208,2189380,745.0,0.0,0.0,0.0,700.0,0.0,0.0,700.0,
4426,2538447,115.0,0.0,0.0,0.0,99.0,0.0,0.0,99.0,
8591,561865,1865.0,0.0,0.0,0.0,1699.0,0.0,0.0,1699.0,
6789,836704,2120.0,0.0,0.0,0.0,1503.0,0.0,0.0,1503.0,
33420,3384097,600.0,0.0,0.0,0.0,467.0,0.0,0.0,467.0,
5376,308991,1114.0,0.0,0.0,0.0,312.0,0.0,0.0,312.0,
24581,1948633,1774.0,0.0,0.0,0.0,1589.0,0.0,0.0,1589.0,
10206,1544962,432.0,0.0,0.0,0.0,351.0,0.0,0.0,351.0,
25158,1738284,1065.0,0.0,0.0,0.0,776.0,0.0,0.0,776.0,
8546,559271,1202.0,0.0,0.0,0.0,996.0,0.0,0.0,996.0,
3755,1799055,1457.0,0.0,0.0,0.0,1334.0,0.0,0.0,1334.0,
3760,2372454,724.0,0.0,0.0,0.0,669.0,0.0,0.0,669.0,
38393,3581341,2197.0,0.0,0.0,0.0,1609.0,0.0,0.0,1609.0,
10118,1825103,1639.0,0.0,0.0,0.0,1455.0,0.0,0.0,1455.0,
13273,2096976,1420.0,0.0,0.0,0.0,1267.0,0.0,0.0,1267.0,
4226,2369366,32.0,0.0,0.0,0.0,23.0,0.0,0.0,23.0,
8373,3601342,1587.0,0.0,0.0,0.0,1487.0,0.0,0.0,1487.0,
3951,3878595,1772.0,0.0,0.0,0.0,1586.0,0.0,0.0,1586.0,
4800,2177309,1180.0,0.0,0.0,0.0,1065.0,0.0,0.0,1065.0,
7488,2027323,1739.0,0.0,0.0,0.0,1480.0,0.0,0.0,1480.0,
19225,3147896,2337.0,0.0,0.0,0.0,2130.0,0.0,0.0,2130.0,
10244,697028,1225.0,0.0,0.0,0.0,1125.0,0.0,0.0,1125.0,
14045,3227513,329.0,0.0,0.0,0.0,99.0,0.0,0.0,99.0,
3256,3812902,2336.0,0.0,0.0,0.0,2053.0,0.0,0.0,2053.0,
10856,982260,516.0,0.0,0.0,0.0,251.0,0.0,0.0,251.0,
5734,3769676,1626.0,0.0,12.0,0.7380073800738007,1461.0,2.0,0.13689253935660506,1467.0,
11840,1782971,2128.0,0.0,0.0,0.0,1936.0,0.0,0.0,1936.0,
25230,2510023,216.0,0.0,0.0,0.0,194.0,0.0,0.0,194.0,
24274,1639636,655.0,0.0,0.0,0.0,336.0,0.0,0.0,336.0,
4692,1235255,1311.0,0.0,0.0,0.0,378.0,0.0,0.0,378.0,
12647,863521,206.0,0.0,0.0,0.0,120.0,0.0,0.0,120.0,
7815,3186419,536.0,0.0,0.0,0.0,437.0,0.0,0.0,437.0,
3964,3617006,1776.0,0.0,0.0,0.0,1499.0,0.0,0.0,1499.0,
13759,961252,1443.0,0.0,0.0,0.0,1198.0,0.0,0.0,1198.0,
6388,1831657,1274.0,0.0,0.0,0.0,1057.0,0.0,0.0,1057.0,
21137,3270057,1560.0,0.0,0.0,0.0,1320.0,0.0,0.0,1320.0,
5814,3046815,2213.0,0.0,0.0,0.0,2022.0,0.0,0.0,2022.0,
3380,529589,84.0,0.0,0.0,0.0,71.0,0.0,0.0,71.0,
4346,2531216,1487.0,0.0,0.0,0.0,1269.0,0.0,0.0,1269.0,
21759,1668428,301.0,0.0,0.0,0.0,222.0,0.0,0.0,222.0,
95392,3954978,459.0,0.0,0.0,0.0,423.0,0.0,0.0,423.0,
24034,2315795,264.0,0.0,0.0,0.0,191.0,0.0,0.0,191.0,
5853,1827837,2139.0,0.0,0.0,0.0,1928.0,0.0,0.0,1928.0,
8496,3231316,1724.0,0.0,0.0,0.0,1475.0,0.0,0.0,1475.0,
8432,549647,952.0,0.0,0.0,0.0,816.0,0.0,0.0,816.0,
5588,3528637,2271.0,0.0,0.0,0.0,1979.0,0.0,0.0,1979.0,
8811,3811587,2299.0,0.0,0.0,0.0,2051.0,0.0,0.0,2051.0,
8546,559300,593.0,0.0,0.0,0.0,517.0,0.0,0.0,517.0,
21731,3759231,2300.0,0.0,0.0,0.0,2025.0,0.0,0.0,2025.0,
4048,1932779,1285.0,0.0,0.0,0.0,1186.0,0.0,0.0,1186.0,
6587,3945819,1497.0,0.0,0.0,0.0,1286.0,0.0,0.0,1286.0,
6731,2788641,2085.0,0.0,0.0,0.0,1741.0,0.0,0.0,1741.0,
3815,1784944,381.0,0.0,0.0,0.0,352.0,0.0,0.0,352.0,
4805,552772,1460.0,0.0,0.0,0.0,1194.0,0.0,0.0,1194.0,
8423,3580321,2255.0,0.0,0.0,0.0,2046.0,0.0,0.0,2046.0,
5595,2944323,1803.0,0.0,0.0,0.0,1604.0,0.0,0.0,1604.0,
27398,2463991,2154.0,0.0,0.0,0.0,1703.0,0.0,0.0,1703.0,
5919,3419663,2036.0,0.0,0.0,0.0,1745.0,0.0,0.0,1745.0,
12032,1202491,1752.0,0.0,0.0,0.0,1586.0,0.0,0.0,1586.0,
23997,1660838,1944.0,0.0,0.0,0.0,1647.0,0.0,0.0,1647.0,
4504,3328988,1447.0,0.0,0.0,0.0,1190.0,0.0,0.0,1190.0,
21141,3777889,1902.0,0.0,0.0,0.0,1743.0,0.0,0.0,1743.0,
36828,2788943,978.0,0.0,0.0,0.0,872.0,0.0,0.0,872.0,
7955,1191087,1906.0,0.0,0.0,0.0,1731.0,0.0,0.0,1731.0,
19037,3065881,1528.0,0.0,0.0,0.0,1195.0,0.0,0.0,1195.0,
38892,3673815,709.0,0.0,0.0,0.0,579.0,0.0,0.0,579.0,
3778,198550,1654.0,0.0,0.0,0.0,1232.0,0.0,0.0,1232.0,
5587,3112178,799.0,0.0,0.0,0.0,691.0,0.0,0.0,691.0,
11726,1004485,661.0,0.0,0.0,0.0,545.0,0.0,0.0,545.0,
3788,3269862,1946.0,0.0,1.0,0.051387461459403906,1769.0,1.0,0.05652911249293386,1770.0,
33420,3396865,679.0,0.0,0.0,0.0,478.0,0.0,0.0,478.0,
10365,2425249,1499.0,0.0,0.0,0.0,1137.0,0.0,0.0,1137.0,
24776,1851668,884.0,0.0,0.0,0.0,254.0,0.0,0.0,254.0,
3984,527291,1080.0,0.0,0.0,0.0,931.0,0.0,0.0,931.0,
6766,476012,1811.0,0.0,0.0,0.0,1485.0,0.0,0.0,1485.0,
24694,3188451,274.0,0.0,0.0,0.0,183.0,0.0,0.0,183.0,
5009,1800483,2025.0,0.0,0.0,0.0,1873.0,0.0,0.0,1873.0,
19993,1279009,475.0,0.0,0.0,0.0,189.0,0.0,0.0,189.0,
11948,1707225,565.0,0.0,0.0,0.0,153.0,0.0,0.0,153.0,
6208,364885,1863.0,0.0,0.0,0.0,1687.0,0.0,0.0,1687.0,
6437,3610362,2339.0,0.0,0.0,0.0,2100.0,0.0,0.0,2100.0,
38395,3147375,1970.0,0.0,0.0,0.0,925.0,0.0,0.0,925.0,
4473,3428094,1753.0,0.0,0.0,0.0,1628.0,0.0,0.0,1628.0,
14233,1012457,370.0,0.0,0.0,0.0,331.0,0.0,0.0,331.0,
24086,3743076,390.0,0.0,0.0,0.0,227.0,0.0,0.0,227.0,
4340,2544628,1911.0,0.0,0.0,0.0,1743.0,0.0,0.0,1743.0,
3852,1222941,1878.0,0.0,0.0,0.0,1599.0,0.0,0.0,1599.0,
24086,2386825,404.0,0.0,0.0,0.0,285.0,0.0,0.0,285.0,
10206,921002,40.0,0.0,0.0,0.0,25.0,0.0,0.0,25.0,
4300,3161005,1982.0,0.0,0.0,0.0,1796.0,0.0,0.0,1796.0,
4425,1823114,1641.0,0.0,0.0,0.0,1563.0,0.0,0.0,1563.0,
9049,951680,2220.0,0.0,0.0,0.0,1861.0,0.0,0.0,1861.0,
37595,2974118,2273.0,0.0,0.0,0.0,1808.0,0.0,0.0,1808.0,
7457,677076,1879.0,0.0,0.0,0.0,1735.0,0.0,0.0,1735.0,
7385,1208337,1954.0,0.0,0.0,0.0,1673.0,0.0,0.0,1673.0,
5128,1781459,1686.0,0.0,0.0,0.0,1580.0,0.0,0.0,1580.0,
24086,2386846,206.0,0.0,0.0,0.0,124.0,0.0,0.0,124.0,
16462,3395476,640.0,0.0,0.0,0.0,434.0,0.0,0.0,434.0,
21807,3576756,675.0,0.0,0.0,0.0,303.0,0.0,0.0,303.0,
9022,1323612,1183.0,0.0,0.0,0.0,980.0,0.0,0.0,980.0,
4778,1194048,1217.0,0.0,0.0,0.0,1070.0,0.0,0.0,1070.0,
4695,2588462,1732.0,0.0,0.0,0.0,1418.0,0.0,0.0,1418.0,
6849,3838709,1665.0,0.0,0.0,0.0,1486.0,0.0,0.0,1486.0,
9918,1891011,1702.0,0.0,0.0,0.0,1582.0,0.0,0.0,1582.0,
1657,2116096,396.0,0.0,0.0,0.0,189.0,0.0,0.0,189.0,
19683,1649316,87.0,0.0,0.0,0.0,32.0,0.0,0.0,32.0,
19683,1966978,380.0,0.0,0.0,0.0,200.0,0.0,0.0,200.0,
4382,685556,1949.0,0.0,0.0,0.0,1813.0,0.0,0.0,1813.0,
3950,3842070,1651.0,0.0,0.0,0.0,1344.0,0.0,0.0,1344.0,
20285,1305629,823.0,0.0,0.0,0.0,340.0,0.0,0.0,340.0,
4628,259084,670.0,0.0,0.0,0.0,563.0,0.0,0.0,563.0,
39236,3194386,785.0,0.0,0.0,0.0,421.0,0.0,0.0,421.0,
6041,354454,1435.0,0.0,0.0,0.0,1335.0,0.0,0.0,1335.0,
7160,1812339,482.0,0.0,0.0,0.0,459.0,0.0,0.0,459.0,
9402,3584669,1928.0,0.0,0.0,0.0,1776.0,0.0,0.0,1776.0,
4244,3822813,819.0,0.0,0.0,0.0,734.0,0.0,0.0,734.0,
7468,2347139,297.0,0.0,0.0,0.0,108.0,0.0,0.0,108.0,
4388,2756801,2274.0,0.0,0.0,0.0,1856.0,0.0,0.0,1856.0,
26630,2970624,333.0,0.0,0.0,0.0,157.0,0.0,0.0,157.0,
3272,3814533,2287.0,0.0,0.0,0.0,2033.0,0.0,0.0,2033.0,
7179,1198708,1352.0,0.0,0.0,0.0,1236.0,0.0,0.0,1236.0,
29739,2487913,832.0,0.0,0.0,0.0,549.0,0.0,0.0,549.0,
5900,1199656,2013.0,0.0,0.0,0.0,1836.0,0.0,0.0,1836.0,
16248,3473574,2276.0,0.0,0.0,0.0,2063.0,0.0,0.0,2063.0,
4471,1223750,1827.0,0.0,0.0,0.0,1607.0,0.0,0.0,1607.0,
5167,3356995,1477.0,0.0,0.0,0.0,1391.0,0.0,0.0,1391.0,
14134,1277085,435.0,0.0,0.0,0.0,288.0,0.0,0.0,288.0,
10418,835584,1146.0,0.0,0.0,0.0,1045.0,0.0,0.0,1045.0,
9085,1813048,1658.0,0.0,0.0,0.0,1531.0,0.0,0.0,1531.0,
8205,3327995,1485.0,0.0,0.0,0.0,1266.0,0.0,0.0,1266.0,
7481,472749,669.0,0.0,0.0,0.0,572.0,0.0,0.0,572.0,
5457,1076221,1082.0,0.0,0.0,0.0,852.0,0.0,0.0,852.0,
5696,314667,1128.0,0.0,0.0,0.0,1006.0,0.0,0.0,1006.0,
36769,3777955,912.0,0.0,0.0,0.0,831.0,0.0,0.0,831.0,
6922,2081618,2350.0,0.0,0.0,0.0,2135.0,0.0,0.0,2135.0,
6025,3511134,1638.0,0.0,0.0,0.0,1457.0,0.0,0.0,1457.0,
20558,2138905,463.0,0.0,0.0,0.0,116.0,0.0,0.0,116.0,
6993,1792528,1497.0,0.0,0.0,0.0,1425.0,0.0,0.0,1425.0,
21121,3197633,2102.0,0.0,0.0,0.0,1901.0,0.0,0.0,1901.0,
8546,559263,2137.0,0.0,0.0,0.0,1865.0,0.0,0.0,1865.0,
12165,2039533,2070.0,0.0,0.0,0.0,1881.0,0.0,0.0,1881.0,
41498,3584843,271.0,0.0,0.0,0.0,187.0,0.0,0.0,187.0,
6075,2604998,667.0,0.0,0.0,0.0,597.0,0.0,0.0,597.0,
13165,3061510,1853.0,0.0,0.0,0.0,1605.0,0.0,0.0,1605.0,
37496,3651261,1921.0,0.0,0.0,0.0,1572.0,0.0,0.0,1572.0,
7181,3962435,1160.0,0.0,0.0,0.0,1050.0,0.0,0.0,1050.0,
19046,2147342,977.0,0.0,0.0,0.0,889.0,0.0,0.0,889.0,
7972,749128,2391.0,0.0,0.0,0.0,1896.0,0.0,0.0,1896.0,
49214,3417753,2309.0,0.0,0.0,0.0,1847.0,0.0,0.0,1847.0,
5217,2170466,78.0,0.0,0.0,0.0,64.0,0.0,0.0,64.0,
24069,1724941,321.0,0.0,0.0,0.0,252.0,0.0,0.0,252.0,
36323,3112667,285.0,0.0,0.0,0.0,198.0,0.0,0.0,198.0,
103881,3734672,468.0,0.0,0.0,0.0,307.0,0.0,0.0,307.0,
4135,3718870,232.0,0.0,0.0,0.0,205.0,0.0,0.0,205.0,
4439,2499213,995.0,0.0,0.0,0.0,890.0,0.0,0.0,890.0,
10220,693418,1097.0,0.0,0.0,0.0,950.0,0.0,0.0,950.0,
19276,2488132,2467.0,0.0,0.0,0.0,1892.0,0.0,0.0,1892.0,
11948,1310472,862.0,0.0,0.0,0.0,259.0,0.0,0.0,259.0,
2200,983281,949.0,0.0,0.0,0.0,260.0,0.0,0.0,260.0,
19460,3688572,1988.0,0.0,0.0,0.0,1491.0,0.0,0.0,1491.0,
4082,508338,1920.0,0.0,0.0,0.0,1717.0,0.0,0.0,1717.0,
5096,1196039,1394.0,0.0,0.0,0.0,1291.0,0.0,0.0,1291.0,
6430,2105355,1128.0,0.0,0.0,0.0,1038.0,0.0,0.0,1038.0,
12080,3946404,1916.0,0.0,0.0,0.0,1695.0,0.0,0.0,1695.0,
36489,3151854,2433.0,0.0,0.0,0.0,1853.0,0.0,0.0,1853.0,
5324,461464,2317.0,0.0,0.0,0.0,1859.0,0.0,0.0,1859.0,
5768,315950,436.0,0.0,0.0,0.0,358.0,0.0,0.0,358.0,
29061,2338046,1586.0,0.0,0.0,0.0,399.0,0.0,0.0,399.0,
4781,281510,724.0,0.0,0.0,0.0,664.0,0.0,0.0,664.0,
8533,641539,315.0,0.0,0.0,0.0,205.0,0.0,0.0,205.0,
8972,2560613,1240.0,0.0,0.0,0.0,987.0,0.0,0.0,987.0,
3864,499672,756.0,0.0,0.0,0.0,613.0,0.0,0.0,613.0,
4695,3641063,1984.0,0.0,0.0,0.0,1668.0,0.0,0.0,1668.0,
93847,3731692,2258.0,0.0,0.0,0.0,1797.0,0.0,0.0,1797.0,
29282,2425340,1739.0,0.0,0.0,0.0,1585.0,0.0,0.0,1585.0,
7112,2254821,2141.0,0.0,0.0,0.0,1985.0,0.0,0.0,1985.0,
4692,1646733,639.0,0.0,0.0,0.0,222.0,0.0,0.0,222.0,
20002,3532840,340.0,0.0,0.0,0.0,219.0,0.0,0.0,219.0,
3837,1077107,1715.0,0.0,0.0,0.0,1589.0,0.0,0.0,1589.0,
4257,1202916,755.0,0.0,0.0,0.0,314.0,0.0,0.0,314.0,
4382,685636,516.0,0.0,0.0,0.0,441.0,0.0,0.0,441.0,
5165,1152586,1848.0,0.0,1.0,0.05411255411255411,1385.0,1.0,0.07220216606498195,1386.0,
4848,3329582,1929.0,0.0,0.0,0.0,1356.0,0.0,0.0,1356.0,
11948,2646170,409.0,0.0,0.0,0.0,121.0,0.0,0.0,121.0,
4282,3883037,305.0,0.0,0.0,0.0,260.0,0.0,0.0,260.0,
24776,1872291,465.0,0.0,0.0,0.0,311.0,0.0,0.0,311.0,
18992,1329094,2543.0,0.0,0.0,0.0,2009.0,0.0,0.0,2009.0,
24776,2409802,1162.0,0.0,0.0,0.0,458.0,0.0,0.0,458.0,
6157,3522063,1852.0,0.0,0.0,0.0,1635.0,0.0,0.0,1635.0,
6343,485183,1357.0,0.0,0.0,0.0,1218.0,0.0,0.0,1218.0,
93369,3519635,2125.0,0.0,0.0,0.0,1864.0,0.0,0.0,1864.0,
4662,260213,1553.0,0.0,0.0,0.0,1370.0,0.0,0.0,1370.0,
25311,3830158,2121.0,0.0,0.0,0.0,1837.0,0.0,0.0,1837.0,
3145,383665,964.0,0.0,0.0,0.0,290.0,0.0,0.0,290.0,
3785,3245702,535.0,0.0,0.0,0.0,390.0,0.0,0.0,390.0,
5395,574366,323.0,0.0,0.0,0.0,244.0,0.0,0.0,244.0,
4832,3045439,1494.0,0.0,0.0,0.0,1217.0,0.0,0.0,1217.0,
8495,1211180,2253.0,0.0,0.0,0.0,2001.0,0.0,0.0,2001.0,
12082,2538043,979.0,0.0,0.0,0.0,903.0,0.0,0.0,903.0,
25425,1613675,643.0,0.0,0.0,0.0,574.0,0.0,0.0,574.0,
21165,3458809,413.0,0.0,0.0,0.0,327.0,0.0,0.0,327.0,
5415,1918282,1143.0,0.0,0.0,0.0,333.0,0.0,0.0,333.0,
4755,1794602,1750.0,0.0,0.0,0.0,1484.0,0.0,0.0,1484.0,
11948,3578701,429.0,0.0,0.0,0.0,301.0,0.0,0.0,301.0,
9631,3558360,1717.0,0.0,0.0,0.0,1524.0,0.0,0.0,1524.0,
12597,849739,1179.0,0.0,0.0,0.0,312.0,0.0,0.0,312.0,
6999,3466894,2149.0,0.0,0.0,0.0,1927.0,0.0,0.0,1927.0,
21784,1518340,1067.0,0.0,0.0,0.0,329.0,0.0,0.0,329.0,
4273,236544,77.0,0.0,0.0,0.0,68.0,0.0,0.0,68.0,
8419,1195498,1634.0,0.0,0.0,0.0,1405.0,0.0,0.0,1405.0,
4088,3725647,1825.0,0.0,0.0,0.0,1678.0,0.0,0.0,1678.0,
7012,1210988,1804.0,0.0,0.0,0.0,1528.0,0.0,0.0,1528.0,
4272,3930753,2058.0,0.0,0.0,0.0,1847.0,0.0,0.0,1847.0,
39218,3188052,1847.0,0.0,0.0,0.0,1473.0,0.0,0.0,1473.0,
7366,2800638,592.0,0.0,0.0,0.0,553.0,0.0,0.0,553.0,
10183,3445652,119.0,0.0,0.0,0.0,100.0,0.0,0.0,100.0,
9330,3720203,2226.0,0.0,0.0,0.0,1949.0,0.0,0.0,1949.0,
49673,3341882,497.0,0.0,0.0,0.0,331.0,0.0,0.0,331.0,
21121,1641859,68.0,0.0,0.0,0.0,34.0,0.0,0.0,34.0,
34195,3220368,331.0,0.0,0.0,0.0,151.0,0.0,0.0,151.0,
4781,1444990,1646.0,0.0,0.0,0.0,1314.0,0.0,0.0,1314.0,
4505,1188261,1463.0,0.0,0.0,0.0,1190.0,0.0,0.0,1190.0,
7908,497760,2083.0,0.0,0.0,0.0,1657.0,0.0,0.0,1657.0,
5023,276935,1723.0,0.0,0.0,0.0,1407.0,0.0,0.0,1407.0,
5390,297819,1412.0,0.0,0.0,0.0,1045.0,0.0,0.0,1045.0,
7744,1724776,18.0,0.0,0.0,0.0,18.0,0.0,0.0,18.0,
18967,3406164,1110.0,0.0,0.0,0.0,993.0,0.0,0.0,993.0,
19287,3421631,1948.0,0.0,0.0,0.0,1617.0,0.0,0.0,1617.0,
10769,1932289,1635.0,0.0,0.0,0.0,1524.0,0.0,0.0,1524.0,
5515,892177,869.0,0.0,0.0,0.0,770.0,0.0,0.0,770.0,
9402,1223829,1675.0,0.0,0.0,0.0,1543.0,0.0,0.0,1543.0,
3255,419800,891.0,0.0,0.0,0.0,822.0,0.0,0.0,822.0,
12874,3576178,1689.0,0.0,0.0,0.0,1402.0,0.0,0.0,1402.0,
12032,2710605,2238.0,0.0,0.0,0.0,1772.0,0.0,0.0,1772.0,
24090,1545642,324.0,0.0,0.0,0.0,221.0,0.0,0.0,221.0,
5023,1010977,1775.0,0.0,1.0,0.056338028169014086,1559.0,1.0,0.06414368184733804,1560.0,
4541,1795797,1718.0,0.0,0.0,0.0,1596.0,0.0,0.0,1596.0,
13876,3737990,1573.0,0.0,0.0,0.0,1438.0,0.0,0.0,1438.0,
5881,658742,1880.0,0.0,0.0,0.0,1603.0,0.0,0.0,1603.0,
4761,1201009,1490.0,0.0,0.0,0.0,1376.0,0.0,0.0,1376.0,
37151,3615411,1268.0,0.0,0.0,0.0,1005.0,0.0,0.0,1005.0,
24086,2239076,132.0,0.0,0.0,0.0,71.0,0.0,0.0,71.0,
3905,205725,1636.0,0.0,0.0,0.0,1506.0,0.0,0.0,1506.0,
8385,3744623,1308.0,0.0,0.0,0.0,1176.0,0.0,0.0,1176.0,
2485,2589826,196.0,0.0,0.0,0.0,151.0,0.0,0.0,151.0,
6628,1206599,1972.0,0.0,1.0,0.05070993914807302,1688.0,1.0,0.05924170616113744,1689.0,
27350,2580732,363.0,0.0,0.0,0.0,242.0,0.0,0.0,242.0,
7539,3048629,992.0,0.0,0.0,0.0,774.0,0.0,0.0,774.0,
4879,2782871,1690.0,0.0,0.0,0.0,1592.0,0.0,0.0,1592.0,
5395,1063157,2373.0,0.0,0.0,0.0,1899.0,0.0,0.0,1899.0,
5376,324270,938.0,0.0,0.0,0.0,252.0,0.0,0.0,252.0,
11948,3274933,403.0,0.0,0.0,0.0,238.0,0.0,0.0,238.0,
9186,3701521,2535.0,0.0,0.0,0.0,2081.0,0.0,0.0,2081.0,
36726,3701628,2195.0,0.0,0.0,0.0,1789.0,0.0,0.0,1789.0,
9929,1341510,639.0,0.0,0.0,0.0,188.0,0.0,0.0,188.0,
5217,2235946,11.0,0.0,0.0,0.0,8.0,0.0,0.0,8.0,
7453,1882311,875.0,0.0,0.0,0.0,761.0,0.0,0.0,761.0,
4882,3005823,1798.0,0.0,0.0,0.0,1620.0,0.0,0.0,1620.0,
5415,3308518,1024.0,0.0,0.0,0.0,324.0,0.0,0.0,324.0,
26817,1915126,1415.0,0.0,0.0,0.0,1113.0,0.0,0.0,1113.0,
29792,2242609,2041.0,0.0,0.0,0.0,1865.0,0.0,0.0,1865.0,
3864,3601430,2008.0,0.0,0.0,0.0,1722.0,0.0,0.0,1722.0,
26373,2549382,2544.0,0.0,0.0,0.0,2063.0,0.0,0.0,2063.0,
4454,279636,476.0,0.0,0.0,0.0,230.0,0.0,0.0,230.0,
5774,1916023,479.0,0.0,0.0,0.0,344.0,0.0,0.0,344.0,
4041,3830178,1376.0,0.0,0.0,0.0,1273.0,0.0,0.0,1273.0,
1753,59735,271.0,0.0,0.0,0.0,93.0,0.0,0.0,93.0,
4788,266813,1401.0,0.0,0.0,0.0,1127.0,0.0,0.0,1127.0,
8669,1831400,1536.0,0.0,0.0,0.0,1474.0,0.0,0.0,1474.0,
5897,3690968,1539.0,0.0,0.0,0.0,1447.0,0.0,0.0,1447.0,
13341,1030389,511.0,0.0,0.0,0.0,312.0,0.0,0.0,312.0,
4619,257788,1962.0,0.0,0.0,0.0,1452.0,0.0,0.0,1452.0,
11948,1877260,408.0,0.0,0.0,0.0,250.0,0.0,0.0,250.0,
26170,2463388,222.0,0.0,0.0,0.0,169.0,0.0,0.0,169.0,
10050,1012462,1131.0,0.0,0.0,0.0,388.0,0.0,0.0,388.0,
12600,3399316,2059.0,0.0,0.0,0.0,1825.0,0.0,0.0,1825.0,
33420,3378756,657.0,0.0,0.0,0.0,458.0,0.0,0.0,458.0,
5595,1792219,1987.0,0.0,0.0,0.0,1844.0,0.0,0.0,1844.0,
4621,3857336,2161.0,0.0,0.0,0.0,1697.0,0.0,0.0,1697.0,
8593,1212406,2151.0,0.0,0.0,0.0,1730.0,0.0,0.0,1730.0,
4115,1786233,1986.0,0.0,0.0,0.0,1866.0,0.0,0.0,1866.0,
7215,3699926,1885.0,0.0,0.0,0.0,1451.0,0.0,0.0,1451.0,
12025,1006130,474.0,0.0,0.0,0.0,425.0,0.0,0.0,425.0,
19683,1581977,229.0,0.0,0.0,0.0,186.0,0.0,0.0,186.0,
11734,1190137,1232.0,0.0,0.0,0.0,326.0,0.0,0.0,326.0,
24776,2360028,217.0,0.0,0.0,0.0,100.0,0.0,0.0,100.0,
4171,229391,226.0,0.0,0.0,0.0,206.0,0.0,0.0,206.0,
8434,3581120,1716.0,0.0,0.0,0.0,1485.0,0.0,0.0,1485.0,
6428,2470460,1419.0,0.0,0.0,0.0,1271.0,0.0,0.0,1271.0,
10418,705599,1631.0,0.0,0.0,0.0,1516.0,0.0,0.0,1516.0,
4774,559767,1580.0,0.0,0.0,0.0,1251.0,0.0,0.0,1251.0,
18020,3479784,1887.0,0.0,0.0,0.0,1745.0,0.0,0.0,1745.0,
19058,1919584,425.0,0.0,0.0,0.0,380.0,0.0,0.0,380.0,
24860,3691759,1647.0,0.0,0.0,0.0,1480.0,0.0,0.0,1480.0,
18994,3077337,1779.0,0.0,0.0,0.0,1635.0,0.0,0.0,1635.0,
4432,3762165,1652.0,0.0,0.0,0.0,1503.0,0.0,0.0,1503.0,
4088,3517398,1742.0,0.0,0.0,0.0,1598.0,0.0,0.0,1598.0,
10048,2285119,1464.0,0.0,0.0,0.0,1271.0,0.0,0.0,1271.0,
4803,267396,1921.0,0.0,0.0,0.0,1689.0,0.0,0.0,1689.0,
4261,3471141,1542.0,0.0,0.0,0.0,1332.0,0.0,0.0,1332.0,
19160,3094451,7.0,0.0,0.0,0.0,7.0,0.0,0.0,7.0,
7921,537329,2291.0,0.0,0.0,0.0,1908.0,0.0,0.0,1908.0,
11172,759479,391.0,0.0,0.0,0.0,338.0,0.0,0.0,338.0,
24278,1474120,167.0,0.0,0.0,0.0,117.0,0.0,0.0,117.0,
1956,90927,617.0,0.0,0.0,0.0,513.0,0.0,0.0,513.0,
33420,3267780,740.0,0.0,0.0,0.0,565.0,0.0,0.0,565.0,
4516,274845,1368.0,0.0,0.0,0.0,1050.0,0.0,0.0,1050.0,
4546,3248527,2102.0,0.0,0.0,0.0,1764.0,0.0,0.0,1764.0,
13121,965313,116.0,0.0,0.0,0.0,82.0,0.0,0.0,82.0,
7085,2544344,2407.0,0.0,0.0,0.0,2074.0,0.0,0.0,2074.0,
11948,2261173,323.0,0.0,0.0,0.0,152.0,0.0,0.0,152.0,
7164,1098776,1809.0,0.0,0.0,0.0,1204.0,0.0,0.0,1204.0,
38892,3647002,714.0,0.0,0.0,0.0,522.0,0.0,0.0,522.0,
7744,2431966,559.0,0.0,0.0,0.0,412.0,0.0,0.0,412.0,
3766,1830319,1790.0,0.0,0.0,0.0,1615.0,0.0,0.0,1615.0,
6443,3494227,1640.0,0.0,0.0,0.0,1193.0,0.0,0.0,1193.0,
3837,576274,1941.0,0.0,0.0,0.0,1704.0,0.0,0.0,1704.0,
5114,279465,1224.0,0.0,0.0,0.0,1118.0,0.0,0.0,1118.0,
93619,3766847,1083.0,0.0,0.0,0.0,950.0,0.0,0.0,950.0,
4315,236988,383.0,0.0,0.0,0.0,311.0,0.0,0.0,311.0,
12017,1795061,847.0,0.0,0.0,0.0,746.0,0.0,0.0,746.0,
6948,1222103,1252.0,0.0,0.0,0.0,1072.0,0.0,0.0,1072.0,
4468,1222873,1668.0,0.0,0.0,0.0,1534.0,0.0,0.0,1534.0,
10050,683884,1749.0,0.0,0.0,0.0,1493.0,0.0,0.0,1493.0,
10183,1025372,438.0,0.0,0.0,0.0,311.0,0.0,0.0,311.0,
9389,1038341,2180.0,0.0,0.0,0.0,1782.0,0.0,0.0,1782.0,
4843,272322,1372.0,0.0,0.0,0.0,1121.0,0.0,0.0,1121.0,
14455,3044204,2132.0,0.0,0.0,0.0,1893.0,0.0,0.0,1893.0,
3953,2605021,1718.0,0.0,0.0,0.0,1466.0,0.0,0.0,1466.0,
13165,3694803,2016.0,0.0,0.0,0.0,1773.0,0.0,0.0,1773.0,
25751,2045229,6.0,0.0,0.0,0.0,6.0,0.0,0.0,6.0,
5137,472255,1875.0,0.0,0.0,0.0,1672.0,0.0,0.0,1672.0,
4261,3444106,1589.0,0.0,0.0,0.0,1370.0,0.0,0.0,1370.0,
26196,2013634,2099.0,0.0,0.0,0.0,1855.0,0.0,0.0,1855.0,
3780,201582,1299.0,0.0,0.0,0.0,1093.0,0.0,0.0,1093.0,
5424,1789507,1811.0,0.0,0.0,0.0,1692.0,0.0,0.0,1692.0,
11781,829445,1678.0,0.0,0.0,0.0,1311.0,0.0,0.0,1311.0,
19276,2311081,2757.0,0.0,0.0,0.0,2127.0,0.0,0.0,2127.0,
4620,1200761,1511.0,0.0,0.0,0.0,1364.0,0.0,0.0,1364.0,
11948,887862,393.0,0.0,0.0,0.0,224.0,0.0,0.0,224.0,
6173,2404132,1742.0,0.0,0.0,0.0,1536.0,0.0,0.0,1536.0,
4805,2022805,1779.0,0.0,0.0,0.0,1505.0,0.0,0.0,1505.0,
4704,2794610,1220.0,0.0,0.0,0.0,1081.0,0.0,0.0,1081.0,
5039,2800358,1916.0,0.0,0.0,0.0,1762.0,0.0,0.0,1762.0,
28370,2275100,604.0,0.0,0.0,0.0,203.0,0.0,0.0,203.0,
24817,1520602,415.0,0.0,0.0,0.0,237.0,0.0,0.0,237.0,
3923,1824322,2189.0,0.0,0.0,0.0,1985.0,0.0,0.0,1985.0,
26776,2926062,848.0,0.0,0.0,0.0,720.0,0.0,0.0,720.0,
6035,1153630,33.0,0.0,0.0,0.0,25.0,0.0,0.0,25.0,
15746,1825220,2078.0,0.0,0.0,0.0,1913.0,0.0,0.0,1913.0,
13759,3002271,693.0,0.0,0.0,0.0,650.0,0.0,0.0,650.0,
4826,3685551,1529.0,0.0,0.0,0.0,1399.0,0.0,0.0,1399.0,
13577,1786773,2101.0,0.0,0.0,0.0,1838.0,0.0,0.0,1838.0,
7487,472873,527.0,0.0,0.0,0.0,470.0,0.0,0.0,470.0,
3910,206330,1895.0,0.0,0.0,0.0,1731.0,0.0,0.0,1731.0,
24373,1705421,421.0,0.0,0.0,0.0,317.0,0.0,0.0,317.0,
7744,702118,799.0,0.0,0.0,0.0,536.0,0.0,0.0,536.0,
20558,2195954,469.0,0.0,0.0,0.0,232.0,0.0,0.0,232.0,
3951,1933424,1951.0,0.0,0.0,0.0,1728.0,0.0,0.0,1728.0,
18430,3846478,1155.0,0.0,0.0,0.0,850.0,0.0,0.0,850.0,
11948,1974771,391.0,0.0,0.0,0.0,300.0,0.0,0.0,300.0,
26975,2733576,2141.0,0.0,0.0,0.0,1915.0,0.0,0.0,1915.0,
7455,3019627,1201.0,0.0,0.0,0.0,1106.0,0.0,0.0,1106.0,
11948,3041838,550.0,0.0,0.0,0.0,341.0,0.0,0.0,341.0,
7404,1887348,1418.0,0.0,0.0,0.0,405.0,0.0,0.0,405.0,
4681,3627975,2048.0,0.0,0.0,0.0,1866.0,0.0,0.0,1866.0,
18272,2288546,1705.0,0.0,0.0,0.0,1390.0,0.0,0.0,1390.0,
33885,3455335,457.0,0.0,0.0,0.0,107.0,0.0,0.0,107.0,
25320,3385658,1583.0,0.0,0.0,0.0,1372.0,0.0,0.0,1372.0,
36008,2767193,123.0,0.0,0.0,0.0,57.0,0.0,0.0,57.0,
10097,3486652,1506.0,0.0,0.0,0.0,1349.0,0.0,0.0,1349.0,
10746,3457021,836.0,0.0,0.0,0.0,694.0,0.0,0.0,694.0,
25274,3645058,908.0,0.0,0.0,0.0,753.0,0.0,0.0,753.0,
8852,3880669,1854.0,0.0,0.0,0.0,1702.0,0.0,0.0,1702.0,
4769,3355291,446.0,0.0,0.0,0.0,321.0,0.0,0.0,321.0,
8733,2405259,730.0,0.0,0.0,0.0,220.0,0.0,0.0,220.0,
26999,2537978,2085.0,0.0,0.0,0.0,1798.0,0.0,0.0,1798.0,
9847,2742399,155.0,0.0,0.0,0.0,94.0,0.0,0.0,94.0,
5081,1198856,1385.0,0.0,0.0,0.0,1229.0,0.0,0.0,1229.0,
1676,1440470,664.0,0.0,0.0,0.0,473.0,0.0,0.0,473.0,
3766,189029,515.0,0.0,0.0,0.0,458.0,0.0,0.0,458.0,
4132,1804167,1247.0,0.0,0.0,0.0,1208.0,0.0,0.0,1208.0,
8852,1892654,1836.0,0.0,0.0,0.0,1579.0,0.0,0.0,1579.0,
7071,3399718,1761.0,0.0,0.0,0.0,1519.0,0.0,0.0,1519.0,
7362,3190789,1844.0,0.0,0.0,0.0,1661.0,0.0,0.0,1661.0,
19408,3695902,966.0,0.0,0.0,0.0,824.0,0.0,0.0,824.0,
11948,893102,272.0,0.0,0.0,0.0,145.0,0.0,0.0,145.0,
6329,374383,2428.0,0.0,0.0,0.0,2055.0,0.0,0.0,2055.0,
5945,3183552,2283.0,0.0,0.0,0.0,1933.0,0.0,0.0,1933.0,
13132,3396638,1704.0,0.0,0.0,0.0,1360.0,0.0,0.0,1360.0,
4312,1823452,934.0,0.0,0.0,0.0,735.0,0.0,0.0,735.0,
13121,2268864,677.0,0.0,0.0,0.0,442.0,0.0,0.0,442.0,
4763,1806569,1121.0,0.0,0.0,0.0,1024.0,0.0,0.0,1024.0,
4599,3710999,1797.0,0.0,0.0,0.0,1589.0,0.0,0.0,1589.0,
25217,3559124,1928.0,0.0,0.0,0.0,1765.0,0.0,0.0,1765.0,
4660,685593,1222.0,0.0,0.0,0.0,380.0,0.0,0.0,380.0,
21798,3160863,2089.0,0.0,0.0,0.0,1865.0,0.0,0.0,1865.0,
9186,1611994,1829.0,0.0,0.0,0.0,1619.0,0.0,0.0,1619.0,
7717,3593154,566.0,0.0,0.0,0.0,214.0,0.0,0.0,214.0,
19287,3372498,2363.0,0.0,0.0,0.0,2031.0,0.0,0.0,2031.0,
3145,384626,889.0,0.0,0.0,0.0,236.0,0.0,0.0,236.0,
10988,3817347,1096.0,0.0,0.0,0.0,939.0,0.0,0.0,939.0,
14287,2594208,1986.0,0.0,0.0,0.0,1781.0,0.0,0.0,1781.0,
12603,1091637,390.0,0.0,0.0,0.0,258.0,0.0,0.0,258.0,
4268,3209740,821.0,0.0,0.0,0.0,202.0,0.0,0.0,202.0,
4776,3859727,1034.0,0.0,0.0,0.0,813.0,0.0,0.0,813.0,
11201,3486223,2381.0,0.0,0.0,0.0,2121.0,0.0,0.0,2121.0,
12142,2812145,693.0,0.0,0.0,0.0,257.0,0.0,0.0,257.0,
6917,1151799,968.0,0.0,0.0,0.0,516.0,0.0,0.0,516.0,
4518,1824586,1526.0,0.0,0.0,0.0,1326.0,0.0,0.0,1326.0,
22327,1443769,359.0,0.0,0.0,0.0,312.0,0.0,0.0,312.0,
4022,217741,682.0,0.0,0.0,0.0,623.0,0.0,0.0,623.0,
5907,326181,1898.0,0.0,0.0,0.0,1706.0,0.0,0.0,1706.0,
10174,690802,587.0,0.0,0.0,0.0,498.0,0.0,0.0,498.0,
24776,1880473,566.0,0.0,0.0,0.0,173.0,0.0,0.0,173.0,
4769,549436,3.0,0.0,0.0,0.0,2.0,0.0,0.0,2.0,
4136,2179522,824.0,0.0,0.0,0.0,755.0,0.0,0.0,755.0,
6917,411237,1557.0,0.0,0.0,0.0,895.0,0.0,0.0,895.0,
23995,3790150,1693.0,0.0,0.0,0.0,1537.0,0.0,0.0,1537.0,
14134,1355228,481.0,0.0,0.0,0.0,353.0,0.0,0.0,353.0,
38350,3576665,1519.0,0.0,0.0,0.0,1080.0,0.0,0.0,1080.0,
6681,1932460,1792.0,0.0,0.0,0.0,1468.0,0.0,0.0,1468.0,
9805,3390249,1696.0,0.0,0.0,0.0,1501.0,0.0,0.0,1501.0,
11948,2803585,876.0,0.0,0.0,0.0,337.0,0.0,0.0,337.0,
7118,1220913,1861.0,0.0,0.0,0.0,1709.0,0.0,0.0,1709.0,
19089,2724752,2092.0,0.0,0.0,0.0,1836.0,0.0,0.0,1836.0,
3861,1077327,1367.0,0.0,0.0,0.0,1196.0,0.0,0.0,1196.0,
24694,3223183,248.0,0.0,0.0,0.0,172.0,0.0,0.0,172.0,
4832,3466790,1907.0,0.0,0.0,0.0,1674.0,0.0,0.0,1674.0,
3885,3103697,1273.0,0.0,0.0,0.0,1078.0,0.0,0.0,1078.0,
5221,283812,1593.0,0.0,0.0,0.0,1462.0,0.0,0.0,1462.0,
6225,1307902,1283.0,0.0,0.0,0.0,342.0,0.0,0.0,342.0,
4618,258387,1663.0,0.0,0.0,0.0,1490.0,0.0,0.0,1490.0,
12055,3549504,2293.0,0.0,0.0,0.0,2036.0,0.0,0.0,2036.0,
1676,1338653,285.0,0.0,0.0,0.0,208.0,0.0,0.0,208.0,
5406,2776494,2152.0,0.0,0.0,0.0,1828.0,0.0,0.0,1828.0,
18990,1289320,1698.0,0.0,0.0,0.0,1481.0,0.0,0.0,1481.0,
4692,1646709,43.0,0.0,0.0,0.0,11.0,0.0,0.0,11.0,
6733,1084283,1921.0,0.0,0.0,0.0,1781.0,0.0,0.0,1781.0,
6070,3198035,647.0,0.0,0.0,0.0,579.0,0.0,0.0,579.0,
4423,1692860,697.0,0.0,0.0,0.0,613.0,0.0,0.0,613.0,
13218,2356044,955.0,0.0,0.0,0.0,844.0,0.0,0.0,844.0,
4468,2159004,1066.0,0.0,0.0,0.0,836.0,0.0,0.0,836.0,
38394,3860064,421.0,0.0,0.0,0.0,307.0,0.0,0.0,307.0,
4713,3676867,2061.0,0.0,0.0,0.0,1757.0,0.0,0.0,1757.0,
25608,2298020,1996.0,0.0,0.0,0.0,1697.0,0.0,0.0,1697.0,
5980,1197696,768.0,0.0,0.0,0.0,722.0,0.0,0.0,722.0,
9386,649283,1410.0,0.0,0.0,0.0,1249.0,0.0,0.0,1249.0,
9298,787107,1631.0,0.0,0.0,0.0,1446.0,0.0,0.0,1446.0,
6912,3897577,1626.0,0.0,0.0,0.0,1552.0,0.0,0.0,1552.0,
21920,2089584,1445.0,0.0,0.0,0.0,542.0,0.0,0.0,542.0,
6683,1789698,1699.0,0.0,0.0,0.0,1528.0,0.0,0.0,1528.0,
4697,513596,1574.0,0.0,0.0,0.0,1362.0,0.0,0.0,1362.0,
8106,3099971,2203.0,0.0,0.0,0.0,1949.0,0.0,0.0,1949.0,
5342,1812285,2126.0,0.0,0.0,0.0,1928.0,0.0,0.0,1928.0,
8385,3743975,1539.0,0.0,0.0,0.0,1379.0,0.0,0.0,1379.0,
18020,3755305,1977.0,0.0,0.0,0.0,1840.0,0.0,0.0,1840.0,
5698,1002363,1903.0,0.0,0.0,0.0,1742.0,0.0,0.0,1742.0,
14134,1278942,422.0,0.0,0.0,0.0,307.0,0.0,0.0,307.0,
13375,1393309,691.0,0.0,0.0,0.0,470.0,0.0,0.0,470.0,
4683,1772606,1514.0,0.0,0.0,0.0,1434.0,0.0,0.0,1434.0,
4715,262473,1731.0,0.0,0.0,0.0,1506.0,0.0,0.0,1506.0,
44873,3431709,875.0,0.0,0.0,0.0,654.0,0.0,0.0,654.0,
24069,1472553,56.0,0.0,0.0,0.0,37.0,0.0,0.0,37.0,
27297,2994115,1783.0,0.0,0.0,0.0,1287.0,0.0,0.0,1287.0,
19173,1828278,2223.0,0.0,0.0,0.0,1992.0,0.0,0.0,1992.0,
13992,975220,2172.0,0.0,0.0,0.0,1705.0,0.0,0.0,1705.0,
21165,1718805,457.0,0.0,0.0,0.0,355.0,0.0,0.0,355.0,
6968,1920010,805.0,0.0,0.0,0.0,724.0,0.0,0.0,724.0,
5804,2820876,1982.0,0.0,0.0,0.0,1747.0,0.0,0.0,1747.0,
4441,248082,2162.0,0.0,0.0,0.0,2065.0,0.0,0.0,2065.0,
10998,2989335,1933.0,0.0,0.0,0.0,1658.0,0.0,0.0,1658.0,
9760,2310054,1727.0,0.0,0.0,0.0,1577.0,0.0,0.0,1577.0,
103881,3735113,557.0,0.0,0.0,0.0,392.0,0.0,0.0,392.0,
19470,3432389,2140.0,0.0,0.0,0.0,1899.0,0.0,0.0,1899.0,
4139,1821699,1781.0,0.0,0.0,0.0,1614.0,0.0,0.0,1614.0,
24086,2363913,217.0,0.0,0.0,0.0,101.0,0.0,0.0,101.0,
7744,818185,552.0,0.0,0.0,0.0,428.0,0.0,0.0,428.0,
3822,2779696,925.0,0.0,0.0,0.0,722.0,0.0,0.0,722.0,
5100,278637,1757.0,0.0,0.0,0.0,1609.0,0.0,0.0,1609.0,
24086,2364030,37.0,0.0,0.0,0.0,25.0,0.0,0.0,25.0,
8547,2523484,1581.0,0.0,0.0,0.0,1367.0,0.0,0.0,1367.0,
49279,3620978,323.0,0.0,0.0,0.0,217.0,0.0,0.0,217.0,
3883,1022772,2049.0,0.0,0.0,0.0,1853.0,0.0,0.0,1853.0,
21855,2056956,1499.0,0.0,0.0,0.0,1352.0,0.0,0.0,1352.0,
4040,2775943,2024.0,0.0,0.0,0.0,1871.0,0.0,0.0,1871.0,
8466,790268,267.0,0.0,0.0,0.0,69.0,0.0,0.0,69.0,
3912,3103752,1118.0,0.0,0.0,0.0,1025.0,0.0,0.0,1025.0,
21341,3399874,1146.0,0.0,0.0,0.0,1009.0,0.0,0.0,1009.0,
5019,562394,2396.0,0.0,0.0,0.0,1954.0,0.0,0.0,1954.0,
4232,511452,729.0,0.0,0.0,0.0,618.0,0.0,0.0,618.0,
9391,2604504,1710.0,0.0,0.0,0.0,1348.0,0.0,0.0,1348.0,
10365,3002372,1865.0,0.0,0.0,0.0,1522.0,0.0,0.0,1522.0,
14561,1912373,1086.0,0.0,0.0,0.0,1000.0,0.0,0.0,1000.0,
10343,702113,1952.0,0.0,0.0,0.0,1570.0,0.0,0.0,1570.0,
37639,2980208,263.0,0.0,0.0,0.0,189.0,0.0,0.0,189.0,
16462,3251103,256.0,0.0,0.0,0.0,157.0,0.0,0.0,157.0,
4231,1829652,1780.0,0.0,0.0,0.0,1627.0,0.0,0.0,1627.0,
6487,3418373,2124.0,0.0,0.0,0.0,1880.0,0.0,0.0,1880.0,
5368,982454,594.0,0.0,0.0,0.0,441.0,0.0,0.0,441.0,
4282,2996250,1476.0,0.0,0.0,0.0,1327.0,0.0,0.0,1327.0,
33511,2960835,444.0,0.0,0.0,0.0,129.0,0.0,0.0,129.0,
12082,2605206,1230.0,0.0,0.0,0.0,1088.0,0.0,0.0,1088.0,
5398,294944,1456.0,0.0,0.0,0.0,1159.0,0.0,0.0,1159.0,
5897,3399369,1399.0,0.0,0.0,0.0,1303.0,0.0,0.0,1303.0,
32962,2409591,707.0,0.0,0.0,0.0,481.0,0.0,0.0,481.0,
7243,2247258,2114.0,0.0,0.0,0.0,1978.0,0.0,0.0,1978.0,
3972,1217724,2124.0,0.0,0.0,0.0,1921.0,0.0,0.0,1921.0,
7026,1891786,2008.0,0.0,0.0,0.0,1838.0,0.0,0.0,1838.0,
45426,3359751,504.0,0.0,0.0,0.0,363.0,0.0,0.0,363.0,
14134,1273285,729.0,0.0,0.0,0.0,547.0,0.0,0.0,547.0,
17871,1331536,1160.0,0.0,0.0,0.0,1006.0,0.0,0.0,1006.0,
5860,1210684,2214.0,0.0,0.0,0.0,2052.0,0.0,0.0,2052.0,
1676,679396,172.0,0.0,0.0,0.0,98.0,0.0,0.0,98.0,
11948,1123802,185.0,0.0,0.0,0.0,118.0,0.0,0.0,118.0,
3857,3743760,1925.0,0.0,0.0,0.0,1717.0,0.0,0.0,1717.0,
19059,2254622,1798.0,0.0,0.0,0.0,1582.0,0.0,0.0,1582.0,
5525,2543928,2088.0,0.0,0.0,0.0,1897.0,0.0,0.0,1897.0,
28163,2551144,2198.0,0.0,0.0,0.0,1752.0,0.0,0.0,1752.0,
6710,403401,1710.0,0.0,0.0,0.0,1381.0,0.0,0.0,1381.0,
94459,3651943,2189.0,0.0,0.0,0.0,1810.0,0.0,0.0,1810.0,
4776,265609,2160.0,0.0,0.0,0.0,2004.0,0.0,0.0,2004.0,
9386,3928676,2217.0,0.0,0.0,0.0,1809.0,0.0,0.0,1809.0,
5824,3672367,380.0,0.0,0.0,0.0,341.0,0.0,0.0,341.0,
6295,2223980,351.0,0.0,0.0,0.0,260.0,0.0,0.0,260.0,
13324,2300911,612.0,0.0,0.0,0.0,318.0,0.0,0.0,318.0,
7388,3489605,1736.0,0.0,0.0,0.0,1521.0,0.0,0.0,1521.0,
6119,1187638,1737.0,0.0,0.0,0.0,1561.0,0.0,0.0,1561.0,
57308,3617097,528.0,0.0,0.0,0.0,363.0,0.0,0.0,363.0,
4777,1624709,1440.0,0.0,0.0,0.0,1341.0,0.0,0.0,1341.0,
39026,3574966,2324.0,0.0,0.0,0.0,1694.0,0.0,0.0,1694.0,
10143,1120601,1469.0,0.0,0.0,0.0,1342.0,0.0,0.0,1342.0,
5695,3610177,1829.0,0.0,0.0,0.0,1686.0,0.0,0.0,1686.0,
26044,1948724,2213.0,0.0,0.0,0.0,1983.0,0.0,0.0,1983.0,
25425,2236434,617.0,0.0,0.0,0.0,553.0,0.0,0.0,553.0,
25320,3509711,2125.0,0.0,0.0,0.0,1803.0,0.0,0.0,1803.0,
28370,2114449,395.0,0.0,0.0,0.0,216.0,0.0,0.0,216.0,
7142,2300469,2038.0,0.0,0.0,0.0,1782.0,0.0,0.0,1782.0,
14564,3433158,1672.0,0.0,0.0,0.0,1575.0,0.0,0.0,1575.0,
1676,2736631,790.0,0.0,0.0,0.0,607.0,0.0,0.0,607.0,
26373,2548214,2376.0,0.0,0.0,0.0,1945.0,0.0,0.0,1945.0,
11948,3225417,849.0,0.0,0.0,0.0,235.0,0.0,0.0,235.0,
4826,268713,299.0,0.0,0.0,0.0,101.0,0.0,0.0,101.0,
7278,2303378,2259.0,0.0,0.0,0.0,1958.0,0.0,0.0,1958.0,
4528,251839,1294.0,0.0,0.0,0.0,1153.0,0.0,0.0,1153.0,
4724,1797617,1689.0,0.0,0.0,0.0,1514.0,0.0,0.0,1514.0,
110436,3830031,1115.0,0.0,0.0,0.0,296.0,0.0,0.0,296.0,
29879,2269050,1335.0,0.0,0.0,0.0,1132.0,0.0,0.0,1132.0,
7288,3466575,1627.0,0.0,0.0,0.0,1436.0,0.0,0.0,1436.0,
18685,2207131,1608.0,0.0,0.0,0.0,1477.0,0.0,0.0,1477.0,
4451,3068867,1949.0,0.0,0.0,0.0,1391.0,0.0,0.0,1391.0,
11644,1083777,1829.0,0.0,0.0,0.0,1583.0,0.0,0.0,1583.0,
8588,3752353,2309.0,0.0,0.0,0.0,1804.0,0.0,0.0,1804.0,
4622,1217428,1746.0,0.0,0.0,0.0,1643.0,0.0,0.0,1643.0,
21141,3639836,870.0,0.0,0.0,0.0,295.0,0.0,0.0,295.0,
4450,3161662,2007.0,0.0,0.0,0.0,1845.0,0.0,0.0,1845.0,
4211,1632881,1805.0,0.0,0.0,0.0,1614.0,0.0,0.0,1614.0,
4855,1812080,1917.0,0.0,0.0,0.0,1758.0,0.0,0.0,1758.0,
8434,1207196,1993.0,0.0,0.0,0.0,1849.0,0.0,0.0,1849.0,
11218,3670812,581.0,0.0,0.0,0.0,538.0,0.0,0.0,538.0,
7717,1196517,916.0,0.0,0.0,0.0,777.0,0.0,0.0,777.0,
11910,1556458,700.0,0.0,0.0,0.0,436.0,0.0,0.0,436.0,
3836,2553375,1714.0,0.0,0.0,0.0,1558.0,0.0,0.0,1558.0,
19683,3188239,920.0,0.0,0.0,0.0,637.0,0.0,0.0,637.0,
4830,2775856,1581.0,0.0,0.0,0.0,1421.0,0.0,0.0,1421.0,
4542,1411630,92.0,0.0,0.0,0.0,24.0,0.0,0.0,24.0,
24650,2802248,304.0,0.0,0.0,0.0,164.0,0.0,0.0,164.0,
7118,1190551,1682.0,0.0,0.0,0.0,1557.0,0.0,0.0,1557.0,
24776,2329311,453.0,0.0,0.0,0.0,234.0,0.0,0.0,234.0,
10406,3755219,2803.0,0.0,0.0,0.0,2161.0,0.0,0.0,2161.0,
11948,2569651,404.0,0.0,0.0,0.0,147.0,0.0,0.0,147.0,
33826,3660437,2071.0,0.0,0.0,0.0,1435.0,0.0,0.0,1435.0,
8848,2431934,485.0,0.0,0.0,0.0,386.0,0.0,0.0,386.0,
5862,2644520,2297.0,0.0,0.0,0.0,1885.0,0.0,0.0,1885.0,
3951,1787600,2007.0,0.0,0.0,0.0,1802.0,0.0,0.0,1802.0,
10455,808909,991.0,0.0,0.0,0.0,276.0,0.0,0.0,276.0,
5050,3228273,1459.0,0.0,0.0,0.0,1384.0,0.0,0.0,1384.0,
3907,3711841,2165.0,0.0,0.0,0.0,1879.0,0.0,0.0,1879.0,
27350,2261198,1101.0,0.0,0.0,0.0,735.0,0.0,0.0,735.0,
8266,864882,405.0,0.0,0.0,0.0,240.0,0.0,0.0,240.0,
14153,1011210,338.0,0.0,0.0,0.0,234.0,0.0,0.0,234.0,
19823,1992128,679.0,0.0,0.0,0.0,332.0,0.0,0.0,332.0,
6582,3630369,1923.0,0.0,0.0,0.0,1717.0,0.0,0.0,1717.0,
3380,167434,412.0,0.0,0.0,0.0,231.0,0.0,0.0,231.0,
9029,3006962,1547.0,0.0,0.0,0.0,1344.0,0.0,0.0,1344.0,
4556,3201948,1579.0,0.0,0.0,0.0,1458.0,0.0,0.0,1458.0,
4483,250017,1568.0,0.0,0.0,0.0,1485.0,0.0,0.0,1485.0,
6580,2926020,578.0,0.0,0.0,0.0,491.0,0.0,0.0,491.0,
13255,1958981,2135.0,0.0,0.0,0.0,1777.0,0.0,0.0,1777.0,
3967,868146,1964.0,0.0,0.0,0.0,1815.0,0.0,0.0,1815.0,
3974,1830753,2222.0,0.0,0.0,0.0,2007.0,0.0,0.0,2007.0,
19683,1277084,476.0,0.0,2.0,0.42016806722689076,192.0,1.0,0.5208333333333334,193.0,
7963,3272322,1689.0,0.0,0.0,0.0,1577.0,0.0,0.0,1577.0,
27875,2786819,466.0,0.0,0.0,0.0,207.0,0.0,0.0,207.0,
3789,679416,2438.0,0.0,0.0,0.0,2067.0,0.0,0.0,2067.0,
4843,1815765,1686.0,0.0,0.0,0.0,1510.0,0.0,0.0,1510.0,
10206,1686122,197.0,0.0,0.0,0.0,142.0,0.0,0.0,142.0,
11291,2760202,1292.0,0.0,0.0,0.0,354.0,0.0,0.0,354.0,
4898,613034,2012.0,0.0,0.0,0.0,1580.0,0.0,0.0,1580.0,
19683,3362974,302.0,0.0,0.0,0.0,119.0,0.0,0.0,119.0,
23416,3537793,1889.0,0.0,0.0,0.0,1626.0,0.0,0.0,1626.0,
16113,3555363,1685.0,0.0,0.0,0.0,1525.0,0.0,0.0,1525.0,
9202,1377234,870.0,0.0,0.0,0.0,790.0,0.0,0.0,790.0,
3999,3422760,1618.0,0.0,0.0,0.0,1226.0,0.0,0.0,1226.0,
36489,3386236,1867.0,0.0,0.0,0.0,1039.0,0.0,0.0,1039.0,
4790,3688523,1533.0,0.0,0.0,0.0,1367.0,0.0,0.0,1367.0,
3815,1805464,1017.0,0.0,0.0,0.0,903.0,0.0,0.0,903.0,
6310,1193760,1419.0,0.0,0.0,0.0,1180.0,0.0,0.0,1180.0,
4805,1952932,1502.0,0.0,0.0,0.0,1295.0,0.0,0.0,1295.0,
18483,2580869,1944.0,0.0,0.0,0.0,1541.0,0.0,0.0,1541.0,
4044,2544152,1382.0,0.0,0.0,0.0,1311.0,0.0,0.0,1311.0,
9298,772887,2044.0,0.0,0.0,0.0,1593.0,0.0,0.0,1593.0,
8620,2485832,707.0,0.0,0.0,0.0,523.0,0.0,0.0,523.0,
8653,2503948,637.0,0.0,0.0,0.0,606.0,0.0,0.0,606.0,
12049,1310484,1791.0,0.0,0.0,0.0,1485.0,0.0,0.0,1485.0,
10351,3929271,1326.0,0.0,0.0,0.0,1226.0,0.0,0.0,1226.0,
13114,916927,566.0,0.0,0.0,0.0,313.0,0.0,0.0,313.0,
4627,258236,2039.0,0.0,0.0,0.0,1872.0,0.0,0.0,1872.0,
4432,3767334,1827.0,0.0,0.0,0.0,1662.0,0.0,0.0,1662.0,
9388,3123521,1645.0,0.0,0.0,0.0,1440.0,0.0,0.0,1440.0,
10244,694457,1720.0,0.0,0.0,0.0,1517.0,0.0,0.0,1517.0,
49279,3589040,244.0,0.0,0.0,0.0,151.0,0.0,0.0,151.0,
4416,3015540,1678.0,0.0,0.0,0.0,1488.0,0.0,0.0,1488.0,
37499,2980129,341.0,0.0,0.0,0.0,248.0,0.0,0.0,248.0,
3822,1823975,1687.0,0.0,0.0,0.0,1400.0,0.0,0.0,1400.0,
4114,3612962,1252.0,0.0,0.0,0.0,1036.0,0.0,0.0,1036.0,
29874,2387010,2051.0,0.0,0.0,0.0,1663.0,0.0,0.0,1663.0,
3980,218642,1521.0,0.0,0.0,0.0,1404.0,0.0,0.0,1404.0,
11991,1225698,2403.0,0.0,0.0,0.0,2031.0,0.0,0.0,2031.0,
6321,2975445,2383.0,0.0,0.0,0.0,2088.0,0.0,0.0,2088.0,
38395,3147166,1697.0,0.0,0.0,0.0,807.0,0.0,0.0,807.0,
4222,576631,1477.0,0.0,0.0,0.0,420.0,0.0,0.0,420.0,
9550,3641754,1531.0,0.0,0.0,0.0,990.0,0.0,0.0,990.0,
8470,3810635,2310.0,0.0,0.0,0.0,1946.0,0.0,0.0,1946.0,
9334,1801007,1891.0,0.0,0.0,0.0,1736.0,0.0,0.0,1736.0,
4347,2097081,1404.0,0.0,0.0,0.0,1093.0,0.0,0.0,1093.0,
25424,3350469,1855.0,0.0,0.0,0.0,1645.0,0.0,0.0,1645.0,
25217,3558885,1881.0,0.0,0.0,0.0,1702.0,0.0,0.0,1702.0,
33420,2558994,688.0,0.0,0.0,0.0,539.0,0.0,0.0,539.0,
12012,850865,1332.0,0.0,0.0,0.0,1197.0,0.0,0.0,1197.0,
6521,1802370,2099.0,0.0,0.0,0.0,1938.0,0.0,0.0,1938.0,
8261,1205725,1651.0,0.0,0.0,0.0,1459.0,0.0,0.0,1459.0,
4484,2650157,2217.0,0.0,0.0,0.0,2008.0,0.0,0.0,2008.0,
8261,1692810,1896.0,0.0,0.0,0.0,1723.0,0.0,0.0,1723.0,
33171,2458204,339.0,0.0,0.0,0.0,255.0,0.0,0.0,255.0,
4595,871272,1868.0,0.0,0.0,0.0,1588.0,0.0,0.0,1588.0,
4774,559765,2047.0,0.0,0.0,0.0,1815.0,0.0,0.0,1815.0,
5146,2947026,1701.0,0.0,0.0,0.0,1581.0,0.0,0.0,1581.0,
4223,1217998,990.0,0.0,0.0,0.0,897.0,0.0,0.0,897.0,
3789,1226648,2047.0,0.0,0.0,0.0,1798.0,0.0,0.0,1798.0,
9202,2943968,688.0,0.0,0.0,0.0,637.0,0.0,0.0,637.0,
5971,2543727,1801.0,0.0,0.0,0.0,1638.0,0.0,0.0,1638.0,
6230,366669,1512.0,0.0,0.0,0.0,1249.0,0.0,0.0,1249.0,
8828,1080775,1878.0,0.0,0.0,0.0,1585.0,0.0,0.0,1585.0,
24086,2363939,891.0,0.0,0.0,0.0,361.0,0.0,0.0,361.0,
6157,3275070,2240.0,0.0,0.0,0.0,2031.0,0.0,0.0,2031.0,
7204,1479521,1583.0,0.0,0.0,0.0,1483.0,0.0,0.0,1483.0,
6101,1217580,1289.0,0.0,0.0,0.0,312.0,0.0,0.0,312.0,
28370,3618626,1719.0,0.0,0.0,0.0,487.0,0.0,0.0,487.0,
14690,2031082,1401.0,0.0,0.0,0.0,1053.0,0.0,0.0,1053.0,
13139,1006038,1728.0,0.0,0.0,0.0,1584.0,0.0,0.0,1584.0,
10206,755409,252.0,0.0,0.0,0.0,184.0,0.0,0.0,184.0,
4777,1216309,1731.0,0.0,0.0,0.0,1611.0,0.0,0.0,1611.0,
11948,1694384,239.0,0.0,0.0,0.0,156.0,0.0,0.0,156.0,
4504,3122411,1622.0,0.0,0.0,0.0,1446.0,0.0,0.0,1446.0,
4248,3427795,1728.0,0.0,0.0,0.0,1584.0,0.0,0.0,1584.0,
38394,3201604,1970.0,0.0,0.0,0.0,1527.0,0.0,0.0,1527.0,
3132,1658441,355.0,0.0,0.0,0.0,208.0,0.0,0.0,208.0,
7570,3545692,1737.0,0.0,0.0,0.0,1581.0,0.0,0.0,1581.0,
10105,955950,555.0,0.0,0.0,0.0,466.0,0.0,0.0,466.0,
23815,2967602,2131.0,0.0,0.0,0.0,1894.0,0.0,0.0,1894.0,
8106,3394853,878.0,0.0,0.0,0.0,773.0,0.0,0.0,773.0,
13590,1360805,1085.0,0.0,0.0,0.0,326.0,0.0,0.0,326.0,
6733,686858,2226.0,0.0,0.0,0.0,1911.0,0.0,0.0,1911.0,
14014,1083278,547.0,0.0,0.0,0.0,292.0,0.0,0.0,292.0,
9203,3696375,2213.0,0.0,0.0,0.0,1899.0,0.0,0.0,1899.0,
5084,3727144,1113.0,0.0,0.0,0.0,913.0,0.0,0.0,913.0,
9202,628050,1565.0,0.0,0.0,0.0,1457.0,0.0,0.0,1457.0,
39094,3429059,2336.0,0.0,0.0,0.0,1874.0,0.0,0.0,1874.0,
6766,3626447,1780.0,0.0,0.0,0.0,979.0,0.0,0.0,979.0,
5204,1463520,263.0,0.0,0.0,0.0,231.0,0.0,0.0,231.0,
12142,998071,181.0,0.0,0.0,0.0,121.0,0.0,0.0,121.0,
10950,743380,2050.0,0.0,0.0,0.0,1618.0,0.0,0.0,1618.0,
24776,3343802,559.0,0.0,0.0,0.0,314.0,0.0,0.0,314.0,
4808,2597239,210.0,0.0,0.0,0.0,175.0,0.0,0.0,175.0,
6230,600601,1046.0,0.0,0.0,0.0,879.0,0.0,0.0,879.0,
21759,1673108,366.0,0.0,0.0,0.0,267.0,0.0,0.0,267.0,
13000,1904889,418.0,0.0,0.0,0.0,275.0,0.0,0.0,275.0,
7209,1823433,476.0,0.0,0.0,0.0,405.0,0.0,0.0,405.0,
10342,866116,108.0,0.0,0.0,0.0,77.0,0.0,0.0,77.0,
4139,2303289,1886.0,0.0,0.0,0.0,1792.0,0.0,0.0,1792.0,
18020,3642393,2138.0,0.0,0.0,0.0,1971.0,0.0,0.0,1971.0,
5081,1480833,1920.0,0.0,0.0,0.0,1713.0,0.0,0.0,1713.0,
27297,2120057,2351.0,0.0,0.0,0.0,2009.0,0.0,0.0,2009.0,
6152,2322722,1880.0,0.0,0.0,0.0,1648.0,0.0,0.0,1648.0,
10482,3765222,1750.0,0.0,0.0,0.0,1559.0,0.0,0.0,1559.0,
7141,1208572,1790.0,0.0,0.0,0.0,1660.0,0.0,0.0,1660.0,
10206,911830,319.0,0.0,0.0,0.0,219.0,0.0,0.0,219.0,
6335,1221069,1358.0,0.0,0.0,0.0,1234.0,0.0,0.0,1234.0,
5862,3357639,2070.0,0.0,0.0,0.0,1633.0,0.0,0.0,1633.0,
93459,3519451,1175.0,0.0,0.0,0.0,827.0,0.0,0.0,827.0,
26142,3314279,2111.0,0.0,0.0,0.0,1847.0,0.0,0.0,1847.0,
6225,3214584,1986.0,0.0,0.0,0.0,1863.0,0.0,0.0,1863.0,
4805,267540,1498.0,0.0,0.0,0.0,1300.0,0.0,0.0,1300.0,
24694,2236894,336.0,0.0,0.0,0.0,198.0,0.0,0.0,198.0,
4423,1602890,977.0,0.0,0.0,0.0,783.0,0.0,0.0,783.0,
10342,934636,531.0,0.0,0.0,0.0,385.0,0.0,0.0,385.0,
13375,1391480,536.0,0.0,0.0,0.0,346.0,0.0,0.0,346.0,
8733,1176808,949.0,0.0,0.0,0.0,279.0,0.0,0.0,279.0,
14800,2536724,2080.0,0.0,0.0,0.0,1833.0,0.0,0.0,1833.0,
6077,3812656,1535.0,0.0,0.0,0.0,1320.0,0.0,0.0,1320.0,
9035,608911,860.0,0.0,0.0,0.0,763.0,0.0,0.0,763.0,
5860,3203857,2205.0,0.0,0.0,0.0,1986.0,0.0,0.0,1986.0,
8506,1080130,1922.0,0.0,0.0,0.0,1719.0,0.0,0.0,1719.0,
6034,1209159,1828.0,0.0,0.0,0.0,1612.0,0.0,0.0,1612.0,
4599,3712066,1849.0,0.0,0.0,0.0,1645.0,0.0,0.0,1645.0,
24776,1872293,592.0,0.0,0.0,0.0,345.0,0.0,0.0,345.0,
8522,3804128,2338.0,0.0,0.0,0.0,2114.0,0.0,0.0,2114.0,
11948,1496982,367.0,0.0,0.0,0.0,263.0,0.0,0.0,263.0,
9539,3718382,2241.0,0.0,0.0,0.0,2043.0,0.0,0.0,2043.0,
24581,3363196,2221.0,0.0,0.0,0.0,2010.0,0.0,0.0,2010.0,
5411,1786682,1940.0,0.0,0.0,0.0,1775.0,0.0,0.0,1775.0,
5165,3389605,840.0,0.0,0.0,0.0,288.0,0.0,0.0,288.0,
8952,671681,2322.0,0.0,0.0,0.0,2007.0,0.0,0.0,2007.0,
8214,1803457,2015.0,0.0,0.0,0.0,1875.0,0.0,0.0,1875.0,
7744,897041,572.0,0.0,0.0,0.0,400.0,0.0,0.0,400.0,
11948,897723,335.0,0.0,0.0,0.0,167.0,0.0,0.0,167.0,
4777,2550951,1737.0,0.0,0.0,0.0,1613.0,0.0,0.0,1613.0,
3859,199627,1976.0,0.0,0.0,0.0,1786.0,0.0,0.0,1786.0,
5883,3594543,2019.0,0.0,0.0,0.0,1914.0,0.0,0.0,1914.0,
7509,3422266,2559.0,0.0,0.0,0.0,2124.0,0.0,0.0,2124.0,
24086,2364179,529.0,0.0,0.0,0.0,265.0,0.0,0.0,265.0,
5800,3019216,870.0,0.0,0.0,0.0,776.0,0.0,0.0,776.0,
4556,3201944,1171.0,0.0,0.0,0.0,1066.0,0.0,0.0,1066.0,
4419,3617648,1574.0,0.0,0.0,0.0,1444.0,0.0,0.0,1444.0,
8317,551081,360.0,0.0,0.0,0.0,245.0,0.0,0.0,245.0,
8304,1803943,1302.0,0.0,0.0,0.0,1185.0,0.0,0.0,1185.0,
5398,292464,1216.0,0.0,0.0,0.0,1073.0,0.0,0.0,1073.0,
10105,1462399,1335.0,0.0,0.0,0.0,1172.0,0.0,0.0,1172.0,
5668,1264048,1135.0,0.0,2.0,0.1762114537444934,854.0,2.0,0.234192037470726,856.0,
6671,3616128,2105.0,0.0,0.0,0.0,1956.0,0.0,0.0,1956.0,
5414,615342,1290.0,0.0,0.0,0.0,1102.0,0.0,0.0,1102.0,
11948,1498075,367.0,0.0,0.0,0.0,195.0,0.0,0.0,195.0,
8701,2714107,1674.0,0.0,0.0,0.0,1412.0,0.0,0.0,1412.0,
33420,3397146,542.0,0.0,0.0,0.0,401.0,0.0,0.0,401.0,
13574,3439473,2029.0,0.0,0.0,0.0,1853.0,0.0,0.0,1853.0,
5350,1822607,1813.0,0.0,0.0,0.0,1629.0,0.0,0.0,1629.0,
5222,1352485,12.0,0.0,0.0,0.0,8.0,0.0,0.0,8.0,
8733,3202506,1332.0,0.0,0.0,0.0,328.0,0.0,0.0,328.0,
26630,2970242,688.0,0.0,0.0,0.0,347.0,0.0,0.0,347.0,
8434,1223598,1866.0,0.0,0.0,0.0,1678.0,0.0,0.0,1678.0,
5698,3203099,1779.0,0.0,0.0,0.0,1649.0,0.0,0.0,1649.0,
3187,3160581,2223.0,0.0,0.0,0.0,1740.0,0.0,0.0,1740.0,
4655,259145,1453.0,0.0,0.0,0.0,1273.0,0.0,0.0,1273.0,
4287,3584618,1720.0,0.0,0.0,0.0,1397.0,0.0,0.0,1397.0,
14580,3943289,2343.0,0.0,0.0,0.0,1788.0,0.0,0.0,1788.0,
24274,1493013,315.0,0.0,0.0,0.0,216.0,0.0,0.0,216.0,
29570,2757096,896.0,0.0,0.0,0.0,513.0,0.0,0.0,513.0,
6025,3761615,1510.0,0.0,0.0,0.0,1332.0,0.0,0.0,1332.0,
2314,973126,1011.0,0.0,0.0,0.0,933.0,0.0,0.0,933.0,
16160,2464758,2421.0,0.0,0.0,0.0,1957.0,0.0,0.0,1957.0,
6344,374976,1729.0,0.0,0.0,0.0,1553.0,0.0,0.0,1553.0,
10097,1813677,2169.0,0.0,0.0,0.0,2018.0,0.0,0.0,2018.0,
13776,1056796,1960.0,0.0,0.0,0.0,1447.0,0.0,0.0,1447.0,
1676,1071842,257.0,0.0,0.0,0.0,169.0,0.0,0.0,169.0,
9050,1817709,205.0,0.0,0.0,0.0,152.0,0.0,0.0,152.0,
8434,1234612,2116.0,0.0,0.0,0.0,1839.0,0.0,0.0,1839.0,
14151,2782418,2062.0,0.0,0.0,0.0,1695.0,0.0,0.0,1695.0,
3625,1333168,619.0,0.0,0.0,0.0,450.0,0.0,0.0,450.0,
3828,512035,1082.0,0.0,0.0,0.0,970.0,0.0,0.0,970.0,
6580,1901699,908.0,0.0,0.0,0.0,772.0,0.0,0.0,772.0,
9313,3046035,1811.0,0.0,0.0,0.0,1691.0,0.0,0.0,1691.0,
4001,1816204,1836.0,0.0,0.0,0.0,1585.0,0.0,0.0,1585.0,
6389,1186492,2051.0,0.0,0.0,0.0,1759.0,0.0,0.0,1759.0,
11851,809896,1967.0,0.0,0.0,0.0,1581.0,0.0,0.0,1581.0,
4695,261427,1069.0,0.0,0.0,0.0,951.0,0.0,0.0,951.0,
11691,3633428,884.0,0.0,0.0,0.0,745.0,0.0,0.0,745.0,
24776,1851541,820.0,0.0,0.0,0.0,659.0,0.0,0.0,659.0,
28370,2236151,1268.0,0.0,0.0,0.0,856.0,0.0,0.0,856.0,
25352,2211145,1928.0,0.0,0.0,0.0,1729.0,0.0,0.0,1729.0,
4516,2782823,546.0,0.0,0.0,0.0,496.0,0.0,0.0,496.0,
8733,1308390,734.0,0.0,0.0,0.0,304.0,0.0,0.0,304.0,
9173,2130135,2525.0,0.0,0.0,0.0,799.0,0.0,0.0,799.0,
4590,693297,1223.0,0.0,0.0,0.0,1073.0,0.0,0.0,1073.0,
8842,594214,1945.0,0.0,0.0,0.0,1691.0,0.0,0.0,1691.0,
6182,3695878,1372.0,0.0,0.0,0.0,1236.0,0.0,0.0,1236.0,
21920,2923947,1754.0,0.0,0.0,0.0,795.0,0.0,0.0,795.0,
4800,2194153,1107.0,0.0,0.0,0.0,1008.0,0.0,0.0,1008.0,
38067,3706436,1677.0,0.0,0.0,0.0,1332.0,0.0,0.0,1332.0,
6953,3047723,2329.0,0.0,0.0,0.0,1997.0,0.0,0.0,1997.0,
32497,3168329,2023.0,0.0,0.0,0.0,1560.0,0.0,0.0,1560.0,
10078,685684,1315.0,0.0,0.0,0.0,1082.0,0.0,0.0,1082.0,
23905,1874840,443.0,0.0,0.0,0.0,205.0,0.0,0.0,205.0,
28370,3435398,1061.0,0.0,0.0,0.0,289.0,0.0,0.0,289.0,
37496,3651607,2205.0,0.0,0.0,0.0,1792.0,0.0,0.0,1792.0,
4142,229086,491.0,0.0,0.0,0.0,456.0,0.0,0.0,456.0,
12018,2489909,2228.0,0.0,0.0,0.0,1843.0,0.0,0.0,1843.0,
13115,972834,1292.0,0.0,0.0,0.0,639.0,0.0,0.0,639.0,
4846,3059528,1414.0,0.0,0.0,0.0,938.0,0.0,0.0,938.0,
9821,678647,1807.0,0.0,0.0,0.0,1378.0,0.0,0.0,1378.0,
25471,2024949,2228.0,0.0,0.0,0.0,1990.0,0.0,0.0,1990.0,
10206,896803,237.0,0.0,0.0,0.0,198.0,0.0,0.0,198.0,
18665,1433196,3.0,0.0,0.0,0.0,2.0,0.0,0.0,2.0,
11022,3414745,1428.0,0.0,0.0,0.0,1296.0,0.0,0.0,1296.0,
24086,2364051,451.0,0.0,0.0,0.0,147.0,0.0,0.0,147.0,
34195,3110379,685.0,0.0,0.0,0.0,212.0,0.0,0.0,212.0,
103881,3734884,215.0,0.0,0.0,0.0,180.0,0.0,0.0,180.0,
24069,2592138,670.0,0.0,0.0,0.0,544.0,0.0,0.0,544.0,
9339,2645181,2087.0,0.0,0.0,0.0,1799.0,0.0,0.0,1799.0,
6971,1906846,1808.0,0.0,0.0,0.0,1681.0,0.0,0.0,1681.0,
38868,3647016,2299.0,0.0,0.0,0.0,1765.0,0.0,0.0,1765.0,
8995,922794,834.0,0.0,0.0,0.0,597.0,0.0,0.0,597.0,
19412,1794800,1927.0,0.0,0.0,0.0,1760.0,0.0,0.0,1760.0,
5561,879081,853.0,0.0,0.0,0.0,227.0,0.0,0.0,227.0,
4119,678997,1433.0,0.0,0.0,0.0,1214.0,0.0,0.0,1214.0,
7468,3476625,1107.0,0.0,0.0,0.0,366.0,0.0,0.0,366.0,
27921,2511139,1015.0,0.0,0.0,0.0,290.0,0.0,0.0,290.0,
4787,3431781,1306.0,0.0,0.0,0.0,332.0,0.0,0.0,332.0,
5902,3554757,2235.0,0.0,0.0,0.0,2014.0,0.0,0.0,2014.0,
4898,1483533,1123.0,0.0,0.0,0.0,965.0,0.0,0.0,965.0,
8378,929855,1005.0,0.0,0.0,0.0,556.0,0.0,0.0,556.0,
12428,958431,528.0,0.0,0.0,0.0,247.0,0.0,0.0,247.0,
11948,1279861,267.0,0.0,0.0,0.0,122.0,0.0,0.0,122.0,
5184,1206383,404.0,0.0,0.0,0.0,364.0,0.0,0.0,364.0,
6333,3860337,2109.0,0.0,0.0,0.0,1628.0,0.0,0.0,1628.0,
12909,2775637,1464.0,0.0,0.0,0.0,1237.0,0.0,0.0,1237.0,
24694,2235431,275.0,0.0,0.0,0.0,169.0,0.0,0.0,169.0,
5742,1826254,1904.0,0.0,0.0,0.0,1699.0,0.0,0.0,1699.0,
6544,389376,1925.0,0.0,0.0,0.0,1663.0,0.0,0.0,1663.0,
11948,1723369,105.0,0.0,0.0,0.0,50.0,0.0,0.0,50.0,
5386,3036203,568.0,0.0,0.0,0.0,464.0,0.0,0.0,464.0,
29512,3080064,2002.0,0.0,0.0,0.0,1808.0,0.0,0.0,1808.0,
6852,3287111,1627.0,0.0,0.0,0.0,1496.0,0.0,0.0,1496.0,
5873,2036933,2034.0,0.0,0.0,0.0,1813.0,0.0,0.0,1813.0,
7544,474799,916.0,0.0,0.0,0.0,289.0,0.0,0.0,289.0,
7902,1792912,2478.0,0.0,0.0,0.0,2139.0,0.0,0.0,2139.0,
10325,2607157,1803.0,0.0,0.0,0.0,1303.0,0.0,0.0,1303.0,
4856,270357,1229.0,0.0,0.0,0.0,349.0,0.0,0.0,349.0,
15723,1020633,2067.0,0.0,0.0,0.0,1779.0,0.0,0.0,1779.0,
6041,3178713,837.0,0.0,0.0,0.0,758.0,0.0,0.0,758.0,
8823,2438614,1010.0,0.0,0.0,0.0,800.0,0.0,0.0,800.0,
4348,688736,268.0,0.0,0.0,0.0,240.0,0.0,0.0,240.0,
14563,3806938,2552.0,0.0,0.0,0.0,2294.0,0.0,0.0,2294.0,
4285,2223902,939.0,0.0,0.0,0.0,586.0,0.0,0.0,586.0,
6100,359800,1800.0,0.0,0.0,0.0,1520.0,0.0,0.0,1520.0,
6264,2178087,2352.0,0.0,0.0,0.0,1972.0,0.0,0.0,1972.0,
4552,3613117,1562.0,0.0,0.0,0.0,1434.0,0.0,0.0,1434.0,
10393,2343849,2068.0,0.0,0.0,0.0,1876.0,0.0,0.0,1876.0,
7134,3386514,2054.0,0.0,0.0,0.0,1910.0,0.0,0.0,1910.0,
11958,2789022,1903.0,0.0,0.0,0.0,1796.0,0.0,0.0,1796.0,
11201,764017,1317.0,0.0,0.0,0.0,1024.0,0.0,0.0,1024.0,
28258,2657814,501.0,0.0,0.0,0.0,350.0,0.0,0.0,350.0,
8733,3547827,668.0,0.0,0.0,0.0,183.0,0.0,0.0,183.0,
9189,717675,610.0,0.0,0.0,0.0,522.0,0.0,0.0,522.0,
12603,1168380,192.0,0.0,0.0,0.0,153.0,0.0,0.0,153.0,
9918,3453219,1273.0,0.0,0.0,0.0,1203.0,0.0,0.0,1203.0,
18277,1102965,808.0,0.0,0.0,0.0,587.0,0.0,0.0,587.0,
4706,587722,1913.0,0.0,0.0,0.0,1669.0,0.0,0.0,1669.0,
7084,3055557,1666.0,0.0,0.0,0.0,1560.0,0.0,0.0,1560.0,
4121,2825990,1806.0,0.0,0.0,0.0,1633.0,0.0,0.0,1633.0,
7815,3653753,2104.0,0.0,0.0,0.0,1976.0,0.0,0.0,1976.0,
5391,1113113,2166.0,0.0,0.0,0.0,1943.0,0.0,0.0,1943.0,
12142,1010561,155.0,0.0,0.0,0.0,118.0,0.0,0.0,118.0,
25751,3745068,625.0,0.0,0.0,0.0,362.0,0.0,0.0,362.0,
24795,2821643,1275.0,0.0,0.0,0.0,365.0,0.0,0.0,365.0,
24776,1880471,809.0,0.0,0.0,0.0,450.0,0.0,0.0,450.0,
6035,3012202,1590.0,0.0,0.0,0.0,1468.0,0.0,0.0,1468.0,
4696,758262,1072.0,0.0,0.0,0.0,890.0,0.0,0.0,890.0,
4003,3376266,887.0,0.0,0.0,0.0,737.0,0.0,0.0,737.0,
4044,218600,1824.0,0.0,0.0,0.0,1494.0,0.0,0.0,1494.0,
4303,803734,1241.0,0.0,0.0,0.0,982.0,0.0,0.0,982.0,
7433,1880066,1998.0,0.0,0.0,0.0,1674.0,0.0,0.0,1674.0,
6627,1800610,1988.0,0.0,0.0,0.0,1822.0,0.0,0.0,1822.0,
18621,2176608,1963.0,0.0,0.0,0.0,1672.0,0.0,0.0,1672.0,
6322,3588691,2003.0,0.0,0.0,0.0,1863.0,0.0,0.0,1863.0,
4541,1784852,1158.0,0.0,0.0,0.0,1066.0,0.0,0.0,1066.0,
3995,2583788,1554.0,0.0,0.0,0.0,1319.0,0.0,0.0,1319.0,
37496,3076879,1908.0,0.0,0.0,0.0,1428.0,0.0,0.0,1428.0,
4673,3956762,621.0,0.0,0.0,0.0,568.0,0.0,0.0,568.0,
19683,1595739,187.0,0.0,0.0,0.0,141.0,0.0,0.0,141.0,
8744,2389337,571.0,0.0,0.0,0.0,271.0,0.0,0.0,271.0,
3991,2503866,1282.0,0.0,0.0,0.0,1068.0,0.0,0.0,1068.0,
45426,3450889,1079.0,0.0,0.0,0.0,797.0,0.0,0.0,797.0,
6666,402588,2324.0,0.0,0.0,0.0,1924.0,0.0,0.0,1924.0,
6971,2797555,1667.0,0.0,0.0,0.0,1561.0,0.0,0.0,1561.0,
13301,3379315,2381.0,0.0,0.0,0.0,2050.0,0.0,0.0,2050.0,
5995,3767318,446.0,0.0,0.0,0.0,201.0,0.0,0.0,201.0,
36270,3385166,302.0,0.0,0.0,0.0,231.0,0.0,0.0,231.0,
24086,2364143,786.0,0.0,0.0,0.0,433.0,0.0,0.0,433.0,
29418,2370877,1255.0,0.0,0.0,0.0,590.0,0.0,0.0,590.0,
4226,1227165,1389.0,0.0,0.0,0.0,1286.0,0.0,0.0,1286.0,
6443,2557756,2382.0,0.0,0.0,0.0,1840.0,0.0,0.0,1840.0,
8617,1196099,1891.0,0.0,0.0,0.0,1531.0,0.0,0.0,1531.0,
91570,3458466,494.0,0.0,0.0,0.0,384.0,0.0,0.0,384.0,
9263,3065905,1033.0,0.0,0.0,0.0,803.0,0.0,0.0,803.0,
7473,676994,396.0,0.0,1.0,0.25252525252525254,298.0,1.0,0.33557046979865773,299.0,
9821,678655,1797.0,0.0,0.0,0.0,1317.0,0.0,0.0,1317.0,
21807,1373494,252.0,0.0,0.0,0.0,114.0,0.0,0.0,114.0,
12016,1200385,313.0,0.0,0.0,0.0,261.0,0.0,0.0,261.0,
103881,3734896,458.0,0.0,0.0,0.0,326.0,0.0,0.0,326.0,
27297,3624333,559.0,0.0,0.0,0.0,451.0,0.0,0.0,451.0,
4787,1830077,693.0,0.0,0.0,0.0,613.0,0.0,0.0,613.0,
21731,3007995,2076.0,0.0,0.0,0.0,1791.0,0.0,0.0,1791.0,
49279,3620868,527.0,0.0,0.0,0.0,391.0,0.0,0.0,391.0,
4271,3712864,1677.0,0.0,0.0,0.0,1430.0,0.0,0.0,1430.0,
9350,2572550,1933.0,0.0,0.0,0.0,1701.0,0.0,0.0,1701.0,
6565,2731649,611.0,0.0,0.0,0.0,435.0,0.0,0.0,435.0,
8496,2943009,2318.0,0.0,0.0,0.0,1646.0,0.0,0.0,1646.0,
11229,2169754,985.0,0.0,0.0,0.0,903.0,0.0,0.0,903.0,
8744,596103,568.0,0.0,0.0,0.0,256.0,0.0,0.0,256.0,
4519,816163,680.0,0.0,0.0,0.0,619.0,0.0,0.0,619.0,
21766,1330416,893.0,0.0,0.0,0.0,497.0,0.0,0.0,497.0,
7089,1458814,2047.0,0.0,0.0,0.0,1916.0,0.0,0.0,1916.0,
8373,3437952,1206.0,0.0,0.0,0.0,968.0,0.0,0.0,968.0,
19473,1356215,2263.0,0.0,0.0,0.0,1984.0,0.0,0.0,1984.0,
4244,1280535,1422.0,0.0,0.0,0.0,1252.0,0.0,0.0,1252.0,
12428,929192,407.0,0.0,0.0,0.0,248.0,0.0,0.0,248.0,
14237,1748696,1375.0,0.0,0.0,0.0,1213.0,0.0,0.0,1213.0,
4420,244200,1578.0,0.0,0.0,0.0,1293.0,0.0,0.0,1293.0,
6872,3331618,1624.0,0.0,0.0,0.0,1437.0,0.0,0.0,1437.0,
19120,3514704,2352.0,0.0,0.0,0.0,2080.0,0.0,0.0,2080.0,
5784,1819611,986.0,0.0,0.0,0.0,901.0,0.0,0.0,901.0,
6327,3405063,2078.0,0.0,0.0,0.0,1966.0,0.0,0.0,1966.0,
28370,3618661,1387.0,0.0,0.0,0.0,539.0,0.0,0.0,539.0,
3958,2605361,1715.0,0.0,0.0,0.0,1465.0,0.0,0.0,1465.0,
18903,1932386,2044.0,0.0,0.0,0.0,1823.0,0.0,0.0,1823.0,
9391,2952879,367.0,0.0,0.0,0.0,300.0,0.0,0.0,300.0,
3911,2327097,1470.0,0.0,0.0,0.0,1335.0,0.0,0.0,1335.0,
8971,3640717,2014.0,0.0,0.0,0.0,1810.0,0.0,0.0,1810.0,
8669,1829247,1651.0,0.0,0.0,0.0,1574.0,0.0,0.0,1574.0,
8239,1186380,2042.0,0.0,0.0,0.0,1821.0,0.0,0.0,1821.0,
7127,1200166,1708.0,0.0,0.0,0.0,1589.0,0.0,0.0,1589.0,
5348,3294003,2254.0,0.0,0.0,0.0,1922.0,0.0,0.0,1922.0,
3290,493782,243.0,0.0,0.0,0.0,175.0,0.0,0.0,175.0,
5115,1196355,1470.0,0.0,0.0,0.0,1269.0,0.0,0.0,1269.0,
5184,1990205,844.0,0.0,0.0,0.0,698.0,0.0,0.0,698.0,
9231,3896318,1109.0,0.0,0.0,0.0,1044.0,0.0,0.0,1044.0,
3880,3584080,1675.0,0.0,0.0,0.0,1445.0,0.0,0.0,1445.0,
8620,1348917,1231.0,0.0,0.0,0.0,854.0,0.0,0.0,854.0,
5525,2544629,678.0,0.0,0.0,0.0,608.0,0.0,0.0,608.0,
18925,3444485,1774.0,0.0,0.0,0.0,1639.0,0.0,0.0,1639.0,
4793,2065185,1363.0,0.0,0.0,0.0,1201.0,0.0,0.0,1201.0,
26219,2024960,589.0,0.0,0.0,0.0,522.0,0.0,0.0,522.0,
26630,2970084,478.0,0.0,0.0,0.0,287.0,0.0,0.0,287.0,
9349,3065847,2546.0,0.0,0.0,0.0,1968.0,0.0,0.0,1968.0,
18274,2379613,610.0,0.0,0.0,0.0,561.0,0.0,0.0,561.0,
4285,2255482,653.0,0.0,0.0,0.0,280.0,0.0,0.0,280.0,
6429,3792649,1419.0,0.0,0.0,0.0,1234.0,0.0,0.0,1234.0,
20558,3401370,460.0,0.0,0.0,0.0,190.0,0.0,0.0,190.0,
8420,2376925,2214.0,0.0,0.0,0.0,1966.0,0.0,0.0,1966.0,
14435,1792910,1500.0,0.0,0.0,0.0,1306.0,0.0,0.0,1306.0,
6352,1182275,297.0,0.0,0.0,0.0,212.0,0.0,0.0,212.0,
19007,1151584,233.0,0.0,0.0,0.0,161.0,0.0,0.0,161.0,
22117,3823358,2099.0,0.0,0.0,0.0,1500.0,0.0,0.0,1500.0,
5028,3484711,1408.0,0.0,0.0,0.0,1290.0,0.0,0.0,1290.0,
11948,3143273,302.0,0.0,0.0,0.0,199.0,0.0,0.0,199.0,
1956,56336,595.0,0.0,0.0,0.0,476.0,0.0,0.0,476.0,
18499,1639383,1469.0,0.0,0.0,0.0,973.0,0.0,0.0,973.0,
3923,2304605,2421.0,0.0,0.0,0.0,2171.0,0.0,0.0,2171.0,
24034,1929139,551.0,0.0,0.0,0.0,410.0,0.0,0.0,410.0,
8607,3685322,1991.0,0.0,0.0,0.0,1852.0,0.0,0.0,1852.0,
19683,1642428,852.0,0.0,0.0,0.0,495.0,0.0,0.0,495.0,
26329,2540193,395.0,0.0,0.0,0.0,283.0,0.0,0.0,283.0,
14456,2815895,1981.0,0.0,0.0,0.0,1751.0,0.0,0.0,1751.0,
7681,1192789,2472.0,0.0,0.0,0.0,2052.0,0.0,0.0,2052.0,
24860,3531065,1404.0,0.0,0.0,0.0,1237.0,0.0,0.0,1237.0,
9313,3095815,1040.0,0.0,0.0,0.0,927.0,0.0,0.0,927.0,
18430,3480228,1963.0,0.0,0.0,0.0,1492.0,0.0,0.0,1492.0,
5856,3433172,2326.0,0.0,1.0,0.04299226139294927,2069.0,1.0,0.04833252779120348,2070.0,
4856,3833060,1976.0,0.0,0.0,0.0,1746.0,0.0,0.0,1746.0,
26170,2034055,239.0,0.0,0.0,0.0,168.0,0.0,0.0,168.0,
26659,2129227,2123.0,0.0,0.0,0.0,1873.0,0.0,0.0,1873.0,
4139,2303364,1961.0,0.0,0.0,0.0,1852.0,0.0,0.0,1852.0,
5876,562527,1841.0,0.0,0.0,0.0,1460.0,0.0,0.0,1460.0,
7693,486789,1963.0,0.0,0.0,0.0,1498.0,0.0,0.0,1498.0,
19683,3627589,523.0,0.0,0.0,0.0,312.0,0.0,0.0,312.0,
19120,3581307,2134.0,0.0,0.0,0.0,1830.0,0.0,0.0,1830.0,
6412,1763917,1934.0,0.0,0.0,0.0,1605.0,0.0,0.0,1605.0,
5368,297806,1031.0,0.0,0.0,0.0,708.0,0.0,0.0,708.0,
3785,600394,365.0,0.0,0.0,0.0,242.0,0.0,0.0,242.0,
3880,749631,2540.0,0.0,0.0,0.0,2224.0,0.0,0.0,2224.0,
25352,3159576,401.0,0.0,0.0,0.0,367.0,0.0,0.0,367.0,
7287,1268284,657.0,0.0,0.0,0.0,638.0,0.0,0.0,638.0,
18685,3517496,2013.0,0.0,0.0,0.0,1814.0,0.0,0.0,1814.0,
4445,3458181,1794.0,0.0,0.0,0.0,1632.0,0.0,0.0,1632.0,
1986,83679,553.0,0.0,0.0,0.0,422.0,0.0,0.0,422.0,
4270,2535418,2130.0,0.0,0.0,0.0,1792.0,0.0,0.0,1792.0,
10034,2464186,1888.0,0.0,0.0,0.0,1767.0,0.0,0.0,1767.0,
24776,1723102,1182.0,0.0,0.0,0.0,414.0,0.0,0.0,414.0,
13623,1724691,249.0,0.0,0.0,0.0,189.0,0.0,0.0,189.0,
5667,1150484,209.0,0.0,0.0,0.0,121.0,0.0,0.0,121.0,
7911,3537614,1406.0,0.0,0.0,0.0,1150.0,0.0,0.0,1150.0,
4856,3150928,1650.0,0.0,0.0,0.0,1484.0,0.0,0.0,1484.0,
7661,503616,361.0,0.0,0.0,0.0,105.0,0.0,0.0,105.0,
10278,884069,1429.0,0.0,0.0,0.0,393.0,0.0,0.0,393.0,
4832,3044464,1834.0,0.0,0.0,0.0,1622.0,0.0,0.0,1622.0,
19198,3007294,2580.0,0.0,0.0,0.0,2231.0,0.0,0.0,2231.0,
1676,975379,315.0,0.0,0.0,0.0,177.0,0.0,0.0,177.0,
25262,2960301,573.0,0.0,0.0,0.0,498.0,0.0,0.0,498.0,
4432,3897496,3.0,0.0,0.0,0.0,3.0,0.0,0.0,3.0,
7718,3809727,2075.0,0.0,0.0,0.0,1795.0,0.0,0.0,1795.0,
6276,1933346,1788.0,0.0,0.0,0.0,1636.0,0.0,0.0,1636.0,
4612,3005581,1221.0,0.0,0.0,0.0,995.0,0.0,0.0,995.0,
4426,3602254,1882.0,0.0,0.0,0.0,1713.0,0.0,0.0,1713.0,
3991,2329073,1881.0,0.0,0.0,0.0,1655.0,0.0,0.0,1655.0,
4132,1990424,1654.0,0.0,0.0,0.0,1568.0,0.0,0.0,1568.0,
22219,1912126,2427.0,0.0,0.0,0.0,2134.0,0.0,0.0,2134.0,
3836,1226481,1545.0,0.0,0.0,0.0,1411.0,0.0,0.0,1411.0,
25284,3688751,2236.0,0.0,0.0,0.0,1852.0,0.0,0.0,1852.0,
36832,2779150,569.0,0.0,0.0,0.0,393.0,0.0,0.0,393.0,
9389,3603479,1574.0,0.0,0.0,0.0,1331.0,0.0,0.0,1331.0,
8533,2050978,602.0,0.0,0.0,0.0,445.0,0.0,0.0,445.0,
13115,912069,1247.0,0.0,0.0,0.0,596.0,0.0,0.0,596.0,
103175,3584595,187.0,0.0,0.0,0.0,141.0,0.0,0.0,141.0,
13992,2711789,1272.0,0.0,0.0,0.0,922.0,0.0,0.0,922.0,
7955,2951055,1252.0,0.0,0.0,0.0,1123.0,0.0,0.0,1123.0,
36270,3456943,510.0,0.0,0.0,0.0,379.0,0.0,0.0,379.0,
4237,233230,1844.0,0.0,0.0,0.0,1277.0,0.0,0.0,1277.0,
8373,1211516,1497.0,0.0,0.0,0.0,1393.0,0.0,0.0,1393.0,
26774,3424178,1942.0,0.0,0.0,0.0,1844.0,0.0,0.0,1844.0,
8470,2398969,2355.0,0.0,0.0,0.0,2051.0,0.0,0.0,2051.0,
4082,1211060,579.0,0.0,0.0,0.0,533.0,0.0,0.0,533.0,
4246,686328,2067.0,0.0,0.0,0.0,1654.0,0.0,0.0,1654.0,
7570,2322522,1837.0,0.0,0.0,0.0,1701.0,0.0,0.0,1701.0,
24776,1872303,31.0,0.0,0.0,0.0,19.0,0.0,0.0,19.0,
32243,2344402,505.0,0.0,0.0,0.0,414.0,0.0,0.0,414.0,
9007,1624731,1391.0,0.0,0.0,0.0,1292.0,0.0,0.0,1292.0,
7715,501806,1774.0,0.0,0.0,0.0,1330.0,0.0,0.0,1330.0,
3757,3014919,760.0,0.0,0.0,0.0,696.0,0.0,0.0,696.0,
8733,2740162,1977.0,0.0,0.0,0.0,504.0,0.0,0.0,504.0,
4002,3390300,1948.0,0.0,0.0,0.0,1623.0,0.0,0.0,1623.0,
7836,493339,1670.0,0.0,0.0,0.0,1244.0,0.0,0.0,1244.0,
4477,1207120,2010.0,0.0,0.0,0.0,1852.0,0.0,0.0,1852.0,
28454,3934307,570.0,0.0,0.0,0.0,289.0,0.0,0.0,289.0,
12142,1718865,909.0,0.0,0.0,0.0,291.0,0.0,0.0,291.0,
10137,2956302,1357.0,0.0,0.0,0.0,348.0,0.0,0.0,348.0,
4448,1819648,1489.0,0.0,0.0,0.0,1301.0,0.0,0.0,1301.0,
14403,3354396,1217.0,0.0,0.0,0.0,963.0,0.0,0.0,963.0,
6925,3289604,1915.0,0.0,0.0,0.0,1519.0,0.0,0.0,1519.0,
1956,2549454,664.0,0.0,0.0,0.0,470.0,0.0,0.0,470.0,
14580,3432459,1321.0,0.0,0.0,0.0,629.0,0.0,0.0,629.0,
4303,3950430,2253.0,0.0,0.0,0.0,2003.0,0.0,0.0,2003.0,
5638,1211316,1356.0,0.0,0.0,0.0,1201.0,0.0,0.0,1201.0,
9173,2107706,1813.0,0.0,0.0,0.0,491.0,0.0,0.0,491.0,
10206,929396,315.0,0.0,0.0,0.0,266.0,0.0,0.0,266.0,
9760,2188972,1758.0,0.0,0.0,0.0,1511.0,0.0,0.0,1511.0,
15974,2060749,417.0,0.0,0.0,0.0,308.0,0.0,0.0,308.0,
9392,873395,335.0,0.0,0.0,0.0,245.0,0.0,0.0,245.0,
24776,3343799,683.0,0.0,0.0,0.0,419.0,0.0,0.0,419.0,
14435,1795561,1753.0,0.0,0.0,0.0,1517.0,0.0,0.0,1517.0,
16158,2251393,2203.0,0.0,0.0,0.0,542.0,0.0,0.0,542.0,
23917,1577002,936.0,0.0,0.0,0.0,447.0,0.0,0.0,447.0,
4174,2749206,1603.0,0.0,0.0,0.0,1437.0,0.0,0.0,1437.0,
26977,2510012,2250.0,0.0,0.0,0.0,1896.0,0.0,0.0,1896.0,
15660,1799170,1998.0,0.0,0.0,0.0,1801.0,0.0,0.0,1801.0,
4069,480544,391.0,0.0,0.0,0.0,198.0,0.0,0.0,198.0,
3961,252955,908.0,0.0,0.0,0.0,747.0,0.0,0.0,747.0,
7011,3531934,2375.0,0.0,0.0,0.0,2184.0,0.0,0.0,2184.0,
9916,3347181,1707.0,0.0,0.0,0.0,1570.0,0.0,0.0,1570.0,
4908,1821869,1318.0,0.0,0.0,0.0,1192.0,0.0,0.0,1192.0,
10482,3651956,1350.0,0.0,0.0,0.0,384.0,0.0,0.0,384.0,
5734,2641689,1362.0,0.0,0.0,0.0,1219.0,0.0,0.0,1219.0,
4587,256676,1697.0,0.0,0.0,0.0,1360.0,0.0,0.0,1360.0,
5907,3538652,1956.0,0.0,0.0,0.0,1810.0,0.0,0.0,1810.0,
6948,1730678,831.0,0.0,0.0,0.0,734.0,0.0,0.0,734.0,
13375,1402177,667.0,0.0,0.0,0.0,456.0,0.0,0.0,456.0,
29744,2337647,450.0,0.0,0.0,0.0,304.0,0.0,0.0,304.0,
19072,3625604,2135.0,0.0,0.0,0.0,1826.0,0.0,0.0,1826.0,
9402,3798937,1782.0,0.0,0.0,0.0,1636.0,0.0,0.0,1636.0,
24776,1851588,723.0,0.0,0.0,0.0,442.0,0.0,0.0,442.0,
14134,1237411,223.0,0.0,0.0,0.0,155.0,0.0,0.0,155.0,
15858,2784346,1212.0,0.0,0.0,0.0,933.0,0.0,0.0,933.0,
4234,3486332,1655.0,0.0,0.0,0.0,1466.0,0.0,0.0,1466.0,
4122,1817321,1841.0,0.0,0.0,0.0,1632.0,0.0,0.0,1632.0,
5406,507683,1936.0,0.0,0.0,0.0,1757.0,0.0,0.0,1757.0,
5944,2661607,1549.0,0.0,0.0,0.0,1329.0,0.0,0.0,1329.0,
9897,1786790,634.0,0.0,0.0,0.0,577.0,0.0,0.0,577.0,
4080,219397,588.0,0.0,0.0,0.0,489.0,0.0,0.0,489.0,
4612,2976410,1060.0,0.0,0.0,0.0,869.0,0.0,0.0,869.0,
4616,2347223,1381.0,0.0,0.0,0.0,1262.0,0.0,0.0,1262.0,
4769,794073,546.0,0.0,0.0,0.0,388.0,0.0,0.0,388.0,
103881,3776206,421.0,0.0,0.0,0.0,317.0,0.0,0.0,317.0,
8455,689577,297.0,0.0,0.0,0.0,171.0,0.0,0.0,171.0,
27482,2960982,1551.0,0.0,0.0,0.0,1316.0,0.0,0.0,1316.0,
13097,1260596,643.0,0.0,0.0,0.0,360.0,0.0,0.0,360.0,
7130,1132373,1977.0,0.0,0.0,0.0,1615.0,0.0,0.0,1615.0,
7474,472938,2086.0,0.0,0.0,0.0,1871.0,0.0,0.0,1871.0,
3798,3316038,1128.0,0.0,0.0,0.0,968.0,0.0,0.0,968.0,
23914,2779723,1690.0,0.0,0.0,0.0,1545.0,0.0,0.0,1545.0,
23905,2086748,770.0,0.0,0.0,0.0,355.0,0.0,0.0,355.0,
10669,848384,1308.0,0.0,0.0,0.0,317.0,0.0,0.0,317.0,
8952,2960925,1862.0,0.0,0.0,0.0,1576.0,0.0,0.0,1576.0,
11195,2817299,1178.0,0.0,0.0,0.0,353.0,0.0,0.0,353.0,
38270,3079714,94.0,0.0,0.0,0.0,41.0,0.0,0.0,41.0,
4015,2605336,1912.0,0.0,0.0,0.0,1573.0,0.0,0.0,1573.0,
9599,1209167,2018.0,0.0,0.0,0.0,1804.0,0.0,0.0,1804.0,
5219,1013065,1192.0,0.0,0.0,0.0,1047.0,0.0,0.0,1047.0,
7488,2669274,2335.0,0.0,0.0,0.0,1840.0,0.0,0.0,1840.0,
24776,1777039,778.0,0.0,0.0,0.0,323.0,0.0,0.0,323.0,
8784,3778925,2022.0,0.0,0.0,0.0,1846.0,0.0,0.0,1846.0,
26453,1808478,2517.0,0.0,0.0,0.0,2016.0,0.0,0.0,2016.0,
14014,1075517,602.0,0.0,0.0,0.0,367.0,0.0,0.0,367.0,
3255,1219141,2302.0,0.0,0.0,0.0,2070.0,0.0,0.0,2070.0,
24776,1851596,1152.0,0.0,0.0,0.0,601.0,0.0,0.0,601.0,
11948,2435808,322.0,0.0,0.0,0.0,198.0,0.0,0.0,198.0,
25083,2483077,2030.0,0.0,0.0,0.0,1801.0,0.0,0.0,1801.0,
10972,3426411,1181.0,0.0,0.0,0.0,358.0,0.0,0.0,358.0,
26515,1948384,2230.0,0.0,0.0,0.0,1871.0,0.0,0.0,1871.0,
5162,3399110,1789.0,0.0,0.0,0.0,1542.0,0.0,0.0,1542.0,
18430,3584971,1383.0,0.0,0.0,0.0,839.0,0.0,0.0,839.0,
12017,1809588,1990.0,0.0,0.0,0.0,1812.0,0.0,0.0,1812.0,
6306,3879353,983.0,0.0,0.0,0.0,837.0,0.0,0.0,837.0,
7590,2640721,925.0,0.0,0.0,0.0,621.0,0.0,0.0,621.0,
3625,2027840,684.0,0.0,0.0,0.0,498.0,0.0,0.0,498.0,
13741,1221165,1951.0,0.0,0.0,0.0,1676.0,0.0,0.0,1676.0,
1676,1609361,253.0,0.0,0.0,0.0,182.0,0.0,0.0,182.0,
6337,3390445,2209.0,0.0,0.0,0.0,1788.0,0.0,0.0,1788.0,
3276,3086218,1981.0,0.0,0.0,0.0,1626.0,0.0,0.0,1626.0,
6335,3206091,1345.0,0.0,0.0,0.0,1223.0,0.0,0.0,1223.0,
9381,1191598,1828.0,0.0,0.0,0.0,1673.0,0.0,0.0,1673.0,
103881,3737038,207.0,0.0,0.0,0.0,147.0,0.0,0.0,147.0,
3836,1077279,1788.0,0.0,0.0,0.0,1574.0,0.0,0.0,1574.0,
33885,3228540,60.0,0.0,0.0,0.0,24.0,0.0,0.0,24.0,
28743,2207811,2276.0,0.0,0.0,0.0,1719.0,0.0,0.0,1719.0,
4755,1791873,1783.0,0.0,0.0,0.0,1499.0,0.0,0.0,1499.0,
4252,3458931,368.0,0.0,0.0,0.0,281.0,0.0,0.0,281.0,
4621,258198,1990.0,0.0,0.0,0.0,1574.0,0.0,0.0,1574.0,
21412,1603497,1100.0,0.0,0.0,0.0,896.0,0.0,0.0,896.0,
4786,266624,1499.0,0.0,0.0,0.0,401.0,0.0,0.0,401.0,
4651,3875285,1671.0,0.0,0.0,0.0,1464.0,0.0,0.0,1464.0,
4515,251237,638.0,0.0,0.0,0.0,569.0,0.0,0.0,569.0,
49673,3373005,360.0,0.0,0.0,0.0,241.0,0.0,0.0,241.0,
5903,2515210,2374.0,0.0,0.0,0.0,2125.0,0.0,0.0,2125.0,
4309,464594,1520.0,0.0,0.0,0.0,1376.0,0.0,0.0,1376.0,
11472,897114,378.0,0.0,0.0,0.0,245.0,0.0,0.0,245.0,
6126,3860715,1419.0,0.0,0.0,0.0,1277.0,0.0,0.0,1277.0,
4893,3828199,1661.0,0.0,0.0,0.0,1562.0,0.0,0.0,1562.0,
7121,3878590,2007.0,0.0,0.0,0.0,1869.0,0.0,0.0,1869.0,
3998,1203525,1464.0,0.0,0.0,0.0,1177.0,0.0,0.0,1177.0,
3792,3574726,579.0,0.0,0.0,0.0,482.0,0.0,0.0,482.0,
8848,594565,16.0,0.0,0.0,0.0,11.0,0.0,0.0,11.0,
4465,1216609,1471.0,0.0,0.0,0.0,1280.0,0.0,0.0,1280.0,
5963,3538836,1528.0,0.0,0.0,0.0,1264.0,0.0,0.0,1264.0,
4356,2211057,1612.0,0.0,0.0,0.0,1521.0,0.0,0.0,1521.0,
93847,3545198,1610.0,0.0,0.0,0.0,1214.0,0.0,0.0,1214.0,
3272,100377,2086.0,0.0,0.0,0.0,1753.0,0.0,0.0,1753.0,
4692,261610,749.0,0.0,0.0,0.0,212.0,0.0,0.0,212.0,
4761,3252140,767.0,0.0,0.0,0.0,710.0,0.0,0.0,710.0,
14455,986677,805.0,0.0,0.0,0.0,653.0,0.0,0.0,653.0,
11644,3397083,1145.0,0.0,0.0,0.0,364.0,0.0,0.0,364.0,
11948,1390460,378.0,0.0,0.0,0.0,200.0,0.0,0.0,200.0,
25469,3975731,270.0,0.0,0.0,0.0,248.0,0.0,0.0,248.0,
2375,1502154,175.0,0.0,0.0,0.0,128.0,0.0,0.0,128.0,
5146,280918,1669.0,0.0,0.0,0.0,1381.0,0.0,0.0,1381.0,
4441,1826699,2190.0,0.0,0.0,0.0,2063.0,0.0,0.0,2063.0,
4758,1599019,467.0,0.0,0.0,0.0,414.0,0.0,0.0,414.0,
5999,505981,1087.0,0.0,0.0,0.0,969.0,0.0,0.0,969.0,
6682,3227755,2238.0,0.0,0.0,0.0,1954.0,0.0,0.0,1954.0,
2375,3232481,777.0,0.0,0.0,0.0,581.0,0.0,0.0,581.0,
12874,2966276,154.0,0.0,0.0,0.0,89.0,0.0,0.0,89.0,
24914,3623313,659.0,0.0,0.0,0.0,444.0,0.0,0.0,444.0,
18350,1272352,1114.0,0.0,0.0,0.0,824.0,0.0,0.0,824.0,
6095,3549305,1663.0,0.0,0.0,0.0,1451.0,0.0,0.0,1451.0,
5083,1208640,2134.0,0.0,0.0,0.0,1863.0,0.0,0.0,1863.0,
13324,1051265,371.0,0.0,0.0,0.0,96.0,0.0,0.0,96.0,
5015,3774606,1635.0,0.0,0.0,0.0,1509.0,0.0,0.0,1509.0,
4171,1783530,1577.0,0.0,0.0,0.0,1507.0,0.0,0.0,1507.0,
11202,3086062,2697.0,0.0,0.0,0.0,2335.0,0.0,0.0,2335.0,
5406,2821418,1995.0,0.0,0.0,0.0,1659.0,0.0,0.0,1659.0,
4016,3524144,1540.0,0.0,0.0,0.0,1271.0,0.0,0.0,1271.0,
6388,2521013,1526.0,0.0,0.0,0.0,1379.0,0.0,0.0,1379.0,
6150,1827900,1946.0,0.0,0.0,0.0,1790.0,0.0,0.0,1790.0,
13139,2433108,2020.0,0.0,0.0,0.0,1889.0,0.0,0.0,1889.0,
4446,249350,709.0,0.0,0.0,0.0,616.0,0.0,0.0,616.0,
7112,601434,755.0,0.0,0.0,0.0,703.0,0.0,0.0,703.0,
8585,561288,1096.0,0.0,0.0,0.0,988.0,0.0,0.0,988.0,
19550,1644263,755.0,0.0,0.0,0.0,700.0,0.0,0.0,700.0,
6995,3695592,1946.0,0.0,0.0,0.0,1815.0,0.0,0.0,1815.0,
39236,3194384,775.0,0.0,0.0,0.0,562.0,0.0,0.0,562.0,
11948,1597030,641.0,0.0,0.0,0.0,371.0,0.0,0.0,371.0,
2375,3457272,468.0,0.0,0.0,0.0,349.0,0.0,0.0,349.0,
11224,764997,45.0,0.0,0.0,0.0,33.0,0.0,0.0,33.0,
11948,2749973,481.0,0.0,0.0,0.0,262.0,0.0,0.0,262.0,
4248,409193,957.0,0.0,0.0,0.0,895.0,0.0,0.0,895.0,
16161,2376848,1827.0,0.0,0.0,0.0,1641.0,0.0,0.0,1641.0,
9324,1645736,1946.0,0.0,0.0,0.0,1762.0,0.0,0.0,1762.0,
10278,700191,641.0,0.0,0.0,0.0,589.0,0.0,0.0,589.0,
8432,549491,1848.0,0.0,0.0,0.0,1427.0,0.0,0.0,1427.0,
1676,1073735,261.0,0.0,0.0,0.0,132.0,0.0,0.0,132.0,
4869,3073788,2345.0,0.0,0.0,0.0,2021.0,0.0,0.0,2021.0,
9299,2530265,2002.0,0.0,0.0,0.0,1793.0,0.0,0.0,1793.0,
29973,3394102,2106.0,0.0,0.0,0.0,1853.0,0.0,0.0,1853.0,
8373,1228438,915.0,0.0,0.0,0.0,280.0,0.0,0.0,280.0,
8733,1708813,1123.0,0.0,0.0,0.0,327.0,0.0,0.0,327.0,
8829,1209094,1382.0,0.0,0.0,0.0,1267.0,0.0,0.0,1267.0,
4300,3161019,1915.0,0.0,0.0,0.0,1698.0,0.0,0.0,1698.0,
24034,2275343,377.0,0.0,0.0,0.0,304.0,0.0,0.0,304.0,
10241,1941221,1455.0,0.0,0.0,0.0,1340.0,0.0,0.0,1340.0,
3861,1189679,1358.0,0.0,0.0,0.0,366.0,0.0,0.0,366.0,
3926,219581,883.0,0.0,0.0,0.0,745.0,0.0,0.0,745.0,
4446,3146797,1597.0,0.0,0.0,0.0,1425.0,0.0,0.0,1425.0,
19061,2024972,2229.0,0.0,0.0,0.0,1806.0,0.0,0.0,1806.0,
6872,3364042,1122.0,0.0,0.0,0.0,1033.0,0.0,0.0,1033.0,
3792,1188641,1631.0,0.0,0.0,0.0,1516.0,0.0,0.0,1516.0,
4136,684880,785.0,0.0,0.0,0.0,707.0,0.0,0.0,707.0,
1676,3756472,305.0,0.0,0.0,0.0,226.0,0.0,0.0,226.0,
8629,3485107,2172.0,0.0,0.0,0.0,1970.0,0.0,0.0,1970.0,
7912,3045093,1752.0,0.0,0.0,0.0,1609.0,0.0,0.0,1609.0,
9324,1832934,1969.0,0.0,0.0,0.0,1750.0,0.0,0.0,1750.0,
16315,1233150,2065.0,0.0,0.0,0.0,1874.0,0.0,0.0,1874.0,
7366,3520518,2172.0,0.0,0.0,0.0,1973.0,0.0,0.0,1973.0,
5506,3556663,1310.0,0.0,0.0,0.0,1021.0,0.0,0.0,1021.0,
33679,3832234,1459.0,0.0,0.0,0.0,841.0,0.0,0.0,841.0,
9168,952546,324.0,0.0,0.0,0.0,250.0,0.0,0.0,250.0,
5408,1812899,1580.0,0.0,0.0,0.0,1456.0,0.0,0.0,1456.0,
4477,3635151,1232.0,0.0,0.0,0.0,378.0,0.0,0.0,378.0,
4769,545623,586.0,0.0,0.0,0.0,442.0,0.0,0.0,442.0,
9606,749649,2060.0,0.0,0.0,0.0,1733.0,0.0,0.0,1733.0,
8385,3415191,1575.0,0.0,0.0,0.0,1381.0,0.0,0.0,1381.0,
7538,2536821,2118.0,0.0,0.0,0.0,1544.0,0.0,0.0,1544.0,
4832,3511021,1853.0,0.0,0.0,0.0,1580.0,0.0,0.0,1580.0,
10851,3028984,1817.0,0.0,0.0,0.0,1497.0,0.0,0.0,1497.0,
11948,1545611,371.0,0.0,0.0,0.0,147.0,0.0,0.0,147.0,
28370,2114908,1515.0,0.0,0.0,0.0,584.0,0.0,0.0,584.0,
10206,3970310,70.0,0.0,0.0,0.0,47.0,0.0,0.0,47.0,
33420,3978980,13.0,0.0,0.0,0.0,12.0,0.0,0.0,12.0,
8420,2472435,1886.0,0.0,0.0,0.0,1695.0,0.0,0.0,1695.0,
9810,2433243,354.0,0.0,0.0,0.0,229.0,0.0,0.0,229.0,
4511,1818827,1172.0,0.0,0.0,0.0,942.0,0.0,0.0,942.0,
93675,3538776,761.0,0.0,0.0,0.0,528.0,0.0,0.0,528.0,
20593,3296889,808.0,0.0,0.0,0.0,321.0,0.0,0.0,321.0,
10940,742629,2071.0,0.0,0.0,0.0,1793.0,0.0,0.0,1793.0,
11948,829963,487.0,0.0,0.0,0.0,320.0,0.0,0.0,320.0,
4706,261835,1848.0,0.0,0.0,0.0,1632.0,0.0,0.0,1632.0,
28370,2114760,561.0,0.0,0.0,0.0,171.0,0.0,0.0,171.0,
4800,1821451,1787.0,0.0,0.0,0.0,1656.0,0.0,0.0,1656.0,
18202,3198947,814.0,0.0,0.0,0.0,694.0,0.0,0.0,694.0,
32651,2389807,542.0,0.0,0.0,0.0,439.0,0.0,0.0,439.0,
38868,3176346,2263.0,0.0,0.0,0.0,1800.0,0.0,0.0,1800.0,
26630,2970745,651.0,0.0,0.0,0.0,356.0,0.0,0.0,356.0,
5453,707135,1909.0,0.0,0.0,0.0,1701.0,0.0,0.0,1701.0,
8733,1360484,1502.0,0.0,0.0,0.0,484.0,0.0,0.0,484.0,
1676,2618776,980.0,0.0,0.0,0.0,776.0,0.0,0.0,776.0,
9549,1710292,2036.0,0.0,0.0,0.0,1798.0,0.0,0.0,1798.0,
3625,308360,415.0,0.0,0.0,0.0,247.0,0.0,0.0,247.0,
9050,2158761,1497.0,0.0,0.0,0.0,1317.0,0.0,0.0,1317.0,
4539,1799284,1737.0,0.0,0.0,0.0,1580.0,0.0,0.0,1580.0,
36831,2943808,408.0,0.0,0.0,0.0,339.0,0.0,0.0,339.0,
6072,3558394,2302.0,0.0,0.0,0.0,2065.0,0.0,0.0,2065.0,
8848,2588209,451.0,0.0,0.0,0.0,363.0,0.0,0.0,363.0,
24776,1872356,198.0,0.0,0.0,0.0,111.0,0.0,0.0,111.0,
9281,1228269,1704.0,0.0,0.0,0.0,1587.0,0.0,0.0,1587.0,
6623,2403614,766.0,0.0,0.0,0.0,646.0,0.0,0.0,646.0,
3566,1502126,2486.0,0.0,0.0,0.0,1792.0,0.0,0.0,1792.0,
3145,385901,1378.0,0.0,0.0,0.0,850.0,0.0,0.0,850.0,
3929,3710692,1643.0,0.0,0.0,0.0,1513.0,0.0,0.0,1513.0,
3821,1815921,1068.0,0.0,0.0,0.0,983.0,0.0,0.0,983.0,
5710,386083,2388.0,0.0,0.0,0.0,1843.0,0.0,0.0,1843.0,
10178,3260126,682.0,0.0,0.0,0.0,183.0,0.0,0.0,183.0,
3942,2713404,1787.0,0.0,0.0,0.0,1684.0,0.0,0.0,1684.0,
13263,2796920,2162.0,0.0,0.0,0.0,1922.0,0.0,0.0,1922.0,
6439,378321,583.0,0.0,0.0,0.0,471.0,0.0,0.0,471.0,
23995,2024952,1851.0,0.0,0.0,0.0,1537.0,0.0,0.0,1537.0,
5395,294915,1839.0,0.0,0.0,0.0,1451.0,0.0,0.0,1451.0,
3991,516194,860.0,0.0,0.0,0.0,692.0,0.0,0.0,692.0,
9278,1794831,1702.0,0.0,0.0,0.0,1561.0,0.0,0.0,1561.0,
6634,3460364,1915.0,0.0,0.0,0.0,1758.0,0.0,0.0,1758.0,
18272,2820910,2020.0,0.0,0.0,0.0,1565.0,0.0,0.0,1565.0,
24776,1723149,841.0,0.0,0.0,0.0,468.0,0.0,0.0,468.0,
3852,1077351,1458.0,0.0,0.0,0.0,1220.0,0.0,0.0,1220.0,
4467,1816373,817.0,0.0,0.0,0.0,249.0,0.0,0.0,249.0,
10206,751926,421.0,0.0,0.0,0.0,335.0,0.0,0.0,335.0,
19823,3385978,1898.0,0.0,0.0,0.0,1721.0,0.0,0.0,1721.0,
3905,1367764,1723.0,0.0,0.0,0.0,1563.0,0.0,0.0,1563.0,
10105,3041048,2087.0,0.0,0.0,0.0,1833.0,0.0,0.0,1833.0,
4441,247928,2078.0,0.0,0.0,0.0,1773.0,0.0,0.0,1773.0,
6151,3073692,1035.0,0.0,0.0,0.0,591.0,0.0,0.0,591.0,
13076,1259477,766.0,0.0,0.0,0.0,632.0,0.0,0.0,632.0,
4345,2257135,1288.0,0.0,0.0,0.0,1177.0,0.0,0.0,1177.0,
10508,2188876,257.0,0.0,0.0,0.0,244.0,0.0,0.0,244.0,
14298,1122409,719.0,0.0,0.0,0.0,551.0,0.0,0.0,551.0,
14613,1602727,2633.0,0.0,0.0,0.0,2204.0,0.0,0.0,2204.0,
4829,2727166,1667.0,0.0,0.0,0.0,1450.0,0.0,0.0,1450.0,
7967,3166559,2118.0,0.0,0.0,0.0,1983.0,0.0,0.0,1983.0,
10343,3376194,1591.0,0.0,0.0,0.0,1236.0,0.0,0.0,1236.0,
3856,2723337,2137.0,0.0,0.0,0.0,1940.0,0.0,0.0,1940.0,
4518,1827780,1577.0,0.0,0.0,0.0,1395.0,0.0,0.0,1395.0,
103881,3733910,122.0,0.0,0.0,0.0,80.0,0.0,0.0,80.0,
11948,892874,1164.0,0.0,0.0,0.0,795.0,0.0,0.0,795.0,
10300,1377012,250.0,0.0,0.0,0.0,186.0,0.0,0.0,186.0,
36831,3277511,2314.0,0.0,0.0,0.0,1847.0,0.0,0.0,1847.0,
24817,1556362,457.0,0.0,0.0,0.0,294.0,0.0,0.0,294.0,
4769,3355272,111.0,0.0,0.0,0.0,94.0,0.0,0.0,94.0,
24776,3363007,351.0,0.0,0.0,0.0,115.0,0.0,0.0,115.0,
10297,3631782,1931.0,0.0,0.0,0.0,1553.0,0.0,0.0,1553.0,
13324,1358409,706.0,0.0,0.0,0.0,292.0,0.0,0.0,292.0,
4769,3671727,278.0,0.0,0.0,0.0,215.0,0.0,0.0,215.0,
19062,1953234,2078.0,0.0,0.0,0.0,1689.0,0.0,0.0,1689.0,
24034,1751635,18.0,0.0,0.0,0.0,14.0,0.0,0.0,14.0,
4532,3062031,1874.0,0.0,0.0,0.0,1774.0,0.0,0.0,1774.0,
11967,3953153,1677.0,0.0,0.0,0.0,1551.0,0.0,0.0,1551.0,
39182,3175537,2356.0,0.0,0.0,0.0,2099.0,0.0,0.0,2099.0,
18794,1660860,343.0,0.0,0.0,0.0,232.0,0.0,0.0,232.0,
4619,3341940,2073.0,0.0,0.0,0.0,1682.0,0.0,0.0,1682.0,
7836,3804981,1142.0,0.0,0.0,0.0,1034.0,0.0,0.0,1034.0,
6497,2433070,616.0,0.0,0.0,0.0,565.0,0.0,0.0,565.0,
19854,1421135,280.0,0.0,0.0,0.0,195.0,0.0,0.0,195.0,
4470,3651872,1220.0,0.0,0.0,0.0,1120.0,0.0,0.0,1120.0,
4512,1479492,1519.0,0.0,0.0,0.0,1382.0,0.0,0.0,1382.0,
4806,1208393,1747.0,0.0,0.0,0.0,1601.0,0.0,0.0,1601.0,
4553,1483194,1891.0,0.0,0.0,0.0,1626.0,0.0,0.0,1626.0,
21796,1651423,771.0,0.0,0.0,0.0,485.0,0.0,0.0,485.0,
4001,3342923,2136.0,0.0,0.0,0.0,1850.0,0.0,0.0,1850.0,
10587,950322,295.0,0.0,0.0,0.0,215.0,0.0,0.0,215.0,
12603,2150295,236.0,0.0,0.0,0.0,179.0,0.0,0.0,179.0,
3925,207574,2245.0,0.0,0.0,0.0,2104.0,0.0,0.0,2104.0,
12079,2368736,2680.0,0.0,0.0,0.0,2392.0,0.0,0.0,2392.0,
25987,1948165,2121.0,0.0,0.0,0.0,1865.0,0.0,0.0,1865.0,
11956,3021466,2318.0,0.0,0.0,0.0,1757.0,0.0,0.0,1757.0,
3259,3163125,2008.0,0.0,0.0,0.0,1802.0,0.0,0.0,1802.0,
34222,2599520,472.0,0.0,0.0,0.0,392.0,0.0,0.0,392.0,
7560,1739599,302.0,0.0,0.0,0.0,261.0,0.0,0.0,261.0,
4832,2242547,2339.0,0.0,0.0,0.0,1986.0,0.0,0.0,1986.0,
24817,1551995,190.0,0.0,0.0,0.0,120.0,0.0,0.0,120.0,
18350,1493514,694.0,0.0,0.0,0.0,482.0,0.0,0.0,482.0,
7212,1209342,2113.0,0.0,0.0,0.0,1825.0,0.0,0.0,1825.0,
8733,1183079,271.0,0.0,0.0,0.0,93.0,0.0,0.0,93.0,
6237,3494762,2030.0,0.0,0.0,0.0,1876.0,0.0,0.0,1876.0,
18621,2305655,2215.0,0.0,0.0,0.0,1593.0,0.0,0.0,1593.0,
4713,555151,1886.0,0.0,0.0,0.0,1637.0,0.0,0.0,1637.0,
8767,3113027,1649.0,0.0,0.0,0.0,1493.0,0.0,0.0,1493.0,
4278,1073979,1008.0,0.0,0.0,0.0,360.0,0.0,0.0,360.0,
1676,2618764,146.0,0.0,0.0,0.0,129.0,0.0,0.0,129.0,
4477,1224791,1903.0,0.0,0.0,0.0,1750.0,0.0,0.0,1750.0,
31392,2676560,431.0,0.0,0.0,0.0,273.0,0.0,0.0,273.0,
5849,319615,1889.0,0.0,0.0,0.0,1574.0,0.0,0.0,1574.0,
6671,3511956,1562.0,0.0,0.0,0.0,1455.0,0.0,0.0,1455.0,
12421,1710907,1230.0,0.0,0.0,0.0,1103.0,0.0,0.0,1103.0,
5400,1948324,2186.0,0.0,0.0,0.0,1906.0,0.0,0.0,1906.0,
11948,834476,170.0,0.0,0.0,0.0,89.0,0.0,0.0,89.0,
28370,3229968,795.0,0.0,0.0,0.0,366.0,0.0,0.0,366.0,
4692,1646520,989.0,0.0,0.0,0.0,803.0,0.0,0.0,803.0,
8653,2056296,2263.0,0.0,0.0,0.0,1868.0,0.0,0.0,1868.0,
9917,1740326,2436.0,0.0,0.0,0.0,2080.0,0.0,0.0,2080.0,
24925,3761452,2431.0,0.0,0.0,0.0,1868.0,0.0,0.0,1868.0,
26567,1839813,582.0,0.0,0.0,0.0,539.0,0.0,0.0,539.0,
4089,3822250,1571.0,0.0,0.0,0.0,1455.0,0.0,0.0,1455.0,
13324,1983815,97.0,0.0,0.0,0.0,29.0,0.0,0.0,29.0,
10508,3810201,362.0,0.0,0.0,0.0,351.0,0.0,0.0,351.0,
25230,3329064,277.0,0.0,0.0,0.0,209.0,0.0,0.0,209.0,
11224,886738,1684.0,0.0,0.0,0.0,1410.0,0.0,0.0,1410.0,
5848,1228097,1998.0,0.0,0.0,0.0,1860.0,0.0,0.0,1860.0,
4473,3428184,1792.0,0.0,0.0,0.0,1613.0,0.0,0.0,1613.0,
19823,3375281,1325.0,0.0,0.0,0.0,369.0,0.0,0.0,369.0,
6587,3575013,2513.0,0.0,0.0,0.0,2005.0,0.0,0.0,2005.0,
33420,3267655,785.0,0.0,0.0,0.0,534.0,0.0,0.0,534.0,
7720,1220540,1369.0,0.0,0.0,0.0,1207.0,0.0,0.0,1207.0,
8497,2176323,1493.0,0.0,0.0,0.0,1153.0,0.0,0.0,1153.0,
4423,696198,1544.0,0.0,0.0,0.0,1416.0,0.0,0.0,1416.0,
15723,3624231,2261.0,0.0,0.0,0.0,2082.0,0.0,0.0,2082.0,
7945,571647,1842.0,0.0,0.0,0.0,1708.0,0.0,0.0,1708.0,
10365,2492230,2340.0,0.0,0.0,0.0,1757.0,0.0,0.0,1757.0,
15858,1419017,300.0,0.0,0.0,0.0,233.0,0.0,0.0,233.0,
4656,1393612,1525.0,0.0,0.0,0.0,1229.0,0.0,0.0,1229.0,
4713,1219057,1806.0,0.0,0.0,0.0,1612.0,0.0,0.0,1612.0,
12082,1211889,857.0,0.0,0.0,0.0,767.0,0.0,0.0,767.0,
103881,3734720,500.0,0.0,0.0,0.0,383.0,0.0,0.0,383.0,
25272,3628494,1839.0,0.0,0.0,0.0,1685.0,0.0,0.0,1685.0,
9868,2462755,1717.0,0.0,0.0,0.0,1564.0,0.0,0.0,1564.0,
24826,3242295,1624.0,0.0,0.0,0.0,1509.0,0.0,0.0,1509.0,
36727,3860792,1914.0,0.0,0.0,0.0,1263.0,0.0,0.0,1263.0,
4127,1225320,1496.0,0.0,0.0,0.0,1426.0,0.0,0.0,1426.0,
4251,634393,457.0,0.0,0.0,0.0,354.0,0.0,0.0,354.0,
6038,600219,1298.0,0.0,0.0,0.0,1242.0,0.0,0.0,1242.0,
39034,3679017,2390.0,0.0,0.0,0.0,1851.0,0.0,0.0,1851.0,
4538,3446442,1658.0,0.0,0.0,0.0,1457.0,0.0,0.0,1457.0,
24925,3745293,2488.0,0.0,0.0,0.0,1890.0,0.0,0.0,1890.0,
8546,2643793,917.0,0.0,0.0,0.0,650.0,0.0,0.0,650.0,
24086,2364183,977.0,0.0,0.0,0.0,477.0,0.0,0.0,477.0,
12016,1197523,1355.0,0.0,0.0,0.0,366.0,0.0,0.0,366.0,
110499,3701407,709.0,0.0,0.0,0.0,549.0,0.0,0.0,549.0,
5113,3810361,1195.0,0.0,0.0,0.0,1121.0,0.0,0.0,1121.0,
9817,3402336,158.0,0.0,0.0,0.0,130.0,0.0,0.0,130.0,
14232,3912783,2014.0,0.0,0.0,0.0,1745.0,0.0,0.0,1745.0,
8373,1194009,563.0,0.0,0.0,0.0,529.0,0.0,0.0,529.0,
6409,1441777,1928.0,0.0,0.0,0.0,1811.0,0.0,0.0,1811.0,
4393,3778624,271.0,0.0,0.0,0.0,234.0,0.0,0.0,234.0,
6013,722206,467.0,0.0,0.0,0.0,355.0,0.0,0.0,355.0,
10206,935806,308.0,0.0,0.0,0.0,235.0,0.0,0.0,235.0,
11113,756846,887.0,0.0,0.0,0.0,766.0,0.0,0.0,766.0,
28370,3929401,740.0,0.0,0.0,0.0,310.0,0.0,0.0,310.0,
26567,2117514,487.0,0.0,0.0,0.0,457.0,0.0,0.0,457.0,
6192,3394160,1996.0,0.0,0.0,0.0,1817.0,0.0,0.0,1817.0,
10582,2789052,1457.0,0.0,0.0,0.0,1283.0,0.0,0.0,1283.0,
11080,763169,2640.0,0.0,0.0,0.0,2071.0,0.0,0.0,2071.0,
9048,616007,1212.0,0.0,0.0,0.0,1050.0,0.0,0.0,1050.0,
4793,1153091,2128.0,0.0,0.0,0.0,1899.0,0.0,0.0,1899.0,
6638,2294317,186.0,0.0,0.0,0.0,55.0,0.0,0.0,55.0,
4393,240685,2239.0,0.0,0.0,0.0,1923.0,0.0,0.0,1923.0,
6141,1196826,1886.0,0.0,0.0,0.0,1725.0,0.0,0.0,1725.0,
11948,833892,459.0,0.0,0.0,0.0,271.0,0.0,0.0,271.0,
4260,1970795,1254.0,0.0,0.0,0.0,1086.0,0.0,0.0,1086.0,
5844,2944369,1209.0,0.0,0.0,0.0,1156.0,0.0,0.0,1156.0,
4005,3145807,258.0,0.0,0.0,0.0,210.0,0.0,0.0,210.0,
7472,3497508,1813.0,0.0,0.0,0.0,1534.0,0.0,0.0,1534.0,
3930,207063,1764.0,0.0,0.0,0.0,1372.0,0.0,0.0,1372.0,
5426,3061928,2221.0,0.0,0.0,0.0,1920.0,0.0,0.0,1920.0,
7918,833123,1734.0,0.0,0.0,0.0,1545.0,0.0,0.0,1545.0,
27398,2740686,699.0,0.0,0.0,0.0,580.0,0.0,0.0,580.0,
11972,1196300,707.0,0.0,0.0,0.0,614.0,0.0,0.0,614.0,
3855,885755,2348.0,0.0,0.0,0.0,2111.0,0.0,0.0,2111.0,
1676,1084124,310.0,0.0,0.0,0.0,191.0,0.0,0.0,191.0,
4843,1315972,834.0,0.0,0.0,0.0,745.0,0.0,0.0,745.0,
5095,615308,822.0,0.0,0.0,0.0,533.0,0.0,0.0,533.0,
5510,3860345,270.0,0.0,0.0,0.0,202.0,0.0,0.0,202.0,
6162,1818017,1403.0,0.0,0.0,0.0,1189.0,0.0,0.0,1189.0,
6663,2791505,1627.0,0.0,0.0,0.0,1457.0,0.0,0.0,1457.0,
4655,3613424,1806.0,0.0,0.0,0.0,1670.0,0.0,0.0,1670.0,
3958,2269116,1795.0,0.0,0.0,0.0,1471.0,0.0,0.0,1471.0,
24069,1729201,318.0,0.0,0.0,0.0,258.0,0.0,0.0,258.0,
4013,3182922,1942.0,0.0,0.0,0.0,1585.0,0.0,0.0,1585.0,
4327,2426651,817.0,0.0,0.0,0.0,259.0,0.0,0.0,259.0,
4309,2544489,1888.0,0.0,0.0,0.0,1764.0,0.0,0.0,1764.0,
11507,801029,1673.0,0.0,0.0,0.0,1009.0,0.0,0.0,1009.0,
14287,3841366,1405.0,0.0,0.0,0.0,1255.0,0.0,0.0,1255.0,
10048,1210224,1600.0,0.0,0.0,0.0,1399.0,0.0,0.0,1399.0,
6025,3080485,1479.0,0.0,0.0,0.0,1316.0,0.0,0.0,1316.0,
32184,3305934,1921.0,0.0,0.0,0.0,1357.0,0.0,0.0,1357.0,
4546,3774421,1906.0,0.0,0.0,0.0,1586.0,0.0,0.0,1586.0,
7276,3538803,743.0,0.0,0.0,0.0,628.0,0.0,0.0,628.0,
7121,3860763,104.0,0.0,0.0,0.0,89.0,0.0,0.0,89.0,
7603,3820800,1035.0,0.0,0.0,0.0,884.0,0.0,0.0,884.0,
7033,2544151,1941.0,0.0,0.0,0.0,1776.0,0.0,0.0,1776.0,
4557,3632535,1674.0,0.0,0.0,0.0,1456.0,0.0,0.0,1456.0,
2312,68636,1382.0,0.0,0.0,0.0,399.0,0.0,0.0,399.0,
4015,2604911,1958.0,0.0,0.0,0.0,1686.0,0.0,0.0,1686.0,
4249,1227074,1648.0,0.0,0.0,0.0,1518.0,0.0,0.0,1518.0,
8494,1189482,1797.0,0.0,0.0,0.0,1675.0,0.0,0.0,1675.0,
9088,2776598,1830.0,0.0,0.0,0.0,1508.0,0.0,0.0,1508.0,
7030,1375839,1994.0,0.0,0.0,0.0,1839.0,0.0,0.0,1839.0,
18685,3444696,1543.0,0.0,0.0,0.0,1342.0,0.0,0.0,1342.0,
6275,809822,1991.0,0.0,0.0,0.0,1771.0,0.0,0.0,1771.0,
3815,2996131,562.0,0.0,0.0,0.0,525.0,0.0,0.0,525.0,
4510,867642,1355.0,0.0,0.0,0.0,1209.0,0.0,0.0,1209.0,
9083,1226517,670.0,0.0,0.0,0.0,613.0,0.0,0.0,613.0,
4813,2975422,1715.0,0.0,0.0,0.0,1589.0,0.0,0.0,1589.0,
4781,266900,1365.0,0.0,0.0,0.0,1002.0,0.0,0.0,1002.0,
38352,3700489,1094.0,0.0,0.0,0.0,359.0,0.0,0.0,359.0,
4382,239936,1450.0,0.0,0.0,0.0,1228.0,0.0,0.0,1228.0,
5095,1211024,791.0,0.0,0.0,0.0,732.0,0.0,0.0,732.0,
33826,3086765,1562.0,0.0,0.0,0.0,1286.0,0.0,0.0,1286.0,
3912,684298,1409.0,0.0,0.0,0.0,1197.0,0.0,0.0,1197.0,
3974,634969,2724.0,0.0,0.0,0.0,2256.0,0.0,0.0,2256.0,
13295,929528,1336.0,0.0,0.0,0.0,1108.0,0.0,0.0,1108.0,
5137,2370622,1901.0,0.0,0.0,0.0,1701.0,0.0,0.0,1701.0,
6229,3798008,2038.0,0.0,0.0,0.0,1862.0,0.0,0.0,1862.0,
8011,615624,1755.0,0.0,0.0,0.0,1410.0,0.0,0.0,1410.0,
9603,766709,1387.0,0.0,0.0,0.0,1252.0,0.0,0.0,1252.0,
24694,2236901,402.0,0.0,0.0,0.0,228.0,0.0,0.0,228.0,
24776,3515329,563.0,0.0,0.0,0.0,255.0,0.0,0.0,255.0,
9277,683355,1232.0,0.0,0.0,0.0,964.0,0.0,0.0,964.0,
6227,1215486,1755.0,0.0,0.0,0.0,1554.0,0.0,0.0,1554.0,
14564,3375063,1910.0,0.0,0.0,0.0,1753.0,0.0,0.0,1753.0,
6440,1973807,1985.0,0.0,0.0,0.0,1383.0,0.0,0.0,1383.0,
3781,3564258,1855.0,0.0,0.0,0.0,1522.0,0.0,0.0,1522.0,
5782,983327,1497.0,0.0,0.0,0.0,945.0,0.0,0.0,945.0,
6328,1819076,1507.0,0.0,0.0,0.0,1314.0,0.0,0.0,1314.0,
10206,973999,288.0,0.0,0.0,0.0,228.0,0.0,0.0,228.0,
24914,3517341,496.0,0.0,0.0,0.0,383.0,0.0,0.0,383.0,
11948,1694372,331.0,0.0,0.0,0.0,219.0,0.0,0.0,219.0,
26907,3405531,1608.0,0.0,0.0,0.0,1396.0,0.0,0.0,1396.0,
19406,1183117,633.0,0.0,0.0,0.0,428.0,0.0,0.0,428.0,
14865,3492314,174.0,0.0,0.0,0.0,82.0,0.0,0.0,82.0,
14800,3449906,2239.0,0.0,0.0,0.0,1706.0,0.0,0.0,1706.0,
4203,3591445,833.0,0.0,0.0,0.0,692.0,0.0,0.0,692.0,
4419,3394814,1704.0,0.0,0.0,0.0,1543.0,0.0,0.0,1543.0,
24776,1872306,751.0,0.0,0.0,0.0,379.0,0.0,0.0,379.0,
28370,2114954,851.0,0.0,0.0,0.0,379.0,0.0,0.0,379.0,
11273,1710208,1987.0,0.0,0.0,0.0,1275.0,0.0,0.0,1275.0,
4358,685723,1762.0,0.0,0.0,0.0,1402.0,0.0,0.0,1402.0,
6733,3473579,2389.0,0.0,0.0,0.0,2032.0,0.0,0.0,2032.0,
24723,2030743,613.0,0.0,0.0,0.0,422.0,0.0,0.0,422.0,
16462,2822422,297.0,0.0,0.0,0.0,210.0,0.0,0.0,210.0,
3829,198264,1372.0,0.0,0.0,0.0,434.0,0.0,0.0,434.0,
6388,3167403,884.0,0.0,0.0,0.0,745.0,0.0,0.0,745.0,
31390,3670625,1773.0,0.0,0.0,0.0,1541.0,0.0,0.0,1541.0,
28370,2114741,388.0,0.0,0.0,0.0,129.0,0.0,0.0,129.0,
5513,2229871,1822.0,0.0,0.0,0.0,1600.0,0.0,0.0,1600.0,
9189,3002886,659.0,0.0,0.0,0.0,600.0,0.0,0.0,600.0,
5930,2519639,2010.0,0.0,0.0,0.0,1768.0,0.0,0.0,1768.0,
6624,2368735,91.0,0.0,0.0,0.0,78.0,0.0,0.0,78.0,
6119,1823169,2730.0,0.0,0.0,0.0,2341.0,0.0,0.0,2341.0,
21725,1420559,1202.0,0.0,0.0,0.0,999.0,0.0,0.0,999.0,
21920,3614200,713.0,0.0,0.0,0.0,302.0,0.0,0.0,302.0,
3884,3614747,1809.0,0.0,0.0,0.0,1632.0,0.0,0.0,1632.0,
4807,267566,1653.0,0.0,0.0,0.0,1330.0,0.0,0.0,1330.0,
1435,998819,592.0,0.0,0.0,0.0,452.0,0.0,0.0,452.0,
4655,258973,1885.0,0.0,0.0,0.0,1608.0,0.0,0.0,1608.0,
7683,486094,2259.0,0.0,0.0,0.0,1783.0,0.0,0.0,1783.0,
103774,3642336,678.0,0.0,0.0,0.0,210.0,0.0,0.0,210.0,
12016,1255842,1940.0,0.0,0.0,0.0,1480.0,0.0,0.0,1480.0,
7046,3534659,911.0,0.0,0.0,0.0,755.0,0.0,0.0,755.0,
4691,2289747,896.0,0.0,0.0,0.0,241.0,0.0,0.0,241.0,
19282,3437902,1395.0,0.0,0.0,0.0,1177.0,0.0,0.0,1177.0,
10440,3765164,2460.0,0.0,0.0,0.0,2148.0,0.0,0.0,2148.0,
8419,548489,1778.0,0.0,0.0,0.0,1525.0,0.0,0.0,1525.0,
23938,2306111,540.0,0.0,0.0,0.0,382.0,0.0,0.0,382.0,
103881,3787585,759.0,0.0,0.0,0.0,532.0,0.0,0.0,532.0,
13389,3854606,2025.0,0.0,0.0,0.0,1892.0,0.0,0.0,1892.0,
10998,3697107,2365.0,0.0,0.0,0.0,2065.0,0.0,0.0,2065.0,
38142,3122264,683.0,0.0,0.0,0.0,638.0,0.0,0.0,638.0,
7744,2343799,363.0,0.0,0.0,0.0,264.0,0.0,0.0,264.0,
21547,3810205,488.0,0.0,0.0,0.0,471.0,0.0,0.0,471.0,
7823,1096764,2187.0,0.0,0.0,0.0,1302.0,0.0,0.0,1302.0,
26630,2970707,448.0,0.0,0.0,0.0,272.0,0.0,0.0,272.0,
10206,2801512,474.0,0.0,0.0,0.0,375.0,0.0,0.0,375.0,
34195,3567731,718.0,0.0,0.0,0.0,285.0,0.0,0.0,285.0,
8852,2760724,1286.0,0.0,0.0,0.0,1141.0,0.0,0.0,1141.0,
5184,2756211,1135.0,0.0,0.0,0.0,973.0,0.0,0.0,973.0,
10097,3146654,1109.0,0.0,0.0,0.0,326.0,0.0,0.0,326.0,
18367,3278044,2124.0,0.0,0.0,0.0,1718.0,0.0,0.0,1718.0,
9088,3915368,1212.0,0.0,0.0,0.0,967.0,0.0,0.0,967.0,
28370,2114937,1235.0,0.0,0.0,0.0,344.0,0.0,0.0,344.0,
25297,2678855,2135.0,0.0,0.0,0.0,1724.0,0.0,0.0,1724.0,
4885,1196404,1116.0,0.0,0.0,0.0,355.0,0.0,0.0,355.0,
5815,2652746,1741.0,0.0,0.0,0.0,1639.0,0.0,0.0,1639.0,
24826,3432051,1830.0,0.0,0.0,0.0,1688.0,0.0,0.0,1688.0,
8964,3420389,711.0,0.0,0.0,0.0,563.0,0.0,0.0,563.0,
5127,2990648,1494.0,0.0,0.0,0.0,1400.0,0.0,0.0,1400.0,
10482,3652034,2132.0,0.0,0.0,0.0,1938.0,0.0,0.0,1938.0,
4556,3872962,1888.0,0.0,0.0,0.0,1726.0,0.0,0.0,1726.0,
5147,2558150,2065.0,0.0,0.0,0.0,1863.0,0.0,0.0,1863.0,
45426,3395862,97.0,0.0,0.0,0.0,76.0,0.0,0.0,76.0,
5742,1797881,1006.0,0.0,0.0,0.0,343.0,0.0,0.0,343.0,
104027,3633261,553.0,0.0,0.0,0.0,377.0,0.0,0.0,377.0,
7040,3624650,1732.0,0.0,0.0,0.0,1561.0,0.0,0.0,1561.0,
25273,2487406,810.0,0.0,0.0,0.0,729.0,0.0,0.0,729.0,
5115,3061970,1699.0,0.0,0.0,0.0,1487.0,0.0,0.0,1487.0,
4260,2230028,1447.0,0.0,0.0,0.0,1073.0,0.0,0.0,1073.0,
3821,1830667,1919.0,0.0,0.0,0.0,1771.0,0.0,0.0,1771.0,
10206,2811782,367.0,0.0,0.0,0.0,304.0,0.0,0.0,304.0,
24776,1851655,2115.0,0.0,0.0,0.0,916.0,0.0,0.0,916.0,
4085,923161,461.0,0.0,0.0,0.0,421.0,0.0,0.0,421.0,
1676,3435984,690.0,0.0,0.0,0.0,524.0,0.0,0.0,524.0,
19550,2505237,673.0,0.0,0.0,0.0,606.0,0.0,0.0,606.0,
28743,3565268,2495.0,0.0,0.0,0.0,1824.0,0.0,0.0,1824.0,
20336,1966107,2039.0,0.0,0.0,0.0,1769.0,0.0,0.0,1769.0,
24086,2363984,644.0,0.0,0.0,0.0,368.0,0.0,0.0,368.0,
4832,3928276,2391.0,0.0,0.0,0.0,1822.0,0.0,0.0,1822.0,
8146,2777452,1699.0,0.0,0.0,0.0,1550.0,0.0,0.0,1550.0,
6119,1833078,2015.0,0.0,0.0,0.0,1844.0,0.0,0.0,1844.0,
19287,2546673,2292.0,0.0,0.0,0.0,1831.0,0.0,0.0,1831.0,
7075,2537700,2059.0,0.0,0.0,0.0,1886.0,0.0,0.0,1886.0,
7046,3534671,2001.0,0.0,0.0,0.0,1789.0,0.0,0.0,1789.0,
24086,2364210,797.0,0.0,0.0,0.0,399.0,0.0,0.0,399.0,
3761,1819995,258.0,0.0,0.0,0.0,237.0,0.0,0.0,237.0,
22078,2343206,288.0,0.0,0.0,0.0,186.0,0.0,0.0,186.0,
10183,2786638,378.0,0.0,0.0,0.0,268.0,0.0,0.0,268.0,
5884,323563,619.0,0.0,0.0,0.0,570.0,0.0,0.0,570.0,
3778,884767,1739.0,0.0,0.0,0.0,1462.0,0.0,0.0,1462.0,
10769,2552414,1924.0,0.0,0.0,0.0,1780.0,0.0,0.0,1780.0,
11948,3776157,985.0,0.0,0.0,0.0,539.0,0.0,0.0,539.0,
5350,2176112,2274.0,0.0,0.0,0.0,1978.0,0.0,0.0,1978.0,
13375,1432342,620.0,0.0,0.0,0.0,430.0,0.0,0.0,430.0,
12364,3335562,1921.0,0.0,0.0,0.0,1584.0,0.0,0.0,1584.0,
11948,897680,292.0,0.0,0.0,0.0,170.0,0.0,0.0,170.0,
19060,1830615,2033.0,0.0,0.0,0.0,1660.0,0.0,0.0,1660.0,
11948,1009140,358.0,0.0,0.0,0.0,187.0,0.0,0.0,187.0,
4445,1830740,1804.0,0.0,0.0,0.0,1664.0,0.0,0.0,1664.0,
9263,3066194,1258.0,0.0,0.0,0.0,1032.0,0.0,0.0,1032.0,
4206,2544626,1527.0,0.0,0.0,0.0,1254.0,0.0,0.0,1254.0,
24663,2145166,382.0,0.0,0.0,0.0,203.0,0.0,0.0,203.0,
26817,2027169,2561.0,0.0,0.0,0.0,2181.0,0.0,0.0,2181.0,
7964,1818653,1971.0,0.0,0.0,0.0,1778.0,0.0,0.0,1778.0,
5768,3343240,1094.0,0.0,0.0,0.0,950.0,0.0,0.0,950.0,
7697,2303672,2182.0,0.0,0.0,0.0,1923.0,0.0,0.0,1923.0,
13741,1221768,1762.0,0.0,0.0,0.0,1499.0,0.0,0.0,1499.0,
6322,1932340,2146.0,0.0,0.0,0.0,1987.0,0.0,0.0,1987.0,
5815,3232441,2011.0,0.0,0.0,0.0,1799.0,0.0,0.0,1799.0,
7113,419600,1221.0,0.0,0.0,0.0,885.0,0.0,0.0,885.0,
18793,3641856,1697.0,0.0,0.0,0.0,1477.0,0.0,0.0,1477.0,
12421,3122065,1730.0,0.0,0.0,0.0,1447.0,0.0,0.0,1447.0,
33420,3267750,901.0,0.0,0.0,0.0,607.0,0.0,0.0,607.0,
4829,3668733,1843.0,0.0,0.0,0.0,1673.0,0.0,0.0,1673.0,
4358,685715,1828.0,0.0,0.0,0.0,1503.0,0.0,0.0,1503.0,
33420,3267633,404.0,0.0,0.0,0.0,331.0,0.0,0.0,331.0,
4249,1224587,1612.0,0.0,0.0,0.0,1486.0,0.0,0.0,1486.0,
3937,2639857,1924.0,0.0,0.0,0.0,1706.0,0.0,0.0,1706.0,
5515,683799,1316.0,0.0,0.0,0.0,1124.0,0.0,0.0,1124.0,
4056,1957543,1412.0,0.0,0.0,0.0,1263.0,0.0,0.0,1263.0,
45426,3454858,540.0,0.0,0.0,0.0,378.0,0.0,0.0,378.0,
10365,925696,2108.0,0.0,0.0,0.0,1703.0,0.0,0.0,1703.0,
13589,962563,903.0,0.0,0.0,0.0,630.0,0.0,0.0,630.0,
26659,2129214,2332.0,0.0,0.0,0.0,2038.0,0.0,0.0,2038.0,
11948,2675143,836.0,0.0,0.0,0.0,471.0,0.0,0.0,471.0,
6772,1948882,1499.0,0.0,0.0,0.0,1374.0,0.0,0.0,1374.0,
7040,3826142,1466.0,0.0,0.0,0.0,409.0,0.0,0.0,409.0,
4484,2800171,1530.0,0.0,0.0,0.0,1386.0,0.0,0.0,1386.0,
13555,1970800,430.0,0.0,0.0,0.0,168.0,0.0,0.0,168.0,
10206,872990,423.0,0.0,0.0,0.0,329.0,0.0,0.0,329.0,
6993,1786360,1417.0,0.0,0.0,0.0,1330.0,0.0,0.0,1330.0,
4006,3882545,1866.0,0.0,0.0,0.0,1685.0,0.0,0.0,1685.0,
12151,837640,290.0,0.0,0.0,0.0,225.0,0.0,0.0,225.0,
26977,3434799,1991.0,0.0,0.0,0.0,1518.0,0.0,0.0,1518.0,
4142,3107516,1459.0,0.0,0.0,0.0,1377.0,0.0,0.0,1377.0,
6224,3520725,1481.0,0.0,0.0,0.0,1162.0,0.0,0.0,1162.0,
5386,2389906,763.0,0.0,0.0,0.0,576.0,0.0,0.0,576.0,
5444,3484993,1311.0,0.0,0.0,0.0,1204.0,0.0,0.0,1204.0,
6025,3104937,1596.0,0.0,0.0,0.0,1455.0,0.0,0.0,1455.0,
7570,2319631,2122.0,0.0,0.0,0.0,1892.0,0.0,0.0,1892.0,
4884,272030,1932.0,0.0,0.0,0.0,1719.0,0.0,0.0,1719.0,
7121,3897649,1961.0,0.0,0.0,0.0,1818.0,0.0,0.0,1818.0,
3974,2667740,1982.0,0.0,0.0,0.0,1754.0,0.0,0.0,1754.0,
19037,3088102,1425.0,0.0,0.0,0.0,1162.0,0.0,0.0,1162.0,
12196,3065592,1553.0,0.0,0.0,0.0,1328.0,0.0,0.0,1328.0,
7659,1807510,2593.0,0.0,0.0,0.0,2171.0,0.0,0.0,2171.0,
3931,889427,1583.0,0.0,0.0,0.0,1390.0,0.0,0.0,1390.0,
9116,1220016,1769.0,0.0,0.0,0.0,1368.0,0.0,0.0,1368.0,
3836,2741793,1457.0,0.0,0.0,0.0,1303.0,0.0,0.0,1303.0,
9029,3179465,1585.0,0.0,0.0,0.0,1452.0,0.0,0.0,1452.0,
8075,3624447,1943.0,0.0,0.0,0.0,1683.0,0.0,0.0,1683.0,
9189,3803706,1505.0,0.0,0.0,0.0,1332.0,0.0,0.0,1332.0,
21920,1437423,1723.0,0.0,0.0,0.0,502.0,0.0,0.0,502.0,
13322,922005,2589.0,0.0,0.0,0.0,2155.0,0.0,0.0,2155.0,
12023,911459,2196.0,0.0,0.0,0.0,1807.0,0.0,0.0,1807.0,
4226,1817669,1346.0,0.0,0.0,0.0,1225.0,0.0,0.0,1225.0,
45426,3620270,721.0,0.0,0.0,0.0,537.0,0.0,0.0,537.0,
4532,1489717,2128.0,0.0,0.0,0.0,1914.0,0.0,0.0,1914.0,
1676,672182,776.0,0.0,0.0,0.0,576.0,0.0,0.0,576.0,
4479,2952456,1688.0,0.0,0.0,0.0,1398.0,0.0,0.0,1398.0,
9284,638004,2255.0,0.0,0.0,0.0,1795.0,0.0,0.0,1795.0,
24914,3585330,239.0,0.0,0.0,0.0,184.0,0.0,0.0,184.0,
11948,1009398,125.0,0.0,0.0,0.0,82.0,0.0,0.0,82.0,
3257,2783528,890.0,0.0,0.0,0.0,848.0,0.0,0.0,848.0,
19425,1270146,433.0,0.0,0.0,0.0,394.0,0.0,0.0,394.0,
1676,1283060,169.0,0.0,0.0,0.0,136.0,0.0,0.0,136.0,
25158,1847980,268.0,0.0,0.0,0.0,193.0,0.0,0.0,193.0,
2373,2370970,489.0,0.0,0.0,0.0,340.0,0.0,0.0,340.0,
4629,259289,1675.0,0.0,0.0,0.0,1275.0,0.0,0.0,1275.0,
12428,1110888,933.0,0.0,0.0,0.0,454.0,0.0,0.0,454.0,
26498,3430117,2225.0,0.0,0.0,0.0,1976.0,0.0,0.0,1976.0,
19918,1812559,1636.0,0.0,0.0,0.0,1470.0,0.0,0.0,1470.0,
5429,3731186,1054.0,0.0,0.0,0.0,596.0,0.0,0.0,596.0,
3984,561995,826.0,0.0,0.0,0.0,253.0,0.0,0.0,253.0,
7538,2529709,2208.0,0.0,0.0,0.0,1663.0,0.0,0.0,1663.0,
19159,1819191,1873.0,0.0,0.0,0.0,1679.0,0.0,0.0,1679.0,
6002,3948795,1192.0,0.0,0.0,0.0,1077.0,0.0,0.0,1077.0,
21165,1740217,839.0,0.0,0.0,0.0,628.0,0.0,0.0,628.0,
22382,1497189,895.0,0.0,0.0,0.0,674.0,0.0,0.0,674.0,
8802,588127,1771.0,0.0,0.0,0.0,1242.0,0.0,0.0,1242.0,
6002,351028,2061.0,0.0,0.0,0.0,1875.0,0.0,0.0,1875.0,
10206,901328,462.0,0.0,0.0,0.0,365.0,0.0,0.0,365.0,
4173,1443023,605.0,0.0,0.0,0.0,506.0,0.0,0.0,506.0,
22067,2472916,522.0,0.0,0.0,0.0,225.0,0.0,0.0,225.0,
4769,505908,429.0,0.0,0.0,0.0,300.0,0.0,0.0,300.0,
3189,3733360,676.0,0.0,0.0,0.0,594.0,0.0,0.0,594.0,
19276,3445301,2647.0,0.0,0.0,0.0,1953.0,0.0,0.0,1953.0,
12142,1302809,954.0,0.0,0.0,0.0,325.0,0.0,0.0,325.0,
28454,2144307,784.0,0.0,0.0,0.0,369.0,0.0,0.0,369.0,
4044,2544246,1350.0,0.0,0.0,0.0,1258.0,0.0,0.0,1258.0,
4358,239212,1818.0,0.0,0.0,0.0,1438.0,0.0,0.0,1438.0,
11733,1775716,1173.0,0.0,0.0,0.0,294.0,0.0,0.0,294.0,
20570,1664675,1963.0,0.0,0.0,0.0,1410.0,0.0,0.0,1410.0,
7016,3874733,1951.0,0.0,0.0,0.0,1758.0,0.0,0.0,1758.0,
28370,2114665,34.0,0.0,0.0,0.0,30.0,0.0,0.0,30.0,
4437,1225023,1752.0,0.0,0.0,0.0,1641.0,0.0,0.0,1641.0,
21809,2316742,2371.0,0.0,0.0,0.0,1590.0,0.0,0.0,1590.0,
3944,748533,1157.0,0.0,0.0,0.0,979.0,0.0,0.0,979.0,
9339,3277101,2054.0,0.0,0.0,0.0,1814.0,0.0,0.0,1814.0,
38394,3439882,1276.0,0.0,0.0,0.0,870.0,0.0,0.0,870.0,
28370,2114970,914.0,0.0,0.0,0.0,421.0,0.0,0.0,421.0,
6185,959744,1091.0,0.0,0.0,0.0,979.0,0.0,0.0,979.0,
21165,1924559,158.0,0.0,0.0,0.0,146.0,0.0,0.0,146.0,
7434,3601771,1271.0,0.0,0.0,0.0,1058.0,0.0,0.0,1058.0,
24830,2250515,222.0,0.0,0.0,0.0,164.0,0.0,0.0,164.0,
3796,1809277,1946.0,0.0,0.0,0.0,1762.0,0.0,0.0,1762.0,
7016,415363,282.0,0.0,0.0,0.0,206.0,0.0,0.0,206.0,
24776,1872195,985.0,0.0,0.0,0.0,537.0,0.0,0.0,537.0,
11958,3168593,1921.0,0.0,0.0,0.0,1794.0,0.0,0.0,1794.0,
12950,1785999,1302.0,0.0,0.0,0.0,1185.0,0.0,0.0,1185.0,
7974,577438,400.0,0.0,0.0,0.0,316.0,0.0,0.0,316.0,
8279,1816219,1506.0,0.0,0.0,0.0,1384.0,0.0,0.0,1384.0,
4216,232490,797.0,0.0,0.0,0.0,721.0,0.0,0.0,721.0,
7076,1251230,1811.0,0.0,0.0,0.0,1667.0,0.0,0.0,1667.0,
4069,1289360,1297.0,0.0,0.0,0.0,844.0,0.0,0.0,844.0,
12603,1253894,599.0,0.0,0.0,0.0,470.0,0.0,0.0,470.0,
5866,3718178,1862.0,0.0,0.0,0.0,1515.0,0.0,0.0,1515.0,
115201,3797184,390.0,0.0,0.0,0.0,280.0,0.0,0.0,280.0,
7096,2679389,2196.0,0.0,0.0,0.0,1941.0,0.0,0.0,1941.0,
26630,2970072,263.0,0.0,0.0,0.0,130.0,0.0,0.0,130.0,
26779,3810616,162.0,0.0,0.0,0.0,148.0,0.0,0.0,148.0,
10535,721761,1838.0,0.0,1.0,0.0544069640914037,1728.0,1.0,0.05787037037037037,1729.0,
11948,1051604,221.0,0.0,0.0,0.0,158.0,0.0,0.0,158.0,
9708,670726,1250.0,0.0,0.0,0.0,971.0,0.0,0.0,971.0,
10179,795757,1540.0,0.0,0.0,0.0,1313.0,0.0,0.0,1313.0,
3862,3480343,1623.0,0.0,0.0,0.0,1421.0,0.0,0.0,1421.0,
6041,600237,1441.0,0.0,0.0,0.0,1258.0,0.0,0.0,1258.0,
4474,251331,982.0,0.0,0.0,0.0,862.0,0.0,0.0,862.0,
10183,3231253,318.0,0.0,0.0,0.0,223.0,0.0,0.0,223.0,
94525,3753163,252.0,0.0,0.0,0.0,155.0,0.0,0.0,155.0,
5021,1215989,1272.0,0.0,0.0,0.0,1117.0,0.0,0.0,1117.0,
21815,2956030,1977.0,0.0,0.0,0.0,1774.0,0.0,0.0,1774.0,
10582,2789007,2156.0,0.0,0.0,0.0,1924.0,0.0,0.0,1924.0,
9313,2647051,1395.0,0.0,0.0,0.0,1334.0,0.0,0.0,1334.0,
33027,2463985,509.0,0.0,0.0,0.0,118.0,0.0,0.0,118.0,
4085,219411,1242.0,0.0,0.0,0.0,359.0,0.0,0.0,359.0,
3759,2509344,601.0,0.0,0.0,0.0,487.0,0.0,0.0,487.0,
4750,3628201,1605.0,0.0,0.0,0.0,1480.0,0.0,0.0,1480.0,
24776,1703695,661.0,0.0,0.0,0.0,429.0,0.0,0.0,429.0,
33679,2529053,1385.0,0.0,0.0,0.0,1067.0,0.0,0.0,1067.0,
29172,2527645,204.0,0.0,0.0,0.0,142.0,0.0,0.0,142.0,
9760,3636913,1796.0,0.0,0.0,0.0,1615.0,0.0,0.0,1615.0,
4083,219752,1266.0,0.0,0.0,0.0,392.0,0.0,0.0,392.0,
30156,3772206,431.0,0.0,0.0,0.0,165.0,0.0,0.0,165.0,
5963,3046015,2142.0,0.0,0.0,0.0,1883.0,0.0,0.0,1883.0,
6035,3741004,1218.0,0.0,0.0,0.0,1106.0,0.0,0.0,1106.0,
38095,3425003,856.0,0.0,0.0,0.0,660.0,0.0,0.0,660.0,
4470,3677170,1785.0,0.0,0.0,0.0,1626.0,0.0,0.0,1626.0,
10206,3331760,372.0,0.0,0.0,0.0,300.0,0.0,0.0,300.0,
24069,1487884,344.0,0.0,0.0,0.0,262.0,0.0,0.0,262.0,
13371,929588,449.0,0.0,0.0,0.0,301.0,0.0,0.0,301.0,
6971,1927681,1605.0,0.0,0.0,0.0,1491.0,0.0,0.0,1491.0,
4309,2775712,1923.0,0.0,0.0,0.0,1770.0,0.0,0.0,1770.0,
12152,1386551,317.0,0.0,0.0,0.0,292.0,0.0,0.0,292.0,
12001,3182832,1935.0,0.0,0.0,0.0,1781.0,0.0,0.0,1781.0,
4450,3639440,1265.0,0.0,0.0,0.0,955.0,0.0,0.0,955.0,
7699,3551858,1492.0,0.0,0.0,0.0,1235.0,0.0,0.0,1235.0,
10973,3780992,2129.0,0.0,0.0,0.0,1703.0,0.0,0.0,1703.0,
7534,694088,2014.0,0.0,0.0,0.0,1664.0,0.0,0.0,1664.0,
26630,2970689,540.0,0.0,0.0,0.0,257.0,0.0,0.0,257.0,
10392,1848098,457.0,0.0,0.0,0.0,191.0,0.0,0.0,191.0,
4624,1195808,1815.0,0.0,0.0,0.0,1590.0,0.0,0.0,1590.0,
26493,3317340,1326.0,0.0,0.0,0.0,1021.0,0.0,0.0,1021.0,
36727,3875407,1695.0,0.0,0.0,0.0,1252.0,0.0,0.0,1252.0,
16223,2657195,1746.0,0.0,0.0,0.0,1583.0,0.0,0.0,1583.0,
27041,3859591,2125.0,0.0,0.0,0.0,1526.0,0.0,0.0,1526.0,
4830,2357324,604.0,0.0,0.0,0.0,456.0,0.0,0.0,456.0,
1213,3848520,78.0,0.0,0.0,0.0,55.0,0.0,0.0,55.0,
11948,1563317,577.0,0.0,0.0,0.0,188.0,0.0,0.0,188.0,
28370,3878774,517.0,0.0,0.0,0.0,401.0,0.0,0.0,401.0,
12032,1306733,2238.0,0.0,0.0,0.0,2005.0,0.0,0.0,2005.0,
8317,600429,166.0,0.0,0.0,0.0,114.0,0.0,0.0,114.0,
6126,1212038,1913.0,0.0,0.0,0.0,1651.0,0.0,0.0,1651.0,
8153,952391,75.0,0.0,0.0,0.0,58.0,0.0,0.0,58.0,
18819,3269933,857.0,0.0,0.0,0.0,812.0,0.0,0.0,812.0,
6768,3823679,1889.0,0.0,0.0,0.0,1772.0,0.0,0.0,1772.0,
9617,1775366,2439.0,0.0,0.0,0.0,2005.0,0.0,0.0,2005.0,
11781,876430,1887.0,0.0,1.0,0.052994170641229466,1461.0,1.0,0.06844626967830253,1462.0,
7434,3957962,1257.0,0.0,0.0,0.0,1004.0,0.0,0.0,1004.0,
8960,3036521,1779.0,0.0,0.0,0.0,1495.0,0.0,0.0,1495.0,
11926,3731056,1167.0,0.0,0.0,0.0,409.0,0.0,0.0,409.0,
7257,3332367,1784.0,0.0,0.0,0.0,1527.0,0.0,0.0,1527.0,
93459,3519454,751.0,0.0,0.0,0.0,594.0,0.0,0.0,594.0,
9298,772785,2191.0,0.0,0.0,0.0,1789.0,0.0,0.0,1789.0,
28737,2486390,1555.0,0.0,0.0,0.0,1441.0,0.0,0.0,1441.0,
6123,1524823,2053.0,0.0,0.0,0.0,1679.0,0.0,0.0,1679.0,
3998,2160732,1919.0,0.0,0.0,0.0,1437.0,0.0,0.0,1437.0,
23864,1917327,2023.0,0.0,0.0,0.0,1791.0,0.0,0.0,1791.0,
6913,3718170,1697.0,0.0,0.0,0.0,1444.0,0.0,0.0,1444.0,
4291,868140,1532.0,0.0,0.0,0.0,1309.0,0.0,0.0,1309.0,
4139,2404036,1187.0,0.0,0.0,0.0,1019.0,0.0,0.0,1019.0,
9330,637744,2051.0,0.0,0.0,0.0,1623.0,0.0,0.0,1623.0,
24776,1872296,926.0,0.0,0.0,0.0,559.0,0.0,0.0,559.0,
6008,1797823,1342.0,0.0,0.0,0.0,1148.0,0.0,0.0,1148.0,
3825,1423860,750.0,0.0,0.0,0.0,693.0,0.0,0.0,693.0,
1435,39628,283.0,0.0,0.0,0.0,180.0,0.0,0.0,180.0,
5710,386132,571.0,0.0,0.0,0.0,395.0,0.0,0.0,395.0,
22219,1912279,2584.0,0.0,0.0,0.0,2353.0,0.0,0.0,2353.0,
28370,3618640,1701.0,0.0,0.0,0.0,468.0,0.0,0.0,468.0,
8455,659331,730.0,0.0,0.0,0.0,359.0,0.0,0.0,359.0,
4536,2016349,1689.0,0.0,0.0,0.0,1551.0,0.0,0.0,1551.0,
9315,1089181,1426.0,0.0,0.0,0.0,386.0,0.0,0.0,386.0,
4447,3926227,1881.0,0.0,0.0,0.0,1741.0,0.0,0.0,1741.0,
14864,1322440,2182.0,0.0,0.0,0.0,1969.0,0.0,0.0,1969.0,
4553,1832034,1795.0,0.0,0.0,0.0,1567.0,0.0,0.0,1567.0,
6000,352063,1609.0,0.0,0.0,0.0,1427.0,0.0,0.0,1427.0,
11948,884925,366.0,0.0,0.0,0.0,205.0,0.0,0.0,205.0,
33171,2458213,431.0,0.0,0.0,0.0,319.0,0.0,0.0,319.0,
8733,3155942,551.0,0.0,0.0,0.0,167.0,0.0,0.0,167.0,
4303,235767,542.0,0.0,0.0,0.0,465.0,0.0,0.0,465.0,
6020,3846305,1585.0,0.0,0.0,0.0,1497.0,0.0,0.0,1497.0,
18365,2081076,2059.0,0.0,0.0,0.0,1804.0,0.0,0.0,1804.0,
4673,2371397,1925.0,0.0,0.0,0.0,1775.0,0.0,0.0,1775.0,
7074,2420837,1608.0,0.0,0.0,0.0,1443.0,0.0,0.0,1443.0,
14829,1441071,305.0,0.0,0.0,0.0,247.0,0.0,0.0,247.0,
7472,3019447,1804.0,0.0,0.0,0.0,1475.0,0.0,0.0,1475.0,
13322,3426395,2292.0,0.0,0.0,0.0,1971.0,0.0,0.0,1971.0,
36008,2783550,848.0,0.0,0.0,0.0,253.0,0.0,0.0,253.0,
3785,3213406,582.0,0.0,0.0,0.0,402.0,0.0,0.0,402.0,
23416,3576713,1560.0,0.0,0.0,0.0,1357.0,0.0,0.0,1357.0,
9049,2653478,2290.0,0.0,0.0,0.0,1359.0,0.0,0.0,1359.0,
21920,1429511,1208.0,0.0,0.0,0.0,567.0,0.0,0.0,567.0,
11434,981848,2376.0,0.0,0.0,0.0,1975.0,0.0,0.0,1975.0,
5710,1236873,1118.0,0.0,0.0,0.0,829.0,0.0,0.0,829.0,
4048,2509269,1001.0,0.0,0.0,0.0,938.0,0.0,0.0,938.0,
93053,3716734,865.0,0.0,0.0,0.0,589.0,0.0,0.0,589.0,
16161,2376884,2339.0,0.0,0.0,0.0,2124.0,0.0,0.0,2124.0,
3758,3685464,1919.0,0.0,0.0,0.0,1702.0,0.0,0.0,1702.0,
14134,1349553,7.0,0.0,0.0,0.0,5.0,0.0,0.0,5.0,
4210,2509234,1789.0,0.0,0.0,0.0,1680.0,0.0,0.0,1680.0,
21137,2656254,1194.0,0.0,0.0,0.0,995.0,0.0,0.0,995.0,
19976,1303338,570.0,0.0,0.0,0.0,393.0,0.0,0.0,393.0,
7543,3976866,654.0,0.0,0.0,0.0,506.0,0.0,0.0,506.0,
19683,1843926,428.0,0.0,0.0,0.0,255.0,0.0,0.0,255.0,
4681,260869,1663.0,0.0,0.0,0.0,1380.0,0.0,0.0,1380.0,
3822,2779573,1884.0,0.0,0.0,0.0,1598.0,0.0,0.0,1598.0,
5804,2975627,2121.0,0.0,0.0,0.0,1926.0,0.0,0.0,1926.0,
8767,1686677,2038.0,0.0,0.0,0.0,1714.0,0.0,0.0,1714.0,
36840,3658131,1907.0,0.0,0.0,0.0,1448.0,0.0,0.0,1448.0,
10353,740364,1176.0,0.0,0.0,0.0,1095.0,0.0,0.0,1095.0,
4731,3534693,991.0,0.0,0.0,0.0,881.0,0.0,0.0,881.0,
4769,950329,698.0,0.0,0.0,0.0,491.0,0.0,0.0,491.0,
7534,2553681,1630.0,0.0,0.0,0.0,1405.0,0.0,0.0,1405.0,
20594,3511499,1116.0,0.0,0.0,0.0,390.0,0.0,0.0,390.0,
1956,1252589,1203.0,0.0,0.0,0.0,897.0,0.0,0.0,897.0,
25284,2824339,2454.0,0.0,0.0,0.0,2160.0,0.0,0.0,2160.0,
4846,3626506,1571.0,0.0,0.0,0.0,1373.0,0.0,0.0,1373.0,
3274,738326,289.0,0.0,0.0,0.0,250.0,0.0,0.0,250.0,
4447,3813900,1871.0,0.0,0.0,0.0,1734.0,0.0,0.0,1734.0,
24776,1967856,371.0,0.0,0.0,0.0,206.0,0.0,0.0,206.0,
8668,3002558,1286.0,0.0,0.0,0.0,1081.0,0.0,0.0,1081.0,
6869,3632272,1033.0,0.0,0.0,0.0,291.0,0.0,0.0,291.0,
103881,3735041,467.0,0.0,0.0,0.0,308.0,0.0,0.0,308.0,
8812,1792754,2042.0,0.0,0.0,0.0,1652.0,0.0,0.0,1652.0,
8589,3751436,1509.0,0.0,0.0,0.0,1365.0,0.0,0.0,1365.0,
4351,3428105,1278.0,0.0,0.0,0.0,1195.0,0.0,0.0,1195.0,
6162,3161681,1805.0,0.0,0.0,0.0,1542.0,0.0,0.0,1542.0,
11948,2437044,394.0,0.0,0.0,0.0,228.0,0.0,0.0,228.0,
5015,3839381,1611.0,0.0,0.0,0.0,1492.0,0.0,0.0,1492.0,
12142,1007320,1104.0,0.0,0.0,0.0,286.0,0.0,0.0,286.0,
11229,775138,679.0,0.0,0.0,0.0,581.0,0.0,0.0,581.0,
5742,1187187,1943.0,0.0,0.0,0.0,1720.0,0.0,0.0,1720.0,
6707,483607,1165.0,0.0,0.0,0.0,851.0,0.0,0.0,851.0,
3834,2990485,1797.0,0.0,0.0,0.0,1653.0,0.0,0.0,1653.0,
3625,2667702,683.0,0.0,0.0,0.0,489.0,0.0,0.0,489.0,
4769,950358,502.0,0.0,0.0,0.0,347.0,0.0,0.0,347.0,
11948,2088460,402.0,0.0,0.0,0.0,296.0,0.0,0.0,296.0,
10406,3768240,1497.0,0.0,0.0,0.0,385.0,0.0,0.0,385.0,
4237,1089191,1690.0,0.0,0.0,0.0,1239.0,0.0,0.0,1239.0,
27430,2548929,488.0,0.0,0.0,0.0,248.0,0.0,0.0,248.0,
9173,1008495,1661.0,0.0,0.0,0.0,553.0,0.0,0.0,553.0,
45426,3393835,759.0,0.0,0.0,0.0,531.0,0.0,0.0,531.0,
7092,3549484,1785.0,0.0,0.0,0.0,1659.0,0.0,0.0,1659.0,
6412,3072205,1699.0,0.0,0.0,0.0,1432.0,0.0,0.0,1432.0,
16422,1075669,307.0,0.0,0.0,0.0,235.0,0.0,0.0,235.0,
6230,3395697,2076.0,0.0,0.0,0.0,1692.0,0.0,0.0,1692.0,
24019,2300475,1814.0,0.0,0.0,0.0,1680.0,0.0,0.0,1680.0,
6264,2269787,1903.0,0.0,0.0,0.0,1652.0,0.0,0.0,1652.0,
24086,1627606,154.0,0.0,0.0,0.0,84.0,0.0,0.0,84.0,
4619,3341992,849.0,0.0,0.0,0.0,228.0,0.0,0.0,228.0,
13991,3018427,1915.0,0.0,0.0,0.0,1766.0,0.0,0.0,1766.0,
1956,1015970,432.0,0.0,0.0,0.0,313.0,0.0,0.0,313.0,
38892,3239547,1725.0,0.0,0.0,0.0,1355.0,0.0,0.0,1355.0,
7386,3589820,2129.0,0.0,0.0,0.0,1847.0,0.0,0.0,1847.0,
8533,641451,259.0,0.0,0.0,0.0,147.0,0.0,0.0,147.0,
7570,476371,1830.0,0.0,0.0,0.0,1585.0,0.0,0.0,1585.0,
1676,1065764,264.0,0.0,0.0,0.0,151.0,0.0,0.0,151.0,
18881,3688578,1499.0,0.0,0.0,0.0,1408.0,0.0,0.0,1408.0,
4629,1477869,1906.0,0.0,0.0,0.0,1599.0,0.0,0.0,1599.0,
4619,844683,1936.0,0.0,0.0,0.0,1654.0,0.0,0.0,1654.0,
10393,1322741,1402.0,0.0,0.0,0.0,1128.0,0.0,0.0,1128.0,
8009,514267,2206.0,0.0,0.0,0.0,1774.0,0.0,0.0,1774.0,
7178,3328835,287.0,0.0,0.0,0.0,207.0,0.0,0.0,207.0,
3824,1799762,1865.0,0.0,0.0,0.0,1737.0,0.0,0.0,1737.0,
11963,2820820,2185.0,0.0,0.0,0.0,1978.0,0.0,0.0,1978.0,
8952,1798022,1884.0,0.0,0.0,0.0,1728.0,0.0,0.0,1728.0,
5426,362903,998.0,0.0,0.0,0.0,898.0,0.0,0.0,898.0,
26630,2790011,459.0,0.0,0.0,0.0,125.0,0.0,0.0,125.0,
8971,1209474,1497.0,0.0,0.0,0.0,1332.0,0.0,0.0,1332.0,
10543,943149,754.0,0.0,0.0,0.0,499.0,0.0,0.0,499.0,
4249,1217903,1400.0,0.0,0.0,0.0,1307.0,0.0,0.0,1307.0,
3189,2320394,2069.0,0.0,0.0,0.0,1875.0,0.0,0.0,1875.0,
8701,574642,400.0,0.0,0.0,0.0,311.0,0.0,0.0,311.0,
13121,965426,660.0,0.0,0.0,0.0,431.0,0.0,0.0,431.0,
29172,2308204,59.0,0.0,0.0,0.0,45.0,0.0,0.0,45.0,
7136,1157276,1110.0,0.0,0.0,0.0,991.0,0.0,0.0,991.0,
8733,3072648,1245.0,0.0,0.0,0.0,285.0,0.0,0.0,285.0,
6196,2097086,1578.0,0.0,0.0,0.0,1430.0,0.0,0.0,1430.0,
3824,2825941,1772.0,0.0,0.0,0.0,1615.0,0.0,0.0,1615.0,
26907,3399442,1166.0,0.0,0.0,0.0,336.0,0.0,0.0,336.0,
3775,693223,1060.0,0.0,0.0,0.0,397.0,0.0,0.0,397.0,
8009,2317037,2306.0,0.0,0.0,0.0,2105.0,0.0,0.0,2105.0,
15974,2546265,421.0,0.0,0.0,0.0,331.0,0.0,0.0,331.0,
9313,2653560,967.0,0.0,0.0,0.0,870.0,0.0,0.0,870.0,
5180,3493702,834.0,0.0,0.0,0.0,705.0,0.0,0.0,705.0,
6707,3021823,760.0,0.0,0.0,0.0,283.0,0.0,0.0,283.0,
4868,3435286,1899.0,0.0,0.0,0.0,1713.0,0.0,0.0,1713.0,
13324,1404118,524.0,0.0,0.0,0.0,256.0,0.0,0.0,256.0,
7922,1901677,1879.0,0.0,0.0,0.0,1750.0,0.0,0.0,1750.0,
14880,1021226,949.0,0.0,0.0,0.0,713.0,0.0,0.0,713.0,
6681,1932200,2272.0,0.0,0.0,0.0,2014.0,0.0,0.0,2014.0,
5390,3789616,1054.0,0.0,0.0,0.0,764.0,0.0,0.0,764.0,
8767,579548,2534.0,0.0,0.0,0.0,2322.0,0.0,0.0,2322.0,
16161,2376896,2173.0,0.0,0.0,0.0,1929.0,0.0,0.0,1929.0,
5528,410440,882.0,0.0,0.0,0.0,826.0,0.0,0.0,826.0,
19683,1493924,887.0,0.0,0.0,0.0,416.0,0.0,0.0,416.0,
7617,1812716,2205.0,0.0,0.0,0.0,1867.0,0.0,0.0,1867.0,
16222,2260232,2113.0,0.0,0.0,0.0,1907.0,0.0,0.0,1907.0,
5881,3294920,2441.0,0.0,0.0,0.0,2093.0,0.0,0.0,2093.0,
10105,3437802,2058.0,0.0,0.0,0.0,1773.0,0.0,0.0,1773.0,
4282,3267807,1204.0,0.0,0.0,0.0,1088.0,0.0,0.0,1088.0,
11922,910918,1257.0,0.0,0.0,0.0,417.0,0.0,0.0,417.0,
4121,220550,1811.0,0.0,0.0,0.0,1687.0,0.0,0.0,1687.0,
6787,2731630,735.0,0.0,0.0,0.0,597.0,0.0,0.0,597.0,
4016,217359,1417.0,0.0,0.0,0.0,439.0,0.0,0.0,439.0,
4801,267322,1045.0,0.0,0.0,0.0,374.0,0.0,0.0,374.0,
1213,3242148,1524.0,0.0,0.0,0.0,981.0,0.0,0.0,981.0,
12421,2965765,994.0,0.0,0.0,0.0,720.0,0.0,0.0,720.0,
6729,406700,668.0,0.0,0.0,0.0,588.0,0.0,0.0,588.0,
7509,2154818,2134.0,0.0,0.0,0.0,1862.0,0.0,0.0,1862.0,
4484,1851039,1511.0,0.0,0.0,0.0,1398.0,0.0,0.0,1398.0,
19198,3902208,2352.0,0.0,0.0,0.0,1928.0,0.0,0.0,1928.0,
4808,3664346,2024.0,0.0,0.0,0.0,1731.0,0.0,0.0,1731.0,
4905,2797293,1469.0,0.0,0.0,0.0,1402.0,0.0,0.0,1402.0,
7744,887147,806.0,0.0,0.0,0.0,562.0,0.0,0.0,562.0,
6667,3908392,1819.0,0.0,0.0,0.0,1700.0,0.0,0.0,1700.0,
8585,561303,2176.0,0.0,0.0,0.0,1931.0,0.0,0.0,1931.0,
18094,3617965,1801.0,0.0,0.0,0.0,1579.0,0.0,0.0,1579.0,
4823,3358301,2186.0,0.0,0.0,0.0,1976.0,0.0,0.0,1976.0,
3758,193685,752.0,0.0,0.0,0.0,202.0,0.0,0.0,202.0,
11948,887725,493.0,0.0,0.0,0.0,278.0,0.0,0.0,278.0,
9447,1964254,224.0,0.0,0.0,0.0,204.0,0.0,0.0,204.0,
23914,2538702,1150.0,0.0,0.0,0.0,1060.0,0.0,0.0,1060.0,
11948,889270,479.0,0.0,0.0,0.0,316.0,0.0,0.0,316.0,
4526,3882792,1332.0,0.0,0.0,0.0,1217.0,0.0,0.0,1217.0,
2095,1236043,265.0,0.0,0.0,0.0,203.0,0.0,0.0,203.0,
4805,3777380,1830.0,0.0,0.0,0.0,1727.0,0.0,0.0,1727.0,
7019,3882353,1986.0,0.0,0.0,0.0,1770.0,0.0,0.0,1770.0,
36581,3076566,493.0,0.0,0.0,0.0,262.0,0.0,0.0,262.0,
4172,229656,1342.0,0.0,0.0,0.0,1225.0,0.0,0.0,1225.0,
8496,3412582,26.0,0.0,0.0,0.0,14.0,0.0,0.0,14.0,
6470,3944890,1851.0,0.0,0.0,0.0,1547.0,0.0,0.0,1547.0,
6951,645045,1686.0,0.0,0.0,0.0,1559.0,0.0,0.0,1559.0,
6153,3820210,2292.0,0.0,0.0,0.0,1966.0,0.0,0.0,1966.0,
4010,217285,1975.0,0.0,0.0,0.0,1333.0,0.0,0.0,1333.0,
14134,1289530,378.0,0.0,0.0,0.0,288.0,0.0,0.0,288.0,
5113,3336201,1049.0,0.0,0.0,0.0,896.0,0.0,0.0,896.0,
11434,953292,883.0,0.0,0.0,0.0,693.0,0.0,0.0,693.0,
28743,2613724,982.0,0.0,0.0,0.0,837.0,0.0,0.0,837.0,
5582,2488912,2388.0,0.0,0.0,0.0,1704.0,0.0,0.0,1704.0,
13076,1193208,47.0,0.0,0.0,0.0,38.0,0.0,0.0,38.0,
1676,1114688,452.0,0.0,0.0,0.0,323.0,0.0,0.0,323.0,
19198,3496167,1434.0,0.0,0.0,0.0,1094.0,0.0,0.0,1094.0,
21412,1884205,400.0,0.0,0.0,0.0,330.0,0.0,0.0,330.0,
24274,2982379,788.0,0.0,0.0,0.0,367.0,0.0,0.0,367.0,
6010,351713,1339.0,0.0,0.0,0.0,1242.0,0.0,0.0,1242.0,
9049,825580,341.0,0.0,0.0,0.0,258.0,0.0,0.0,258.0,
5848,689531,665.0,0.0,0.0,0.0,601.0,0.0,0.0,601.0,
5336,2483549,1411.0,0.0,0.0,0.0,1182.0,0.0,0.0,1182.0,
6095,3661020,2203.0,0.0,0.0,0.0,2010.0,0.0,0.0,2010.0,
1676,1166424,854.0,0.0,0.0,0.0,705.0,0.0,0.0,705.0,
39094,3422298,2306.0,0.0,0.0,0.0,1859.0,0.0,0.0,1859.0,
6397,3203698,2224.0,0.0,0.0,0.0,1849.0,0.0,0.0,1849.0,
4513,1260682,1315.0,0.0,0.0,0.0,1237.0,0.0,0.0,1237.0,
5429,1801034,246.0,0.0,0.0,0.0,226.0,0.0,0.0,226.0,
24069,1525912,328.0,0.0,0.0,0.0,259.0,0.0,0.0,259.0,
4355,2409210,835.0,0.0,0.0,0.0,325.0,0.0,0.0,325.0,
4772,3282523,1711.0,0.0,0.0,0.0,1565.0,0.0,0.0,1565.0,
3297,3440030,2498.0,0.0,0.0,0.0,2004.0,0.0,0.0,2004.0,
37656,3284112,2138.0,0.0,0.0,0.0,1748.0,0.0,0.0,1748.0,
4000,524565,1726.0,0.0,0.0,0.0,1542.0,0.0,0.0,1542.0,
26776,2820727,2246.0,0.0,0.0,0.0,2011.0,0.0,0.0,2011.0,
6852,866872,1262.0,0.0,0.0,0.0,1129.0,0.0,0.0,1129.0,
38781,3804987,874.0,0.0,0.0,0.0,245.0,0.0,0.0,245.0,
6242,3511057,1089.0,0.0,0.0,0.0,313.0,0.0,0.0,313.0,
4900,1502856,353.0,0.0,0.0,0.0,259.0,0.0,0.0,259.0,
23917,1543674,556.0,0.0,0.0,0.0,281.0,0.0,0.0,281.0,
26515,2424879,2049.0,0.0,0.0,0.0,1598.0,0.0,0.0,1598.0,
5369,812978,1914.0,0.0,0.0,0.0,1651.0,0.0,0.0,1651.0,
5695,3275362,1950.0,0.0,0.0,0.0,1614.0,0.0,0.0,1614.0,
4505,2429162,1536.0,0.0,0.0,0.0,1242.0,0.0,0.0,1242.0,
4477,3638802,1294.0,0.0,0.0,0.0,1192.0,0.0,0.0,1192.0,
9389,1865156,2199.0,0.0,0.0,0.0,1796.0,0.0,0.0,1796.0,
26354,2223322,375.0,0.0,0.0,0.0,214.0,0.0,0.0,214.0,
11948,3508413,539.0,0.0,0.0,0.0,293.0,0.0,0.0,293.0,
3826,458690,1272.0,0.0,0.0,0.0,390.0,0.0,0.0,390.0,
10392,2050317,1450.0,0.0,0.0,0.0,411.0,0.0,0.0,411.0,
7906,3018378,1619.0,0.0,0.0,0.0,999.0,0.0,0.0,999.0,
4245,2027990,1865.0,0.0,0.0,0.0,1592.0,0.0,0.0,1592.0,
7092,3389736,1873.0,0.0,0.0,0.0,1742.0,0.0,0.0,1742.0,
18097,1278778,1714.0,0.0,0.0,0.0,1541.0,0.0,0.0,1541.0,
4351,298951,1495.0,0.0,0.0,0.0,1406.0,0.0,0.0,1406.0,
7011,607690,1572.0,0.0,0.0,0.0,1150.0,0.0,0.0,1150.0,
11948,897761,182.0,0.0,0.0,0.0,95.0,0.0,0.0,95.0,
5824,317922,1999.0,0.0,0.0,0.0,1791.0,0.0,0.0,1791.0,
14014,1083324,123.0,0.0,0.0,0.0,85.0,0.0,0.0,85.0,
5911,3928326,829.0,0.0,0.0,0.0,351.0,0.0,0.0,351.0,
7256,3624874,353.0,0.0,0.0,0.0,283.0,0.0,0.0,283.0,
14578,2227589,1507.0,0.0,0.0,0.0,1324.0,0.0,0.0,1324.0,
9334,1789312,1734.0,0.0,0.0,0.0,1583.0,0.0,0.0,1583.0,
38395,3117606,1315.0,0.0,0.0,0.0,689.0,0.0,0.0,689.0,
21165,1663624,552.0,0.0,0.0,0.0,436.0,0.0,0.0,436.0,
4139,1810218,1880.0,0.0,0.0,0.0,1738.0,0.0,0.0,1738.0,
7118,1225993,1162.0,0.0,0.0,0.0,340.0,0.0,0.0,340.0,
6301,1907087,1886.0,0.0,0.0,0.0,1660.0,0.0,0.0,1660.0,
8733,1308387,151.0,0.0,0.0,0.0,51.0,0.0,0.0,51.0,
10206,911036,379.0,0.0,0.0,0.0,301.0,0.0,0.0,301.0,
20558,2545819,613.0,0.0,0.0,0.0,340.0,0.0,0.0,340.0,
13758,1332499,1907.0,0.0,0.0,0.0,1456.0,0.0,0.0,1456.0,
6559,829525,1493.0,0.0,0.0,0.0,1205.0,0.0,0.0,1205.0,
2485,1246305,914.0,0.0,0.0,0.0,678.0,0.0,0.0,678.0,
11726,826384,705.0,0.0,0.0,0.0,582.0,0.0,0.0,582.0,
13776,3405188,358.0,0.0,0.0,0.0,319.0,0.0,0.0,319.0,
3625,2660925,647.0,0.0,0.0,0.0,512.0,0.0,0.0,512.0,
11948,1441741,300.0,0.0,0.0,0.0,195.0,0.0,0.0,195.0,
5432,1226974,1474.0,0.0,0.0,0.0,389.0,0.0,0.0,389.0,
6968,1971992,584.0,0.0,0.0,0.0,535.0,0.0,0.0,535.0,
5901,567161,1392.0,0.0,0.0,0.0,364.0,0.0,0.0,364.0,
8009,810984,1717.0,0.0,0.0,0.0,1415.0,0.0,0.0,1415.0,
9188,2779815,505.0,0.0,0.0,0.0,417.0,0.0,0.0,417.0,
24776,1880509,501.0,0.0,0.0,0.0,168.0,0.0,0.0,168.0,
37656,3654170,2230.0,0.0,0.0,0.0,1995.0,0.0,0.0,1995.0,
11948,1055093,290.0,0.0,0.0,0.0,194.0,0.0,0.0,194.0,
7127,1222107,1626.0,0.0,0.0,0.0,1473.0,0.0,0.0,1473.0,
7366,3406890,1251.0,0.0,0.0,0.0,1068.0,0.0,0.0,1068.0,
11967,2631902,1292.0,0.0,0.0,0.0,1168.0,0.0,0.0,1168.0,
6125,555275,1837.0,0.0,0.0,0.0,1303.0,0.0,0.0,1303.0,
5694,1830369,2001.0,0.0,0.0,0.0,1834.0,0.0,0.0,1834.0,
11948,1322332,625.0,0.0,0.0,0.0,319.0,0.0,0.0,319.0,
5046,2722917,2159.0,0.0,0.0,0.0,1852.0,0.0,0.0,1852.0,
19425,2206981,1178.0,0.0,0.0,0.0,1059.0,0.0,0.0,1059.0,
26396,2327383,1705.0,0.0,0.0,0.0,1441.0,0.0,0.0,1441.0,
5155,3432832,304.0,0.0,0.0,0.0,257.0,0.0,0.0,257.0,
24450,3525222,480.0,0.0,0.0,0.0,393.0,0.0,0.0,393.0,
6337,1885315,2384.0,0.0,0.0,0.0,1909.0,0.0,0.0,1909.0,
4143,2782854,1578.0,0.0,0.0,0.0,1500.0,0.0,0.0,1500.0,
24086,2364137,469.0,0.0,0.0,0.0,256.0,0.0,0.0,256.0,
33611,3055466,1567.0,0.0,0.0,0.0,1113.0,0.0,0.0,1113.0,
9007,1216111,1672.0,0.0,0.0,0.0,1534.0,0.0,0.0,1534.0,
6295,471915,172.0,0.0,0.0,0.0,141.0,0.0,0.0,141.0,
5107,3702412,1708.0,0.0,0.0,0.0,1593.0,0.0,0.0,1593.0,
9617,2362019,187.0,0.0,0.0,0.0,149.0,0.0,0.0,149.0,
5996,2010496,861.0,0.0,0.0,0.0,794.0,0.0,0.0,794.0,
5349,1218580,775.0,0.0,0.0,0.0,726.0,0.0,0.0,726.0,
4391,1375411,1773.0,0.0,2.0,0.11280315848843768,1581.0,2.0,0.1265022137887413,1583.0,
8512,554993,2238.0,0.0,0.0,0.0,1846.0,0.0,0.0,1846.0,
19210,2782920,2070.0,0.0,0.0,0.0,1867.0,0.0,0.0,1867.0,
3956,208572,851.0,0.0,0.0,0.0,717.0,0.0,0.0,717.0,
12428,954181,166.0,0.0,0.0,0.0,104.0,0.0,0.0,104.0,
27181,2045986,1620.0,0.0,0.0,0.0,1092.0,0.0,0.0,1092.0,
2373,82393,223.0,0.0,0.0,0.0,161.0,0.0,0.0,161.0,
3964,561997,1908.0,0.0,0.0,0.0,1545.0,0.0,0.0,1545.0,
1676,2736628,814.0,0.0,0.0,0.0,640.0,0.0,0.0,640.0,
8434,3581103,1938.0,0.0,0.0,0.0,1689.0,0.0,0.0,1689.0,
8937,1990989,1651.0,0.0,0.0,0.0,1495.0,0.0,0.0,1495.0,
5903,1806295,2195.0,0.0,0.0,0.0,1969.0,0.0,0.0,1969.0,
26493,3735283,2657.0,0.0,0.0,0.0,1990.0,0.0,0.0,1990.0,
28258,2651405,607.0,0.0,0.0,0.0,406.0,0.0,0.0,406.0,
5874,2163232,2282.0,0.0,0.0,0.0,1776.0,0.0,0.0,1776.0,
7744,1501585,185.0,0.0,0.0,0.0,131.0,0.0,0.0,131.0,
5041,1203797,1605.0,0.0,0.0,0.0,1482.0,0.0,0.0,1482.0,
5377,3680297,2199.0,0.0,0.0,0.0,1859.0,0.0,0.0,1859.0,
11948,968696,346.0,0.0,0.0,0.0,192.0,0.0,0.0,192.0,
12922,916872,422.0,0.0,0.0,0.0,293.0,0.0,0.0,293.0,
34236,3280035,46.0,0.0,0.0,0.0,36.0,0.0,0.0,36.0,
37712,2982974,1237.0,0.0,0.0,0.0,1060.0,0.0,0.0,1060.0,
19043,1181652,414.0,0.0,0.0,0.0,336.0,0.0,0.0,336.0,
3189,796951,2050.0,0.0,0.0,0.0,1763.0,0.0,0.0,1763.0,
4416,244216,989.0,0.0,0.0,0.0,716.0,0.0,0.0,716.0,
24034,1772963,320.0,0.0,0.0,0.0,225.0,0.0,0.0,225.0,
36828,2775726,1953.0,0.0,0.0,0.0,1755.0,0.0,0.0,1755.0,
9173,1294788,1227.0,0.0,0.0,0.0,469.0,0.0,0.0,469.0,
6440,1524927,1892.0,0.0,0.0,0.0,1386.0,0.0,0.0,1386.0,
22377,1452445,620.0,0.0,0.0,0.0,480.0,0.0,0.0,480.0,
11948,890045,367.0,0.0,0.0,0.0,213.0,0.0,0.0,213.0,
10373,1915594,2068.0,0.0,0.0,0.0,1917.0,0.0,0.0,1917.0,
21772,2434438,1815.0,0.0,0.0,0.0,1543.0,0.0,0.0,1543.0,
13555,1055779,505.0,0.0,0.0,0.0,280.0,0.0,0.0,280.0,
6180,3105668,2124.0,0.0,1.0,0.047080979284369114,1868.0,1.0,0.05353319057815846,1869.0,
3781,3486625,1913.0,0.0,0.0,0.0,1617.0,0.0,0.0,1617.0,
3977,2213707,1177.0,0.0,0.0,0.0,1076.0,0.0,0.0,1076.0,
26630,3002427,519.0,0.0,0.0,0.0,201.0,0.0,0.0,201.0,
25274,3656714,750.0,0.0,0.0,0.0,707.0,0.0,0.0,707.0,
4526,1186248,984.0,0.0,0.0,0.0,864.0,0.0,0.0,864.0,
21934,1966375,483.0,0.0,0.0,0.0,209.0,0.0,0.0,209.0,
9391,877213,2208.0,0.0,0.0,0.0,1961.0,0.0,0.0,1961.0,
10440,709108,1541.0,0.0,0.0,0.0,1161.0,0.0,0.0,1161.0,
7559,658563,2104.0,0.0,0.0,0.0,1724.0,0.0,0.0,1724.0,
38395,3206035,1329.0,0.0,0.0,0.0,357.0,0.0,0.0,357.0,
11034,2257316,275.0,0.0,0.0,0.0,182.0,0.0,0.0,182.0,
15858,2362137,2261.0,0.0,0.0,0.0,1784.0,0.0,0.0,1784.0,
10206,862163,314.0,0.0,0.0,0.0,214.0,0.0,0.0,214.0,
7027,1224971,1832.0,0.0,0.0,0.0,1700.0,0.0,0.0,1700.0,
4868,3282213,640.0,0.0,0.0,0.0,530.0,0.0,0.0,530.0,
19536,1256202,153.0,0.0,0.0,0.0,86.0,0.0,0.0,86.0,
11948,3404139,395.0,0.0,0.0,0.0,253.0,0.0,0.0,253.0,
13057,1721474,873.0,0.0,0.0,0.0,582.0,0.0,0.0,582.0,
4654,411608,166.0,0.0,0.0,0.0,141.0,0.0,0.0,141.0,
24086,1451912,1493.0,0.0,0.0,0.0,469.0,0.0,0.0,469.0,
19058,1272671,1236.0,0.0,0.0,0.0,1041.0,0.0,0.0,1041.0,
6669,3165204,2019.0,0.0,0.0,0.0,1869.0,0.0,0.0,1869.0,
4387,2524019,184.0,0.0,0.0,0.0,170.0,0.0,0.0,170.0,
27298,2489073,2162.0,0.0,0.0,0.0,1888.0,0.0,0.0,1888.0,
28370,2325529,1288.0,0.0,0.0,0.0,464.0,0.0,0.0,464.0,
4470,250409,2118.0,0.0,0.0,0.0,1742.0,0.0,0.0,1742.0,
5846,928531,1409.0,0.0,0.0,0.0,1210.0,0.0,0.0,1210.0,
37711,3555736,1331.0,0.0,0.0,0.0,974.0,0.0,0.0,974.0,
3290,1083809,642.0,0.0,0.0,0.0,476.0,0.0,0.0,476.0,
15858,3073360,147.0,0.0,0.0,0.0,82.0,0.0,0.0,82.0,
7430,3789429,2463.0,0.0,0.0,0.0,2060.0,0.0,0.0,2060.0,
4541,1804510,1629.0,0.0,0.0,0.0,1541.0,0.0,0.0,1541.0,
21920,1572806,454.0,0.0,0.0,0.0,295.0,0.0,0.0,295.0,
8846,3684355,1510.0,0.0,0.0,0.0,1435.0,0.0,0.0,1435.0,
13350,2538670,2273.0,0.0,0.0,0.0,1881.0,0.0,0.0,1881.0,
95150,3622538,431.0,0.0,0.0,0.0,324.0,0.0,0.0,324.0,
5369,1201415,1954.0,0.0,0.0,0.0,1546.0,0.0,0.0,1546.0,
29864,2322440,310.0,0.0,0.0,0.0,181.0,0.0,0.0,181.0,
6072,361573,2283.0,0.0,0.0,0.0,2021.0,0.0,0.0,2021.0,
9019,1205479,1802.0,0.0,0.0,0.0,1640.0,0.0,0.0,1640.0,
6459,2223391,243.0,0.0,0.0,0.0,203.0,0.0,0.0,203.0,
14561,1912331,2040.0,0.0,0.0,0.0,1877.0,0.0,0.0,1877.0,
18994,3218917,1112.0,0.0,0.0,0.0,967.0,0.0,0.0,967.0,
4518,1819011,845.0,0.0,0.0,0.0,724.0,0.0,0.0,724.0,
45426,3386889,1119.0,0.0,0.0,0.0,808.0,0.0,0.0,808.0,
3000,1440454,633.0,0.0,0.0,0.0,445.0,0.0,0.0,445.0,
11948,1497061,316.0,0.0,0.0,0.0,169.0,0.0,0.0,169.0,
3792,1850540,1637.0,0.0,0.0,0.0,1526.0,0.0,0.0,1526.0,
5582,2411959,2066.0,0.0,0.0,0.0,1674.0,0.0,0.0,1674.0,
4874,3303050,520.0,0.0,0.0,0.0,433.0,0.0,0.0,433.0,
10374,1195381,1212.0,0.0,0.0,0.0,933.0,0.0,0.0,933.0,
8494,1820301,1614.0,0.0,0.0,0.0,1473.0,0.0,0.0,1473.0,
7257,3342158,1890.0,0.0,0.0,0.0,1599.0,0.0,0.0,1599.0,
93675,3534450,992.0,0.0,0.0,0.0,712.0,0.0,0.0,712.0,
4306,3384265,2147.0,0.0,0.0,0.0,1973.0,0.0,0.0,1973.0,
8365,1802092,1114.0,0.0,0.0,0.0,991.0,0.0,0.0,991.0,
103881,3734237,333.0,0.0,0.0,0.0,218.0,0.0,0.0,218.0,
6624,3276704,2026.0,0.0,0.0,0.0,1705.0,0.0,0.0,1705.0,
5442,3112453,2108.0,0.0,0.0,0.0,1838.0,0.0,0.0,1838.0,
13605,947942,198.0,0.0,0.0,0.0,136.0,0.0,0.0,136.0,
6627,2039139,1051.0,0.0,0.0,0.0,736.0,0.0,0.0,736.0,
10206,2272213,427.0,0.0,0.0,0.0,358.0,0.0,0.0,358.0,
4371,577694,1158.0,0.0,0.0,0.0,836.0,0.0,0.0,836.0,
4395,607599,1133.0,0.0,0.0,0.0,898.0,0.0,0.0,898.0,
10325,3565922,1618.0,0.0,0.0,0.0,1367.0,0.0,0.0,1367.0,
12909,2826113,1449.0,0.0,0.0,0.0,1240.0,0.0,0.0,1240.0,
7121,1718790,2126.0,0.0,0.0,0.0,1781.0,0.0,0.0,1781.0,
4360,1218576,1790.0,0.0,0.0,0.0,1724.0,0.0,0.0,1724.0,
85024,3575704,850.0,0.0,0.0,0.0,608.0,0.0,0.0,608.0,
37715,3831557,2365.0,0.0,0.0,0.0,1774.0,0.0,0.0,1774.0,
24776,2360033,619.0,0.0,0.0,0.0,304.0,0.0,0.0,304.0,
23579,3882390,2086.0,0.0,0.0,0.0,1717.0,0.0,0.0,1717.0,
9759,3489686,2019.0,0.0,0.0,0.0,1547.0,0.0,0.0,1547.0,
4043,1795454,857.0,0.0,0.0,0.0,730.0,0.0,0.0,730.0,
19062,1706289,2116.0,0.0,0.0,0.0,1915.0,0.0,0.0,1915.0,
3945,414005,345.0,0.0,0.0,0.0,218.0,0.0,0.0,218.0,
9402,1194452,1103.0,0.0,0.0,0.0,987.0,0.0,0.0,987.0,
10183,2160691,299.0,0.0,0.0,0.0,254.0,0.0,0.0,254.0,
12357,906577,989.0,0.0,0.0,0.0,742.0,0.0,0.0,742.0,
5095,2822011,673.0,0.0,0.0,0.0,605.0,0.0,0.0,605.0,
6671,3616123,1617.0,0.0,0.0,0.0,1476.0,0.0,0.0,1476.0,
11948,1092177,368.0,0.0,0.0,0.0,222.0,0.0,0.0,222.0,
4232,1224763,657.0,0.0,0.0,0.0,575.0,0.0,0.0,575.0,
8379,1164754,1831.0,0.0,0.0,0.0,558.0,0.0,0.0,558.0,
13218,3025247,2343.0,0.0,0.0,0.0,1997.0,0.0,0.0,1997.0,
26373,2584729,651.0,0.0,0.0,0.0,593.0,0.0,0.0,593.0,
6394,1360417,2023.0,0.0,0.0,0.0,1833.0,0.0,0.0,1833.0,
4432,3931420,152.0,0.0,0.0,0.0,128.0,0.0,0.0,128.0,
13207,1227747,1488.0,0.0,0.0,0.0,1369.0,0.0,0.0,1369.0,
24776,2329308,613.0,0.0,0.0,0.0,230.0,0.0,0.0,230.0,
10972,2324806,1074.0,0.0,0.0,0.0,390.0,0.0,0.0,390.0,
11961,3859389,827.0,0.0,0.0,0.0,624.0,0.0,0.0,624.0,
4069,474069,1078.0,0.0,0.0,0.0,685.0,0.0,0.0,685.0,
20122,1586158,1226.0,0.0,0.0,0.0,987.0,0.0,0.0,987.0,
4672,3036644,1983.0,0.0,0.0,0.0,1553.0,0.0,0.0,1553.0,
9916,1323592,1596.0,0.0,0.0,0.0,1331.0,0.0,0.0,1331.0,
4252,687794,1530.0,0.0,0.0,0.0,1350.0,0.0,0.0,1350.0,
8506,576085,1629.0,0.0,0.0,0.0,1200.0,0.0,0.0,1200.0,
5963,2059965,1971.0,0.0,0.0,0.0,1644.0,0.0,0.0,1644.0,
33611,2751385,1211.0,0.0,0.0,0.0,326.0,0.0,0.0,326.0,
21798,2548454,1723.0,0.0,0.0,0.0,1381.0,0.0,0.0,1381.0,
4003,3711300,1677.0,0.0,0.0,0.0,1416.0,0.0,0.0,1416.0,
6074,357052,1298.0,0.0,0.0,0.0,416.0,0.0,0.0,416.0,
4649,1225051,1760.0,0.0,0.0,0.0,1599.0,0.0,0.0,1599.0,
4229,1830788,1789.0,0.0,0.0,0.0,1646.0,0.0,0.0,1646.0,
11948,963362,446.0,0.0,0.0,0.0,274.0,0.0,0.0,274.0,
24069,1714078,181.0,0.0,0.0,0.0,144.0,0.0,0.0,144.0,
30220,2782527,1172.0,0.0,0.0,0.0,1114.0,0.0,0.0,1114.0,
4165,3879877,1925.0,0.0,0.0,0.0,1724.0,0.0,0.0,1724.0,
5637,2634033,730.0,0.0,0.0,0.0,529.0,0.0,0.0,529.0,
14868,3667204,1871.0,0.0,0.0,0.0,1720.0,0.0,0.0,1720.0,
4731,1202283,1787.0,0.0,0.0,0.0,1518.0,0.0,0.0,1518.0,
5793,3342188,2417.0,0.0,0.0,0.0,1969.0,0.0,0.0,1969.0,
3785,1135887,860.0,0.0,0.0,0.0,582.0,0.0,0.0,582.0,
3815,1796748,1052.0,0.0,0.0,0.0,952.0,0.0,0.0,952.0,
7030,2564429,1011.0,0.0,0.0,0.0,889.0,0.0,0.0,889.0,
19198,3037654,2602.0,0.0,0.0,0.0,2139.0,0.0,0.0,2139.0,
6329,3381062,2031.0,0.0,0.0,0.0,1806.0,0.0,0.0,1806.0,
7210,3593293,797.0,0.0,0.0,0.0,715.0,0.0,0.0,715.0,
3979,2979040,1208.0,0.0,0.0,0.0,1086.0,0.0,0.0,1086.0,
30287,3507148,1846.0,0.0,0.0,0.0,1733.0,0.0,0.0,1733.0,
3865,206695,1554.0,0.0,0.0,0.0,1410.0,0.0,0.0,1410.0,
4668,263724,889.0,0.0,0.0,0.0,606.0,0.0,0.0,606.0,
23813,3656763,252.0,0.0,0.0,0.0,165.0,0.0,0.0,165.0,
10393,3808939,1514.0,0.0,0.0,0.0,1396.0,0.0,0.0,1396.0,
6522,1362103,764.0,0.0,0.0,0.0,538.0,0.0,0.0,538.0,
4436,3126418,1737.0,0.0,0.0,0.0,1543.0,0.0,0.0,1543.0,
4585,1194619,913.0,0.0,0.0,0.0,701.0,0.0,0.0,701.0,
19043,1181617,98.0,0.0,0.0,0.0,84.0,0.0,0.0,84.0,
11948,2237693,835.0,0.0,0.0,0.0,483.0,0.0,0.0,483.0,
19543,1420142,493.0,0.0,0.0,0.0,352.0,0.0,0.0,352.0,
11022,3418756,1389.0,0.0,0.0,0.0,1280.0,0.0,0.0,1280.0,
26736,2710559,1137.0,0.0,0.0,0.0,1006.0,0.0,0.0,1006.0,
5996,1079956,1291.0,0.0,0.0,0.0,1210.0,0.0,0.0,1210.0,
14580,3233732,506.0,0.0,0.0,0.0,271.0,0.0,0.0,271.0,
26170,2463381,361.0,0.0,0.0,0.0,274.0,0.0,0.0,274.0,
4439,3625836,1772.0,0.0,0.0,0.0,1596.0,0.0,0.0,1596.0,
8733,1176704,402.0,0.0,0.0,0.0,108.0,0.0,0.0,108.0,
4082,3909360,1178.0,0.0,0.0,0.0,1095.0,0.0,0.0,1095.0,
7096,3161639,2136.0,0.0,0.0,0.0,1924.0,0.0,0.0,1924.0,
10179,690883,2015.0,0.0,0.0,0.0,1678.0,0.0,0.0,1678.0,
11999,3968612,667.0,0.0,0.0,0.0,569.0,0.0,0.0,569.0,
9173,2116779,1749.0,0.0,0.0,0.0,564.0,0.0,0.0,564.0,
5009,1809163,883.0,0.0,0.0,0.0,802.0,0.0,0.0,802.0,
7906,3045077,1871.0,0.0,0.0,0.0,1685.0,0.0,0.0,1685.0,
37890,3765470,1310.0,0.0,0.0,0.0,1087.0,0.0,0.0,1087.0,
4670,259868,1624.0,0.0,0.0,0.0,1299.0,0.0,0.0,1299.0,
9324,1824386,1870.0,0.0,0.0,0.0,1627.0,0.0,0.0,1627.0,
4270,3358105,1386.0,0.0,0.0,0.0,1186.0,0.0,0.0,1186.0,
6162,3562060,2110.0,0.0,0.0,0.0,1854.0,0.0,0.0,1854.0,
9298,2173367,2305.0,0.0,0.0,0.0,1944.0,0.0,0.0,1944.0,
5902,791349,21.0,0.0,0.0,0.0,15.0,0.0,0.0,15.0,
6421,3968114,224.0,0.0,0.0,0.0,146.0,0.0,0.0,146.0,
39065,3200749,488.0,0.0,0.0,0.0,232.0,0.0,0.0,232.0,
15974,2672218,418.0,0.0,0.0,0.0,330.0,0.0,0.0,330.0,
5561,878002,5.0,0.0,0.0,0.0,4.0,0.0,0.0,4.0,
4734,1762271,1817.0,0.0,0.0,0.0,1369.0,0.0,0.0,1369.0,
7366,2537689,1410.0,0.0,0.0,0.0,1119.0,0.0,0.0,1119.0,
10358,1709293,328.0,0.0,0.0,0.0,258.0,0.0,0.0,258.0,
9750,1830617,1441.0,0.0,0.0,0.0,1278.0,0.0,0.0,1278.0,
21141,3624524,2163.0,0.0,0.0,0.0,1982.0,0.0,0.0,1982.0,
6713,481301,1768.0,0.0,0.0,0.0,1384.0,0.0,0.0,1384.0,
3780,2509559,1601.0,0.0,0.0,0.0,1447.0,0.0,0.0,1447.0,
33679,2758980,2285.0,0.0,0.0,0.0,1791.0,0.0,0.0,1791.0,
27298,2626026,1145.0,0.0,0.0,0.0,382.0,0.0,0.0,382.0,
5860,3204110,2181.0,0.0,0.0,0.0,1948.0,0.0,0.0,1948.0,
25273,2923613,1068.0,0.0,0.0,0.0,956.0,0.0,0.0,956.0,
3930,3934943,1597.0,0.0,0.0,0.0,1400.0,0.0,0.0,1400.0,
10343,3485920,1197.0,0.0,0.0,0.0,820.0,0.0,0.0,820.0,
21165,1690727,205.0,0.0,0.0,0.0,184.0,0.0,0.0,184.0,
7433,2821994,1689.0,0.0,0.0,0.0,1425.0,0.0,0.0,1425.0,
27294,2024847,624.0,0.0,0.0,0.0,207.0,0.0,0.0,207.0,
3189,1197022,1768.0,0.0,0.0,0.0,1665.0,0.0,0.0,1665.0,
25158,1575905,488.0,0.0,0.0,0.0,371.0,0.0,0.0,371.0,
3625,1306844,666.0,0.0,0.0,0.0,480.0,0.0,0.0,480.0,
7908,2645981,1538.0,0.0,0.0,0.0,889.0,0.0,0.0,889.0,
4503,1227189,1132.0,0.0,0.0,0.0,1016.0,0.0,0.0,1016.0,
23364,1497234,1019.0,0.0,0.0,0.0,821.0,0.0,0.0,821.0,
33144,2458185,622.0,0.0,0.0,0.0,316.0,0.0,0.0,316.0,
3885,685007,1242.0,0.0,0.0,0.0,1061.0,0.0,0.0,1061.0,
10470,721871,354.0,0.0,0.0,0.0,86.0,0.0,0.0,86.0,
3775,206290,1831.0,0.0,0.0,0.0,1707.0,0.0,0.0,1707.0,
4232,1209769,695.0,0.0,0.0,0.0,613.0,0.0,0.0,613.0,
3944,3589118,564.0,0.0,0.0,0.0,496.0,0.0,0.0,496.0,
9868,875999,553.0,0.0,0.0,0.0,453.0,0.0,0.0,453.0,
4280,3405665,2055.0,0.0,0.0,0.0,1826.0,0.0,0.0,1826.0,
3785,1072651,541.0,0.0,0.0,0.0,428.0,0.0,0.0,428.0,
18968,1556999,1560.0,0.0,0.0,0.0,1436.0,0.0,0.0,1436.0,
11094,3379393,1755.0,0.0,0.0,0.0,1532.0,0.0,0.0,1532.0,
4471,249222,2064.0,0.0,0.0,0.0,1669.0,0.0,0.0,1669.0,
3189,796918,2158.0,0.0,0.0,0.0,1834.0,0.0,0.0,1834.0,
5312,292127,2351.0,0.0,0.0,0.0,1938.0,0.0,0.0,1938.0,
11948,1725124,102.0,0.0,0.0,0.0,62.0,0.0,0.0,62.0,
38395,3206062,1343.0,0.0,0.0,0.0,672.0,0.0,0.0,672.0,
11910,2037241,485.0,0.0,0.0,0.0,290.0,0.0,0.0,290.0,
6534,1177876,1760.0,0.0,0.0,0.0,1298.0,0.0,0.0,1298.0,
4299,3424043,2171.0,0.0,0.0,0.0,1928.0,0.0,0.0,1928.0,
11218,3399523,1916.0,0.0,0.0,0.0,1754.0,0.0,0.0,1754.0,
8153,2462381,2305.0,0.0,0.0,0.0,2048.0,0.0,0.0,2048.0,
4715,3817051,1768.0,0.0,0.0,0.0,1606.0,0.0,0.0,1606.0,
8648,758012,1112.0,0.0,0.0,0.0,901.0,0.0,0.0,901.0,
4814,268029,2127.0,0.0,0.0,0.0,1915.0,0.0,0.0,1915.0,
8733,1182658,1497.0,0.0,0.0,0.0,429.0,0.0,0.0,429.0,
8153,1035515,2742.0,0.0,0.0,0.0,2268.0,0.0,0.0,2268.0,
4733,264605,1766.0,0.0,0.0,0.0,1630.0,0.0,0.0,1630.0,
10543,910725,1208.0,0.0,0.0,0.0,899.0,0.0,0.0,899.0,
4518,3665541,1036.0,0.0,0.0,0.0,919.0,0.0,0.0,919.0,
5893,324709,1385.0,0.0,0.0,0.0,1220.0,0.0,0.0,1220.0,
1676,682151,473.0,0.0,0.0,0.0,340.0,0.0,0.0,340.0,
8585,561258,2275.0,0.0,0.0,0.0,2072.0,0.0,0.0,2072.0,
10183,3538577,458.0,0.0,0.0,0.0,331.0,0.0,0.0,331.0,
4245,233906,623.0,0.0,0.0,0.0,557.0,0.0,0.0,557.0,
1676,1269100,416.0,0.0,0.0,0.0,329.0,0.0,0.0,329.0,
13218,2993132,977.0,0.0,0.0,0.0,749.0,0.0,0.0,749.0,
5843,1208720,2139.0,0.0,0.0,0.0,1795.0,0.0,0.0,1795.0,
7180,3593857,1882.0,0.0,0.0,0.0,1639.0,0.0,0.0,1639.0,
16228,3163827,1026.0,0.0,0.0,0.0,908.0,0.0,0.0,908.0,
1676,1302749,521.0,0.0,0.0,0.0,406.0,0.0,0.0,406.0,
7075,836192,1457.0,0.0,0.0,0.0,1252.0,0.0,0.0,1252.0,
11959,897328,812.0,0.0,0.0,0.0,246.0,0.0,0.0,246.0,
24776,1777427,733.0,0.0,0.0,0.0,252.0,0.0,0.0,252.0,
9286,657559,1928.0,0.0,0.0,0.0,1537.0,0.0,0.0,1537.0,
19481,2115699,2082.0,0.0,0.0,0.0,1893.0,0.0,0.0,1893.0,
6623,402214,239.0,0.0,0.0,0.0,207.0,0.0,0.0,207.0,
5695,359874,995.0,0.0,0.0,0.0,265.0,0.0,0.0,265.0,
8565,1795854,2150.0,0.0,0.0,0.0,1856.0,0.0,0.0,1856.0,
5800,2280007,1452.0,0.0,0.0,0.0,1249.0,0.0,0.0,1249.0,
6180,3040773,2317.0,0.0,0.0,0.0,2048.0,0.0,0.0,2048.0,
11961,1189795,1928.0,0.0,0.0,0.0,1687.0,0.0,0.0,1687.0,
8733,1425760,962.0,0.0,0.0,0.0,321.0,0.0,0.0,321.0,
2313,1188549,1915.0,0.0,0.0,0.0,1754.0,0.0,0.0,1754.0,
4599,3710890,1682.0,0.0,0.0,0.0,1493.0,0.0,0.0,1493.0,
4056,3485989,1519.0,0.0,0.0,0.0,1383.0,0.0,0.0,1383.0,
4843,269541,1627.0,0.0,0.0,0.0,1206.0,0.0,0.0,1206.0,
11948,904154,602.0,0.0,0.0,0.0,217.0,0.0,0.0,217.0,
4347,2498915,1563.0,0.0,0.0,0.0,1200.0,0.0,0.0,1200.0,
5917,3859515,286.0,0.0,0.0,0.0,257.0,0.0,0.0,257.0,
8733,1176827,415.0,0.0,0.0,0.0,153.0,0.0,0.0,153.0,
34390,3315727,95.0,0.0,0.0,0.0,57.0,0.0,0.0,57.0,
5807,1226978,1085.0,0.0,0.0,0.0,956.0,0.0,0.0,956.0,
4505,1203694,1556.0,0.0,0.0,0.0,1142.0,0.0,0.0,1142.0,
4885,272838,1729.0,0.0,1.0,0.0578368999421631,1448.0,1.0,0.06906077348066299,1449.0,
7821,3457297,1489.0,0.0,0.0,0.0,1182.0,0.0,0.0,1182.0,
7432,3497827,2203.0,0.0,0.0,0.0,2031.0,0.0,0.0,2031.0,
18350,1139472,11.0,0.0,0.0,0.0,8.0,0.0,0.0,8.0,
7088,3807493,1973.0,0.0,0.0,0.0,1780.0,0.0,0.0,1780.0,
19037,3007924,1687.0,0.0,0.0,0.0,1362.0,0.0,0.0,1362.0,
11948,3317124,658.0,0.0,0.0,0.0,316.0,0.0,0.0,316.0,
18990,1941520,1494.0,0.0,0.0,0.0,1304.0,0.0,0.0,1304.0,
11224,3633140,2019.0,0.0,0.0,0.0,1827.0,0.0,0.0,1827.0,
6277,369911,1943.0,0.0,0.0,0.0,1726.0,0.0,0.0,1726.0,
6010,351875,1267.0,0.0,0.0,0.0,1188.0,0.0,0.0,1188.0,
3972,1076951,1886.0,0.0,0.0,0.0,1684.0,0.0,0.0,1684.0,
5095,3219854,1103.0,0.0,0.0,0.0,778.0,0.0,0.0,778.0,
8938,1212466,2163.0,0.0,0.0,0.0,1850.0,0.0,0.0,1850.0,
24776,3543568,829.0,0.0,0.0,0.0,289.0,0.0,0.0,289.0,
8420,637982,1564.0,0.0,0.0,0.0,1154.0,0.0,0.0,1154.0,
8216,2999304,1476.0,0.0,0.0,0.0,957.0,0.0,0.0,957.0,
4848,3418868,1413.0,0.0,0.0,0.0,1160.0,0.0,0.0,1160.0,
6383,376558,1529.0,0.0,0.0,0.0,1439.0,0.0,0.0,1439.0,
11975,2546994,1576.0,0.0,0.0,0.0,1414.0,0.0,0.0,1414.0,
4413,1228759,1793.0,0.0,0.0,0.0,1566.0,0.0,0.0,1566.0,
13170,1013327,2337.0,0.0,0.0,0.0,1989.0,0.0,0.0,1989.0,
8744,596175,361.0,0.0,0.0,0.0,176.0,0.0,0.0,176.0,
12599,1802136,1260.0,0.0,0.0,0.0,349.0,0.0,0.0,349.0,
20336,3700515,1772.0,0.0,0.0,0.0,1573.0,0.0,0.0,1573.0,
7040,3873972,1914.0,0.0,0.0,0.0,1701.0,0.0,0.0,1701.0,
4503,3500265,1093.0,0.0,0.0,0.0,972.0,0.0,0.0,972.0,
11999,807712,1798.0,0.0,0.0,0.0,1416.0,0.0,0.0,1416.0,
4271,3817452,1794.0,0.0,0.0,0.0,1529.0,0.0,0.0,1529.0,
26630,2970469,625.0,0.0,0.0,0.0,258.0,0.0,0.0,258.0,
4001,3343042,2058.0,0.0,0.0,0.0,1809.0,0.0,0.0,1809.0,
10365,2559713,1320.0,0.0,0.0,0.0,1037.0,0.0,0.0,1037.0,
8533,641469,324.0,0.0,0.0,0.0,231.0,0.0,0.0,231.0,
18342,3648895,588.0,0.0,0.0,0.0,358.0,0.0,0.0,358.0,
4136,228510,1025.0,0.0,0.0,0.0,890.0,0.0,0.0,890.0,
103881,3734696,286.0,0.0,0.0,0.0,160.0,0.0,0.0,160.0,
7140,3598552,1046.0,0.0,0.0,0.0,970.0,0.0,0.0,970.0,
4720,1819742,1970.0,0.0,0.0,0.0,1825.0,0.0,0.0,1825.0,
37826,3049704,2128.0,0.0,0.0,0.0,1998.0,0.0,0.0,1998.0,
9050,3528726,1309.0,0.0,0.0,0.0,405.0,0.0,0.0,405.0,
13263,2820955,2215.0,0.0,0.0,0.0,1912.0,0.0,0.0,1912.0,
6151,362283,1906.0,0.0,0.0,0.0,1673.0,0.0,0.0,1673.0,
3796,3942769,755.0,0.0,0.0,0.0,701.0,0.0,0.0,701.0,
3625,2429241,293.0,0.0,0.0,0.0,193.0,0.0,0.0,193.0,
9090,732427,1700.0,0.0,0.0,0.0,1469.0,0.0,0.0,1469.0,
13645,1806379,1930.0,0.0,0.0,0.0,1791.0,0.0,0.0,1791.0,
4781,3744232,2122.0,0.0,0.0,0.0,1848.0,0.0,0.0,1848.0,
19037,3820225,1654.0,0.0,0.0,0.0,1486.0,0.0,0.0,1486.0,
3991,2531174,1983.0,0.0,0.0,0.0,1713.0,0.0,0.0,1713.0,
8216,2735632,2192.0,0.0,0.0,0.0,1945.0,0.0,0.0,1945.0,
19089,2636904,2000.0,0.0,0.0,0.0,1821.0,0.0,0.0,1821.0,
8239,711266,2138.0,0.0,0.0,0.0,1688.0,0.0,0.0,1688.0,
24375,1653626,340.0,0.0,0.0,0.0,235.0,0.0,0.0,235.0,
24278,1615735,329.0,0.0,0.0,0.0,263.0,0.0,0.0,263.0,
4909,1012961,1850.0,0.0,0.0,0.0,1683.0,0.0,0.0,1683.0,
7035,416552,1520.0,0.0,0.0,0.0,1387.0,0.0,0.0,1387.0,
8593,3601368,1957.0,0.0,0.0,0.0,1618.0,0.0,0.0,1618.0,
6406,3405279,2377.0,0.0,0.0,0.0,2172.0,0.0,0.0,2172.0,
6190,2712591,2285.0,0.0,0.0,0.0,2051.0,0.0,0.0,2051.0,
6470,3945168,120.0,0.0,0.0,0.0,96.0,0.0,0.0,96.0,
8214,3742342,1699.0,0.0,0.0,0.0,1539.0,0.0,0.0,1539.0,
37501,3118486,1425.0,0.0,0.0,0.0,1143.0,0.0,0.0,1143.0,
10343,1602871,28.0,0.0,0.0,0.0,22.0,0.0,0.0,22.0,
4905,274547,1169.0,0.0,0.0,0.0,1081.0,0.0,0.0,1081.0,
23914,2614171,1759.0,0.0,0.0,0.0,1650.0,0.0,0.0,1650.0,
9220,3638337,1454.0,0.0,0.0,0.0,1011.0,0.0,0.0,1011.0,
3977,2661369,1012.0,0.0,0.0,0.0,876.0,0.0,0.0,876.0,
3887,279037,1391.0,0.0,0.0,0.0,1277.0,0.0,0.0,1277.0,
29512,3103661,1240.0,0.0,0.0,0.0,1098.0,0.0,0.0,1098.0,
5145,1789133,1893.0,0.0,0.0,0.0,1698.0,0.0,0.0,1698.0,
21661,1325385,105.0,0.0,0.0,0.0,86.0,0.0,0.0,86.0,
12056,3103663,1293.0,0.0,0.0,0.0,1128.0,0.0,0.0,1128.0,
9366,1817071,251.0,0.0,0.0,0.0,240.0,0.0,0.0,240.0,
4627,274747,1231.0,0.0,0.0,0.0,378.0,0.0,0.0,378.0,
19436,1271375,211.0,0.0,0.0,0.0,149.0,0.0,0.0,149.0,
4383,1200198,1944.0,0.0,0.0,0.0,1722.0,0.0,0.0,1722.0,
4704,1305788,2209.0,0.0,0.0,0.0,1973.0,0.0,0.0,1973.0,
6683,1221305,1623.0,0.0,0.0,0.0,1510.0,0.0,0.0,1510.0,
4210,230181,1844.0,0.0,0.0,0.0,1698.0,0.0,0.0,1698.0,
4275,501891,1601.0,0.0,0.0,0.0,1323.0,0.0,0.0,1323.0,
9791,3188367,1695.0,0.0,0.0,0.0,1309.0,0.0,0.0,1309.0,
3884,2960888,1328.0,0.0,0.0,0.0,1167.0,0.0,0.0,1167.0,
4546,1787556,1420.0,0.0,0.0,0.0,1220.0,0.0,0.0,1220.0,
4733,3897003,49.0,0.0,0.0,0.0,41.0,0.0,0.0,41.0,
9899,3515253,1959.0,0.0,0.0,0.0,1721.0,0.0,0.0,1721.0,
28370,3618674,917.0,0.0,0.0,0.0,462.0,0.0,0.0,462.0,
10343,3121954,1315.0,0.0,0.0,0.0,996.0,0.0,0.0,996.0,
4769,2090398,316.0,0.0,0.0,0.0,221.0,0.0,0.0,221.0,
7159,3743776,1796.0,0.0,0.0,0.0,1619.0,0.0,0.0,1619.0,
9462,646458,1639.0,0.0,0.0,0.0,1427.0,0.0,0.0,1427.0,
9381,1191207,1935.0,0.0,0.0,0.0,1760.0,0.0,0.0,1760.0,
13323,3439840,1617.0,0.0,0.0,0.0,1340.0,0.0,0.0,1340.0,
8378,1323865,886.0,0.0,0.0,0.0,768.0,0.0,0.0,768.0,
3861,3601431,2015.0,0.0,0.0,0.0,1787.0,0.0,0.0,1787.0,
11868,2788958,1209.0,0.0,0.0,0.0,935.0,0.0,0.0,935.0,
24776,1880476,301.0,0.0,0.0,0.0,152.0,0.0,0.0,152.0,
5944,330640,1531.0,0.0,0.0,0.0,1198.0,0.0,0.0,1198.0,
5184,3685572,1452.0,0.0,0.0,0.0,1276.0,0.0,0.0,1276.0,
4794,3198994,2114.0,0.0,0.0,0.0,1947.0,0.0,0.0,1947.0,
37712,3492276,1846.0,0.0,0.0,0.0,1544.0,0.0,0.0,1544.0,
4256,3686195,1880.0,0.0,0.0,0.0,1677.0,0.0,0.0,1677.0,
3778,192543,1055.0,0.0,0.0,0.0,818.0,0.0,0.0,818.0,
10206,2274608,120.0,0.0,0.0,0.0,92.0,0.0,0.0,92.0,
18462,1107198,75.0,0.0,0.0,0.0,63.0,0.0,0.0,63.0,
1676,634345,410.0,0.0,0.0,0.0,333.0,0.0,0.0,333.0,
13489,2193893,1447.0,0.0,0.0,0.0,1333.0,0.0,0.0,1333.0,
9168,708901,493.0,0.0,0.0,0.0,360.0,0.0,0.0,360.0,
4545,1850523,1395.0,0.0,0.0,0.0,1300.0,0.0,0.0,1300.0,
10410,2989194,536.0,0.0,0.0,0.0,474.0,0.0,0.0,474.0,
5528,410509,781.0,0.0,0.0,0.0,734.0,0.0,0.0,734.0,
14456,2350718,1687.0,0.0,0.0,0.0,1361.0,0.0,0.0,1361.0,
3964,3616969,1843.0,0.0,0.0,0.0,1504.0,0.0,0.0,1504.0,
7902,1801690,2287.0,0.0,0.0,0.0,2049.0,0.0,0.0,2049.0,
19550,1883483,702.0,0.0,0.0,0.0,635.0,0.0,0.0,635.0,
4684,2365974,1627.0,0.0,0.0,0.0,1328.0,0.0,0.0,1328.0,
8279,1228381,1285.0,0.0,0.0,0.0,1211.0,0.0,0.0,1211.0,
4761,1201811,1391.0,0.0,0.0,0.0,1244.0,0.0,0.0,1244.0,
2253,71513,407.0,0.0,0.0,0.0,321.0,0.0,0.0,321.0,
24034,1731804,281.0,0.0,0.0,0.0,212.0,0.0,0.0,212.0,
9170,1184257,819.0,0.0,0.0,0.0,372.0,0.0,0.0,372.0,
24274,2229655,494.0,0.0,0.0,0.0,284.0,0.0,0.0,284.0,
7433,1783282,2200.0,0.0,0.0,0.0,1824.0,0.0,0.0,1824.0,
49279,3620764,343.0,0.0,0.0,0.0,244.0,0.0,0.0,244.0,
9868,2462209,1160.0,0.0,0.0,0.0,1039.0,0.0,0.0,1039.0,
6394,3395897,1606.0,0.0,0.0,0.0,1428.0,0.0,0.0,1428.0,
18277,1104190,531.0,0.0,0.0,0.0,382.0,0.0,0.0,382.0,
4137,3691750,1685.0,0.0,0.0,0.0,1396.0,0.0,0.0,1396.0,
5398,1893842,1516.0,0.0,0.0,0.0,1306.0,0.0,0.0,1306.0,
20558,2222090,436.0,0.0,0.0,0.0,183.0,0.0,0.0,183.0,
14865,3306356,1050.0,0.0,0.0,0.0,427.0,0.0,0.0,427.0,
19550,3521820,974.0,0.0,0.0,0.0,904.0,0.0,0.0,904.0,
3995,2951602,1141.0,0.0,0.0,0.0,916.0,0.0,0.0,916.0,
9333,2776101,1208.0,0.0,0.0,0.0,1124.0,0.0,0.0,1124.0,
14563,3422674,2657.0,0.0,0.0,0.0,2383.0,0.0,0.0,2383.0,
5770,3012057,1833.0,0.0,0.0,0.0,1693.0,0.0,0.0,1693.0,
3986,1820741,2065.0,0.0,0.0,0.0,1756.0,0.0,0.0,1756.0,
5810,3207772,1987.0,0.0,0.0,0.0,1779.0,0.0,0.0,1779.0,
4585,1200178,1243.0,0.0,0.0,0.0,922.0,0.0,0.0,922.0,
36011,3079504,2604.0,0.0,0.0,0.0,2029.0,0.0,0.0,2029.0,
24776,1851554,1222.0,0.0,0.0,0.0,378.0,0.0,0.0,378.0,
21165,1876806,306.0,0.0,0.0,0.0,203.0,0.0,0.0,203.0,
5999,3426463,1323.0,0.0,0.0,0.0,1186.0,0.0,0.0,1186.0,
4884,3404989,2015.0,0.0,0.0,0.0,1812.0,0.0,0.0,1812.0,
4304,235860,945.0,0.0,0.0,0.0,847.0,0.0,0.0,847.0,
11948,836321,535.0,0.0,0.0,0.0,302.0,0.0,0.0,302.0,
4132,3808784,1655.0,0.0,0.0,0.0,1567.0,0.0,0.0,1567.0,
6075,1207697,550.0,0.0,0.0,0.0,476.0,0.0,0.0,476.0,
24927,1747669,206.0,0.0,0.0,0.0,131.0,0.0,0.0,131.0,
4539,1820124,1805.0,0.0,0.0,0.0,1624.0,0.0,0.0,1624.0,
4116,3432960,1683.0,0.0,0.0,0.0,1582.0,0.0,0.0,1582.0,
21547,3686358,1300.0,0.0,0.0,0.0,1114.0,0.0,0.0,1114.0,
13170,963544,1421.0,0.0,0.0,0.0,1136.0,0.0,0.0,1136.0,
6277,3575236,752.0,0.0,0.0,0.0,242.0,0.0,0.0,242.0,
4731,1203556,1560.0,0.0,0.0,0.0,1307.0,0.0,0.0,1307.0,
4769,2412691,341.0,0.0,0.0,0.0,237.0,0.0,0.0,237.0,
3983,3435189,2270.0,0.0,0.0,0.0,1960.0,0.0,0.0,1960.0,
12142,2137444,685.0,0.0,0.0,0.0,265.0,0.0,0.0,265.0,
19160,3188485,2179.0,0.0,0.0,0.0,1948.0,0.0,0.0,1948.0,
25302,2020151,514.0,0.0,0.0,0.0,370.0,0.0,0.0,370.0,
1676,1440224,377.0,0.0,0.0,0.0,249.0,0.0,0.0,249.0,
13251,981722,1300.0,0.0,0.0,0.0,1048.0,0.0,0.0,1048.0,
15660,2526552,1859.0,0.0,0.0,0.0,1681.0,0.0,0.0,1681.0,
8534,1447576,2076.0,0.0,0.0,0.0,1834.0,0.0,0.0,1834.0,
30013,3524072,478.0,0.0,0.0,0.0,160.0,0.0,0.0,160.0,
3943,3438782,1633.0,0.0,0.0,0.0,1508.0,0.0,0.0,1508.0,
7189,3945416,282.0,0.0,0.0,0.0,224.0,0.0,0.0,224.0,
12538,872124,535.0,0.0,0.0,0.0,326.0,0.0,0.0,326.0,
11948,887727,503.0,0.0,0.0,0.0,320.0,0.0,0.0,320.0,
24776,1880468,1070.0,0.0,0.0,0.0,514.0,0.0,0.0,514.0,
4651,3563828,1653.0,0.0,0.0,0.0,1386.0,0.0,0.0,1386.0,
9447,2669873,1988.0,0.0,0.0,0.0,1788.0,0.0,0.0,1788.0,
4447,3438386,1747.0,0.0,0.0,0.0,1457.0,0.0,0.0,1457.0,
7240,3204888,1887.0,0.0,0.0,0.0,1773.0,0.0,0.0,1773.0,
4691,2275562,1938.0,0.0,0.0,0.0,1574.0,0.0,0.0,1574.0,
17874,1878336,1228.0,0.0,0.0,0.0,1134.0,0.0,0.0,1134.0,
3189,2653439,1739.0,0.0,0.0,0.0,1576.0,0.0,0.0,1576.0,
25320,3930309,2065.0,0.0,0.0,0.0,1699.0,0.0,0.0,1699.0,
5406,2797241,2185.0,0.0,0.0,0.0,1781.0,0.0,0.0,1781.0,
19976,1306761,255.0,0.0,0.0,0.0,199.0,0.0,0.0,199.0,
11958,3161877,1956.0,0.0,0.0,0.0,1860.0,0.0,0.0,1860.0,
18462,1180073,525.0,0.0,0.0,0.0,305.0,0.0,0.0,305.0,
37141,3061276,2239.0,0.0,0.0,0.0,1858.0,0.0,0.0,1858.0,
5523,1228586,1795.0,0.0,0.0,0.0,1634.0,0.0,0.0,1634.0,
8608,564883,1352.0,0.0,0.0,0.0,970.0,0.0,0.0,970.0,
23815,2584245,1326.0,0.0,0.0,0.0,1108.0,0.0,0.0,1108.0,
9086,1812401,589.0,0.0,0.0,0.0,284.0,0.0,0.0,284.0,
7430,766581,2453.0,0.0,0.0,0.0,1823.0,0.0,0.0,1823.0,
5782,3639581,2013.0,0.0,0.0,0.0,1322.0,0.0,0.0,1322.0,
14014,1065591,1102.0,0.0,0.0,0.0,727.0,0.0,0.0,727.0,
28370,3950011,1527.0,0.0,0.0,0.0,468.0,0.0,0.0,468.0,
5814,3123163,2314.0,0.0,0.0,0.0,2067.0,0.0,0.0,2067.0,
5943,3082038,2012.0,0.0,0.0,0.0,1783.0,0.0,0.0,1783.0,
4798,758965,2016.0,0.0,0.0,0.0,1894.0,0.0,0.0,1894.0,
10208,692818,1761.0,0.0,0.0,0.0,1264.0,0.0,0.0,1264.0,
3790,1796382,1922.0,0.0,0.0,0.0,1810.0,0.0,0.0,1810.0,
3983,3168627,1908.0,0.0,0.0,0.0,1665.0,0.0,0.0,1665.0,
4016,3379686,1560.0,0.0,0.0,0.0,1307.0,0.0,0.0,1307.0,
14014,1123591,891.0,0.0,0.0,0.0,412.0,0.0,0.0,412.0,
15727,1021205,2110.0,0.0,0.0,0.0,1717.0,0.0,0.0,1717.0,
24776,1880515,1078.0,0.0,0.0,0.0,594.0,0.0,0.0,594.0,
7744,527412,630.0,0.0,0.0,0.0,435.0,0.0,0.0,435.0,
9916,785462,1756.0,0.0,0.0,0.0,1451.0,0.0,0.0,1451.0,
32568,2376417,660.0,0.0,0.0,0.0,497.0,0.0,0.0,497.0,
8534,557792,2330.0,0.0,0.0,0.0,2073.0,0.0,0.0,2073.0,
6455,3778448,2143.0,0.0,0.0,0.0,1659.0,0.0,0.0,1659.0,
4114,3972728,3.0,0.0,0.0,0.0,2.0,0.0,0.0,2.0,
4001,2498407,1918.0,0.0,0.0,0.0,1697.0,0.0,0.0,1697.0,
9862,678304,376.0,0.0,0.0,0.0,307.0,0.0,0.0,307.0,
10572,2214895,167.0,0.0,0.0,0.0,140.0,0.0,0.0,140.0,
5849,2559478,1749.0,0.0,0.0,0.0,1547.0,0.0,0.0,1547.0,
8455,941874,758.0,0.0,0.0,0.0,379.0,0.0,0.0,379.0,
1676,1167697,746.0,0.0,0.0,0.0,524.0,0.0,0.0,524.0,
110499,3701358,815.0,0.0,0.0,0.0,623.0,0.0,0.0,623.0,
14014,1051281,394.0,0.0,0.0,0.0,234.0,0.0,0.0,234.0,
4782,1752438,1351.0,0.0,0.0,0.0,1220.0,0.0,0.0,1220.0,
14287,3364036,678.0,0.0,0.0,0.0,594.0,0.0,0.0,594.0,
24860,3715543,1662.0,0.0,0.0,0.0,1522.0,0.0,0.0,1522.0,
11160,3180777,1915.0,0.0,0.0,0.0,1698.0,0.0,0.0,1698.0,
18969,1160505,880.0,0.0,0.0,0.0,488.0,0.0,0.0,488.0,
3852,1479570,1160.0,0.0,0.0,0.0,983.0,0.0,0.0,983.0,
10078,2359535,1221.0,0.0,0.0,0.0,990.0,0.0,0.0,990.0,
4758,3621111,2002.0,0.0,0.0,0.0,1746.0,0.0,0.0,1746.0,
4119,3696948,1703.0,0.0,0.0,0.0,1568.0,0.0,0.0,1568.0,
27482,2366102,955.0,0.0,0.0,0.0,718.0,0.0,0.0,718.0,
21165,1682121,212.0,0.0,0.0,0.0,179.0,0.0,0.0,179.0,
11945,3828424,2048.0,0.0,0.0,0.0,1901.0,0.0,0.0,1901.0,
10241,694455,1132.0,0.0,0.0,0.0,975.0,0.0,0.0,975.0,
95729,3706927,843.0,0.0,0.0,0.0,613.0,0.0,0.0,613.0,
14014,1075461,418.0,0.0,0.0,0.0,247.0,0.0,0.0,247.0,
14123,2274734,526.0,0.0,0.0,0.0,420.0,0.0,0.0,420.0,
4382,239926,1326.0,0.0,0.0,0.0,390.0,0.0,0.0,390.0,
5919,1187344,2072.0,0.0,0.0,0.0,1824.0,0.0,0.0,1824.0,
3937,891023,1844.0,0.0,0.0,0.0,1605.0,0.0,0.0,1605.0,
6159,1741830,589.0,0.0,0.0,0.0,461.0,0.0,0.0,461.0,
8588,3578877,1998.0,0.0,0.0,0.0,1766.0,0.0,0.0,1766.0,
4828,3103506,1140.0,0.0,0.0,0.0,541.0,0.0,0.0,541.0,
24069,1533956,41.0,0.0,0.0,0.0,25.0,0.0,0.0,25.0,
27875,2786789,768.0,0.0,0.0,0.0,323.0,0.0,0.0,323.0,
5895,3876064,1443.0,0.0,0.0,0.0,1288.0,0.0,0.0,1288.0,
5864,589146,1472.0,0.0,0.0,0.0,1300.0,0.0,0.0,1300.0,
16223,3015516,1611.0,0.0,0.0,0.0,1466.0,0.0,0.0,1466.0,
4867,3440104,1947.0,0.0,0.0,0.0,1578.0,0.0,0.0,1578.0,
6786,726973,1757.0,0.0,0.0,0.0,1406.0,0.0,0.0,1406.0,
4280,3404747,1294.0,0.0,0.0,0.0,1139.0,0.0,0.0,1139.0,
6578,1651578,339.0,0.0,0.0,0.0,227.0,0.0,0.0,227.0,
6336,3955991,1686.0,0.0,0.0,0.0,1540.0,0.0,0.0,1540.0,
18986,1261186,475.0,0.0,0.0,0.0,435.0,0.0,0.0,435.0,
33144,2458176,772.0,0.0,0.0,0.0,380.0,0.0,0.0,380.0,
3982,692209,1646.0,0.0,0.0,0.0,1396.0,0.0,0.0,1396.0,
7570,3437998,2090.0,0.0,0.0,0.0,1925.0,0.0,0.0,1925.0,
1676,982213,333.0,0.0,0.0,0.0,184.0,0.0,0.0,184.0,
16160,2251008,1300.0,0.0,0.0,0.0,368.0,0.0,0.0,368.0,
8733,3634344,561.0,0.0,0.0,0.0,145.0,0.0,0.0,145.0,
6592,401002,1679.0,0.0,0.0,0.0,1532.0,0.0,0.0,1532.0,
24086,2364193,1055.0,0.0,0.0,0.0,559.0,0.0,0.0,559.0,
27482,2017456,2469.0,0.0,0.0,0.0,2264.0,0.0,0.0,2264.0,
4115,1812563,1881.0,0.0,0.0,0.0,1707.0,0.0,0.0,1707.0,
6603,3858669,1181.0,0.0,0.0,0.0,1025.0,0.0,0.0,1025.0,
1676,893444,630.0,0.0,0.0,0.0,441.0,0.0,0.0,441.0,
27504,2982274,2562.0,0.0,0.0,0.0,1997.0,0.0,0.0,1997.0,
3268,2812294,2049.0,0.0,0.0,0.0,1816.0,0.0,0.0,1816.0,
10615,1186600,1928.0,0.0,0.0,0.0,1657.0,0.0,0.0,1657.0,
18122,3809060,2310.0,0.0,0.0,0.0,2119.0,0.0,0.0,2119.0,
4346,1202801,1949.0,0.0,0.0,0.0,1710.0,0.0,0.0,1710.0,
4137,2922066,2074.0,0.0,0.0,0.0,1749.0,0.0,0.0,1749.0,
4599,529618,927.0,0.0,0.0,0.0,762.0,0.0,0.0,762.0,
4278,1773078,1550.0,0.0,0.0,0.0,1461.0,0.0,0.0,1461.0,
11948,2472941,569.0,0.0,0.0,0.0,306.0,0.0,0.0,306.0,
36521,2792968,450.0,0.0,0.0,0.0,246.0,0.0,0.0,246.0,
4085,2286065,1225.0,0.0,0.0,0.0,986.0,0.0,0.0,986.0,
6459,3472901,1014.0,0.0,0.0,0.0,949.0,0.0,0.0,949.0,
4251,233898,959.0,0.0,0.0,0.0,853.0,0.0,0.0,853.0,
11948,968827,358.0,0.0,0.0,0.0,206.0,0.0,0.0,206.0,
3625,2027828,305.0,0.0,0.0,0.0,227.0,0.0,0.0,227.0,
13375,1408199,412.0,0.0,0.0,0.0,328.0,0.0,0.0,328.0,
6224,1803730,1981.0,0.0,0.0,0.0,1856.0,0.0,0.0,1856.0,
6039,600160,1986.0,0.0,0.0,0.0,1759.0,0.0,0.0,1759.0,
46094,3297496,760.0,0.0,0.0,0.0,465.0,0.0,0.0,465.0,
3822,205383,1814.0,0.0,0.0,0.0,1511.0,0.0,0.0,1511.0,
3859,199407,1902.0,0.0,0.0,0.0,1739.0,0.0,0.0,1739.0,
7685,3785470,2219.0,0.0,0.0,0.0,1969.0,0.0,0.0,1969.0,
4602,258296,1462.0,0.0,0.0,0.0,1256.0,0.0,0.0,1256.0,
95701,3950970,489.0,0.0,0.0,0.0,423.0,0.0,0.0,423.0,
20558,2794547,383.0,0.0,0.0,0.0,193.0,0.0,0.0,193.0,
25262,2826218,2062.0,0.0,0.0,0.0,1859.0,0.0,0.0,1859.0,
19041,3443452,1756.0,0.0,0.0,0.0,1518.0,0.0,0.0,1518.0,
6429,884864,1849.0,0.0,0.0,0.0,1587.0,0.0,0.0,1587.0,
5388,3804213,1955.0,0.0,0.0,0.0,1648.0,0.0,0.0,1648.0,
4436,1226844,1659.0,0.0,0.0,0.0,1464.0,0.0,0.0,1464.0,
10836,763774,749.0,0.0,0.0,0.0,413.0,0.0,0.0,413.0,
1676,2434882,606.0,0.0,0.0,0.0,467.0,0.0,0.0,467.0,
13115,977282,1165.0,0.0,0.0,0.0,449.0,0.0,0.0,449.0,
26907,3123411,1126.0,0.0,0.0,0.0,1019.0,0.0,0.0,1019.0,
24069,1539403,599.0,0.0,0.0,0.0,481.0,0.0,0.0,481.0,
9281,1225846,1933.0,0.0,0.0,0.0,1742.0,0.0,0.0,1742.0,
3944,3434442,1537.0,0.0,0.0,0.0,1425.0,0.0,0.0,1425.0,
4208,2391613,873.0,0.0,0.0,0.0,845.0,0.0,0.0,845.0,
5587,3438028,1760.0,0.0,0.0,0.0,1637.0,0.0,0.0,1637.0,
4420,3899029,1793.0,0.0,0.0,0.0,1401.0,0.0,0.0,1401.0,
6421,2775641,2263.0,0.0,0.0,0.0,2039.0,0.0,0.0,2039.0,
14563,3241571,1325.0,0.0,0.0,0.0,1163.0,0.0,0.0,1163.0,
28370,2114827,1270.0,0.0,0.0,0.0,342.0,0.0,0.0,342.0,
15727,2824681,2180.0,0.0,0.0,0.0,1887.0,0.0,0.0,1887.0,
29874,3352126,1068.0,0.0,0.0,0.0,762.0,0.0,0.0,762.0,
4208,2409331,1025.0,0.0,0.0,0.0,906.0,0.0,0.0,906.0,
24086,2364228,237.0,0.0,0.0,0.0,144.0,0.0,0.0,144.0,
4327,2328981,1750.0,0.0,0.0,0.0,1545.0,0.0,0.0,1545.0,
3773,679393,1692.0,0.0,0.0,0.0,1422.0,0.0,0.0,1422.0,
25064,3601443,910.0,0.0,0.0,0.0,572.0,0.0,0.0,572.0,
37712,3325026,2368.0,0.0,0.0,0.0,2041.0,0.0,0.0,2041.0,
7534,2775591,1811.0,0.0,0.0,0.0,1590.0,0.0,0.0,1590.0,
14014,1083766,583.0,0.0,0.0,0.0,344.0,0.0,0.0,344.0,
15787,1599479,35.0,0.0,0.0,0.0,24.0,0.0,0.0,24.0,
33596,3897223,1534.0,0.0,0.0,0.0,1335.0,0.0,0.0,1335.0,
5913,3583707,1071.0,0.0,0.0,0.0,860.0,0.0,0.0,860.0,
4454,3251436,1346.0,0.0,0.0,0.0,1191.0,0.0,0.0,1191.0,
19683,1632864,133.0,0.0,0.0,0.0,120.0,0.0,0.0,120.0,
11797,3752209,1733.0,0.0,0.0,0.0,1457.0,0.0,0.0,1457.0,
3834,3008593,1393.0,0.0,0.0,0.0,1236.0,0.0,0.0,1236.0,
27350,2193000,530.0,0.0,0.0,0.0,393.0,0.0,0.0,393.0,
5526,3073296,1962.0,0.0,0.0,0.0,1775.0,0.0,0.0,1775.0,
20670,3742528,2619.0,0.0,0.0,0.0,2155.0,0.0,0.0,2155.0,
4828,3556351,1722.0,0.0,0.0,0.0,1543.0,0.0,0.0,1543.0,
1676,550609,608.0,0.0,0.0,0.0,470.0,0.0,0.0,470.0,
6544,1195862,2064.0,0.0,0.0,0.0,1856.0,0.0,0.0,1856.0,
4234,1191047,1565.0,0.0,0.0,0.0,1407.0,0.0,0.0,1407.0,
4119,220195,1643.0,0.0,0.0,0.0,1514.0,0.0,0.0,1514.0,
4080,3381639,2100.0,0.0,0.0,0.0,1777.0,0.0,0.0,1777.0,
4503,1224675,1206.0,0.0,0.0,0.0,1056.0,0.0,0.0,1056.0,
6229,1922269,2539.0,0.0,0.0,0.0,2282.0,0.0,0.0,2282.0,
4611,2716809,1432.0,0.0,0.0,0.0,1174.0,0.0,0.0,1174.0,
5144,1212602,1731.0,0.0,0.0,0.0,1560.0,0.0,0.0,1560.0,
94465,3592471,202.0,0.0,0.0,0.0,136.0,0.0,0.0,136.0,
7744,750597,115.0,0.0,0.0,0.0,106.0,0.0,0.0,106.0,
26822,3930649,2153.0,0.0,0.0,0.0,1898.0,0.0,0.0,1898.0,
45426,3620507,18.0,0.0,0.0,0.0,15.0,0.0,0.0,15.0,
19037,3506943,2049.0,0.0,0.0,0.0,1842.0,0.0,0.0,1842.0,
18483,3878929,1954.0,0.0,0.0,0.0,1320.0,0.0,0.0,1320.0,
6199,365236,720.0,0.0,0.0,0.0,237.0,0.0,0.0,237.0,
4691,1733248,2054.0,0.0,0.0,0.0,1552.0,0.0,0.0,1552.0,
9260,2544412,405.0,0.0,0.0,0.0,379.0,0.0,0.0,379.0,
9915,2716410,1143.0,0.0,0.0,0.0,1025.0,0.0,0.0,1025.0,
10373,2506844,1205.0,0.0,0.0,0.0,358.0,0.0,0.0,358.0,
14800,2510375,1834.0,0.0,0.0,0.0,1441.0,0.0,0.0,1441.0,
38781,3591025,2125.0,0.0,0.0,0.0,1456.0,0.0,0.0,1456.0,
11948,3244399,445.0,0.0,0.0,0.0,249.0,0.0,0.0,249.0,
19361,2387140,1301.0,0.0,0.0,0.0,1163.0,0.0,0.0,1163.0,
11472,1076376,1563.0,0.0,0.0,0.0,1071.0,0.0,0.0,1071.0,
36270,3504063,457.0,0.0,0.0,0.0,340.0,0.0,0.0,340.0,
5853,1826406,774.0,0.0,0.0,0.0,324.0,0.0,0.0,324.0,
6416,3685374,2399.0,0.0,0.0,0.0,2142.0,0.0,0.0,2142.0,
6992,3358224,1090.0,0.0,0.0,0.0,862.0,0.0,0.0,862.0,
5848,3182961,1981.0,0.0,0.0,0.0,1777.0,0.0,0.0,1777.0,
11201,763309,1502.0,0.0,0.0,0.0,1246.0,0.0,0.0,1246.0,
5605,308927,2106.0,0.0,0.0,0.0,1740.0,0.0,0.0,1740.0,
4656,1600796,1134.0,0.0,0.0,0.0,952.0,0.0,0.0,952.0,
10615,3731593,22.0,0.0,0.0,0.0,12.0,0.0,0.0,12.0,
5884,323545,499.0,0.0,0.0,0.0,476.0,0.0,0.0,476.0,
5336,3565202,1747.0,0.0,0.0,0.0,1547.0,0.0,0.0,1547.0,
33018,3517451,1960.0,0.0,0.0,0.0,1839.0,0.0,0.0,1839.0,
9905,3948900,1966.0,0.0,0.0,0.0,1771.0,0.0,0.0,1771.0,
6846,757473,2218.0,0.0,2.0,0.09017132551848513,1775.0,1.0,0.056338028169014086,1776.0,
8733,1174778,521.0,0.0,0.0,0.0,145.0,0.0,0.0,145.0,
1676,1068861,757.0,0.0,0.0,0.0,550.0,0.0,0.0,550.0,
26630,2970861,428.0,0.0,0.0,0.0,254.0,0.0,0.0,254.0,
12142,1007654,715.0,0.0,0.0,0.0,328.0,0.0,0.0,328.0,
4256,1225925,1493.0,0.0,0.0,0.0,1343.0,0.0,0.0,1343.0,
10326,1203233,2219.0,0.0,0.0,0.0,2016.0,0.0,0.0,2016.0,
7697,2543421,1860.0,0.0,0.0,0.0,1673.0,0.0,0.0,1673.0,
9202,1781290,1538.0,0.0,0.0,0.0,1399.0,0.0,0.0,1399.0,
11972,805446,402.0,0.0,0.0,0.0,137.0,0.0,0.0,137.0,
5916,3880973,1798.0,0.0,0.0,0.0,1588.0,0.0,0.0,1588.0,
19023,3228834,1281.0,0.0,0.0,0.0,1143.0,0.0,0.0,1143.0,
5768,3207808,2146.0,0.0,0.0,0.0,1968.0,0.0,0.0,1968.0,
3252,3432014,2151.0,0.0,0.0,0.0,1945.0,0.0,0.0,1945.0,
4864,1355364,1956.0,0.0,0.0,0.0,1298.0,0.0,0.0,1298.0,
9862,884641,867.0,0.0,0.0,0.0,792.0,0.0,0.0,792.0,
9791,1185487,1333.0,0.0,0.0,0.0,951.0,0.0,0.0,951.0,
38393,3578492,1992.0,0.0,0.0,0.0,1398.0,0.0,0.0,1398.0,
12049,1021062,1791.0,0.0,0.0,0.0,1440.0,0.0,0.0,1440.0,
24914,3623341,259.0,0.0,0.0,0.0,224.0,0.0,0.0,224.0,
3766,1824029,2054.0,0.0,0.0,0.0,1825.0,0.0,0.0,1825.0,
6766,407627,939.0,0.0,0.0,0.0,802.0,0.0,0.0,802.0,
13759,1178393,53.0,0.0,0.0,0.0,45.0,0.0,0.0,45.0,
11781,829128,1334.0,0.0,0.0,0.0,1106.0,0.0,0.0,1106.0,
4255,234259,1230.0,0.0,0.0,0.0,1121.0,0.0,0.0,1121.0,
5439,3282515,1841.0,0.0,0.0,0.0,1645.0,0.0,0.0,1645.0,
3964,217396,1538.0,0.0,0.0,0.0,1266.0,0.0,0.0,1266.0,
11948,3453197,280.0,0.0,0.0,0.0,183.0,0.0,0.0,183.0,
12142,1021678,595.0,0.0,0.0,0.0,303.0,0.0,0.0,303.0,
9313,3209551,1641.0,0.0,0.0,0.0,1514.0,0.0,0.0,1514.0,
19428,3003878,2129.0,0.0,0.0,0.0,1851.0,0.0,0.0,1851.0,
4223,1197006,665.0,0.0,0.0,0.0,597.0,0.0,0.0,597.0,
24776,2139156,719.0,0.0,0.0,0.0,270.0,0.0,0.0,270.0,
12142,1975260,1340.0,0.0,0.0,0.0,515.0,0.0,0.0,515.0,
3974,1807755,1616.0,0.0,0.0,0.0,1473.0,0.0,0.0,1473.0,
4285,702983,2121.0,0.0,0.0,0.0,1918.0,0.0,0.0,1918.0,
7660,1795303,2108.0,0.0,0.0,0.0,1897.0,0.0,0.0,1897.0,
10998,2540185,2663.0,0.0,0.0,0.0,2300.0,0.0,0.0,2300.0,
39026,3531820,1820.0,0.0,0.0,0.0,1453.0,0.0,0.0,1453.0,
14209,1835437,821.0,0.0,0.0,0.0,512.0,0.0,0.0,512.0,
5767,315784,709.0,0.0,0.0,0.0,505.0,0.0,0.0,505.0,
4246,3520631,1614.0,0.0,0.0,0.0,1451.0,0.0,0.0,1451.0,
21165,3324807,171.0,0.0,0.0,0.0,157.0,0.0,0.0,157.0,
5902,1421096,2293.0,0.0,0.0,0.0,1768.0,0.0,0.0,1768.0,
4216,232492,763.0,0.0,0.0,0.0,686.0,0.0,0.0,686.0,
4625,3872282,2063.0,0.0,0.0,0.0,1768.0,0.0,0.0,1768.0,
10440,3765142,1789.0,0.0,0.0,0.0,1581.0,0.0,0.0,1581.0,
7453,3685926,2196.0,0.0,0.0,0.0,1934.0,0.0,0.0,1934.0,
19071,1184797,490.0,0.0,0.0,0.0,460.0,0.0,0.0,460.0,
5691,1182906,153.0,0.0,0.0,0.0,99.0,0.0,0.0,99.0,
6013,493405,423.0,0.0,0.0,0.0,321.0,0.0,0.0,321.0,
23914,1957379,1566.0,0.0,0.0,0.0,1461.0,0.0,0.0,1461.0,
8378,1274667,823.0,0.0,0.0,0.0,409.0,0.0,0.0,409.0,
13218,3040496,1988.0,0.0,0.0,0.0,1538.0,0.0,0.0,1538.0,
6993,1798153,801.0,0.0,0.0,0.0,756.0,0.0,0.0,756.0,
7481,2995457,633.0,0.0,0.0,0.0,556.0,0.0,0.0,556.0,
7095,901325,2185.0,0.0,0.0,0.0,1876.0,0.0,0.0,1876.0,
8563,2634933,2180.0,0.0,0.0,0.0,2022.0,0.0,0.0,2022.0,
9278,3468026,1522.0,0.0,0.0,0.0,1367.0,0.0,0.0,1367.0,
20593,1547941,45.0,0.0,0.0,0.0,26.0,0.0,0.0,26.0,
9173,658124,1604.0,0.0,0.0,0.0,375.0,0.0,0.0,375.0,
19683,1844304,700.0,0.0,0.0,0.0,181.0,0.0,0.0,181.0,
4894,272738,533.0,0.0,0.0,0.0,177.0,0.0,0.0,177.0,
4291,235640,1155.0,0.0,0.0,0.0,995.0,0.0,0.0,995.0,
25284,3294697,1241.0,0.0,0.0,0.0,1026.0,0.0,0.0,1026.0,
19062,2016461,2278.0,0.0,0.0,0.0,2046.0,0.0,0.0,2046.0,
4233,233180,1768.0,0.0,0.0,0.0,1388.0,0.0,0.0,1388.0,
13555,1056099,54.0,0.0,0.0,0.0,30.0,0.0,0.0,30.0,
5587,3052784,758.0,0.0,0.0,0.0,663.0,0.0,0.0,663.0,
6098,1198320,1685.0,0.0,0.0,0.0,1504.0,0.0,0.0,1504.0,
4724,3816959,1775.0,0.0,0.0,0.0,1604.0,0.0,0.0,1604.0,
24776,2191862,914.0,0.0,0.0,0.0,280.0,0.0,0.0,280.0,
6563,398047,1471.0,0.0,0.0,0.0,1247.0,0.0,0.0,1247.0,
11959,897282,621.0,0.0,0.0,0.0,559.0,0.0,0.0,559.0,
11948,1545616,120.0,0.0,0.0,0.0,50.0,0.0,0.0,50.0,
19683,2237808,562.0,0.0,0.0,0.0,311.0,0.0,0.0,311.0,
4672,1203737,1310.0,0.0,0.0,0.0,1100.0,0.0,0.0,1100.0,
9086,3040924,445.0,0.0,0.0,0.0,131.0,0.0,0.0,131.0,
7815,493101,282.0,0.0,0.0,0.0,274.0,0.0,0.0,274.0,
6119,1192050,2264.0,0.0,0.0,0.0,1958.0,0.0,0.0,1958.0,
9349,2127109,2069.0,0.0,0.0,0.0,1551.0,0.0,0.0,1551.0,
14255,3265077,785.0,0.0,0.0,0.0,582.0,0.0,0.0,582.0,
24694,2406390,485.0,0.0,0.0,0.0,326.0,0.0,0.0,326.0,
7945,571673,1705.0,0.0,0.0,0.0,1575.0,0.0,0.0,1575.0,
4348,1338870,1241.0,0.0,0.0,0.0,979.0,0.0,0.0,979.0,
31392,2756233,407.0,0.0,0.0,0.0,272.0,0.0,0.0,272.0,
5454,3847348,774.0,0.0,0.0,0.0,630.0,0.0,0.0,630.0,
4519,251529,820.0,0.0,0.0,0.0,742.0,0.0,0.0,742.0,
3997,2940220,2097.0,0.0,0.0,0.0,1908.0,0.0,0.0,1908.0,
5348,2551629,1897.0,0.0,0.0,0.0,1550.0,0.0,0.0,1550.0,
5807,2941277,2242.0,0.0,0.0,0.0,1881.0,0.0,0.0,1881.0,
3914,1044656,28.0,0.0,0.0,0.0,15.0,0.0,0.0,15.0,
26352,2223557,671.0,0.0,0.0,0.0,412.0,0.0,0.0,412.0,
24086,2363894,392.0,0.0,0.0,0.0,239.0,0.0,0.0,239.0,
7955,1210616,1223.0,0.0,0.0,0.0,1117.0,0.0,0.0,1117.0,
4315,693620,1306.0,0.0,0.0,0.0,1106.0,0.0,0.0,1106.0,
93514,3625431,91.0,0.0,0.0,0.0,64.0,0.0,0.0,64.0,
4545,2544018,870.0,0.0,0.0,0.0,815.0,0.0,0.0,815.0,
45426,3383245,39.0,0.0,0.0,0.0,30.0,0.0,0.0,30.0,
24776,2363521,869.0,0.0,0.0,0.0,264.0,0.0,0.0,264.0,
21547,3327521,440.0,0.0,0.0,0.0,405.0,0.0,0.0,405.0,
11726,2426268,754.0,0.0,0.0,0.0,627.0,0.0,0.0,627.0,
24776,2166036,1350.0,0.0,0.0,0.0,538.0,0.0,0.0,538.0,
26170,2034015,325.0,0.0,0.0,0.0,219.0,0.0,0.0,219.0,
9587,3676755,1876.0,0.0,0.0,0.0,1664.0,0.0,0.0,1664.0,
14054,3750932,2050.0,0.0,0.0,0.0,1784.0,0.0,0.0,1784.0,
12142,833010,147.0,0.0,0.0,0.0,114.0,0.0,0.0,114.0,
10206,1244126,296.0,0.0,0.0,0.0,231.0,0.0,0.0,231.0,
5588,3266255,1875.0,0.0,0.0,0.0,1717.0,0.0,0.0,1717.0,
26630,2970857,332.0,0.0,0.0,0.0,216.0,0.0,0.0,216.0,
3918,3827979,1655.0,0.0,0.0,0.0,1553.0,0.0,0.0,1553.0,
16114,1796354,2004.0,0.0,0.0,0.0,1801.0,0.0,0.0,1801.0,
5980,1188625,502.0,0.0,0.0,0.0,463.0,0.0,0.0,463.0,
4089,3821458,1380.0,0.0,0.0,0.0,1263.0,0.0,0.0,1263.0,
8146,3097811,1817.0,0.0,0.0,0.0,1672.0,0.0,0.0,1672.0,
9540,734563,1890.0,0.0,0.0,0.0,1562.0,0.0,0.0,1562.0,
12055,3974699,890.0,0.0,0.0,0.0,786.0,0.0,0.0,786.0,
5515,3557875,1788.0,0.0,0.0,0.0,1697.0,0.0,0.0,1697.0,
5917,3859112,1692.0,0.0,0.0,0.0,1447.0,0.0,0.0,1447.0,
26779,3928742,1047.0,0.0,0.0,0.0,902.0,0.0,0.0,902.0,
9389,3763227,2401.0,0.0,0.0,0.0,1932.0,0.0,0.0,1932.0,
11958,2788832,1970.0,0.0,1.0,0.050761421319796954,1859.0,1.0,0.05379236148466918,1860.0,
8213,3607687,1473.0,0.0,0.0,0.0,1322.0,0.0,0.0,1322.0,
4671,260140,966.0,0.0,0.0,0.0,814.0,0.0,0.0,814.0,
6442,1201293,2250.0,0.0,1.0,0.044444444444444446,2011.0,1.0,0.04972650422675286,2012.0,
29873,2372278,1773.0,0.0,0.0,0.0,1564.0,0.0,0.0,1564.0,
6335,775373,235.0,0.0,0.0,0.0,214.0,0.0,0.0,214.0,
6224,1830372,1770.0,0.0,0.0,0.0,1628.0,0.0,0.0,1628.0,
19504,1276753,2196.0,0.0,0.0,0.0,1903.0,0.0,0.0,1903.0,
6731,3453324,1219.0,0.0,0.0,0.0,324.0,0.0,0.0,324.0,
13876,1564361,2034.0,0.0,0.0,0.0,1909.0,0.0,0.0,1909.0,
10351,3600904,2071.0,0.0,0.0,0.0,1894.0,0.0,0.0,1894.0,
4016,217392,1221.0,0.0,0.0,0.0,362.0,0.0,0.0,362.0,
4596,2826128,1818.0,0.0,0.0,0.0,1692.0,0.0,0.0,1692.0,
5021,1805257,1763.0,0.0,0.0,0.0,1572.0,0.0,0.0,1572.0,
23416,3418940,1659.0,0.0,0.0,0.0,1405.0,0.0,0.0,1405.0,
26789,1871734,451.0,0.0,0.0,0.0,294.0,0.0,0.0,294.0,
4504,1228554,1775.0,0.0,0.0,0.0,1615.0,0.0,0.0,1615.0,
14881,2710903,1225.0,0.0,0.0,0.0,1132.0,0.0,0.0,1132.0,
11875,869826,1942.0,0.0,0.0,0.0,1805.0,0.0,0.0,1805.0,
5862,637505,2061.0,0.0,0.0,0.0,1723.0,0.0,0.0,1723.0,
25298,3617502,2347.0,0.0,0.0,0.0,2040.0,0.0,0.0,2040.0,
8960,603032,2009.0,0.0,0.0,0.0,1587.0,0.0,0.0,1587.0,
10244,697050,1309.0,0.0,0.0,0.0,1190.0,0.0,0.0,1190.0,
6020,1196565,1410.0,0.0,0.0,0.0,1286.0,0.0,0.0,1286.0,
7121,2958571,971.0,0.0,0.0,0.0,865.0,0.0,0.0,865.0,
4479,3418203,1159.0,0.0,0.0,0.0,306.0,0.0,0.0,306.0,
4246,235396,1600.0,0.0,0.0,0.0,1420.0,0.0,0.0,1420.0,
19060,1480194,2044.0,0.0,0.0,0.0,1712.0,0.0,0.0,1712.0,
36008,2774487,543.0,0.0,0.0,0.0,272.0,0.0,0.0,272.0,
5184,3674535,1677.0,0.0,0.0,0.0,1571.0,0.0,0.0,1571.0,
7404,3085954,2251.0,0.0,0.0,0.0,2072.0,0.0,0.0,2072.0,
13115,975180,334.0,0.0,0.0,0.0,203.0,0.0,0.0,203.0,
6495,3471440,1638.0,0.0,0.0,0.0,1510.0,0.0,0.0,1510.0,
4653,259291,2219.0,0.0,0.0,0.0,1648.0,0.0,0.0,1648.0,
45426,3395743,1130.0,0.0,0.0,0.0,839.0,0.0,0.0,839.0,
13263,2775925,1665.0,0.0,0.0,0.0,1432.0,0.0,0.0,1432.0,
4872,2790246,1900.0,0.0,0.0,0.0,1736.0,0.0,0.0,1736.0,
25144,1989905,1868.0,0.0,0.0,0.0,1730.0,0.0,0.0,1730.0,
5587,3710115,1805.0,0.0,0.0,0.0,1681.0,0.0,0.0,1681.0,
5429,3830878,1195.0,0.0,0.0,0.0,705.0,0.0,0.0,705.0,
4656,755093,1444.0,0.0,0.0,0.0,1196.0,0.0,0.0,1196.0,
4310,3879409,1992.0,0.0,0.0,0.0,1785.0,0.0,0.0,1785.0,
4599,3804601,1482.0,0.0,0.0,0.0,1303.0,0.0,0.0,1303.0,
16248,3631055,1908.0,0.0,0.0,0.0,1727.0,0.0,0.0,1727.0,
7019,3473670,1129.0,0.0,0.0,0.0,946.0,0.0,0.0,946.0,
4345,2253820,1592.0,0.0,0.0,0.0,1426.0,0.0,0.0,1426.0,
5021,3057240,1495.0,0.0,0.0,0.0,1350.0,0.0,0.0,1350.0,
4720,1816464,1694.0,0.0,0.0,0.0,1517.0,0.0,0.0,1517.0,
37715,3000480,1997.0,0.0,0.0,0.0,1592.0,0.0,0.0,1592.0,
6713,1917196,1934.0,0.0,0.0,0.0,1665.0,0.0,0.0,1665.0,
9702,1167546,774.0,0.0,0.0,0.0,676.0,0.0,0.0,676.0,
9019,681596,1735.0,0.0,0.0,0.0,1329.0,0.0,0.0,1329.0,
10851,739851,1167.0,0.0,0.0,0.0,334.0,0.0,0.0,334.0,
5166,3945506,1909.0,0.0,0.0,0.0,1780.0,0.0,0.0,1780.0,
18621,1903354,2117.0,0.0,0.0,0.0,1516.0,0.0,0.0,1516.0,
5815,1890894,1246.0,0.0,0.0,0.0,1148.0,0.0,0.0,1148.0,
24914,3623318,318.0,0.0,0.0,0.0,268.0,0.0,0.0,268.0,
18350,1277014,1080.0,0.0,0.0,0.0,816.0,0.0,0.0,816.0,
6999,1876702,1436.0,0.0,0.0,0.0,1197.0,0.0,0.0,1197.0,
4387,567075,1424.0,0.0,0.0,0.0,1255.0,0.0,0.0,1255.0,
5039,1012541,1879.0,0.0,0.0,0.0,1710.0,0.0,0.0,1710.0,
4281,235129,526.0,0.0,0.0,0.0,427.0,0.0,0.0,427.0,
24127,1471966,305.0,0.0,0.0,0.0,189.0,0.0,0.0,189.0,
4139,1822955,1499.0,0.0,0.0,0.0,1355.0,0.0,0.0,1355.0,
1676,1132724,804.0,0.0,0.0,0.0,624.0,0.0,0.0,624.0,
5516,3025429,2232.0,0.0,0.0,0.0,2018.0,0.0,0.0,2018.0,
4805,3427701,1860.0,0.0,0.0,0.0,1754.0,0.0,0.0,1754.0,
3948,208519,1852.0,0.0,0.0,0.0,1686.0,0.0,0.0,1686.0,
7964,1227981,1768.0,0.0,0.0,0.0,1600.0,0.0,0.0,1600.0,
16228,1513667,2254.0,0.0,0.0,0.0,1999.0,0.0,0.0,1999.0,
1676,2315429,166.0,0.0,0.0,0.0,130.0,0.0,0.0,130.0,
5406,2543441,2170.0,0.0,0.0,0.0,1796.0,0.0,0.0,1796.0,
19683,1429499,1202.0,0.0,0.0,0.0,594.0,0.0,0.0,594.0,
93053,3445592,288.0,0.0,0.0,0.0,218.0,0.0,0.0,218.0,
45426,3620211,1106.0,0.0,0.0,0.0,851.0,0.0,0.0,851.0,
4248,3474912,1788.0,0.0,0.0,0.0,1643.0,0.0,0.0,1643.0,
5588,2163903,811.0,0.0,0.0,0.0,327.0,0.0,0.0,327.0,
20570,3673515,2042.0,0.0,0.0,0.0,1500.0,0.0,0.0,1500.0,
3978,3642350,2022.0,0.0,0.0,0.0,1854.0,0.0,0.0,1854.0,
21920,3949078,1103.0,0.0,0.0,0.0,274.0,0.0,0.0,274.0,
3825,2431176,926.0,0.0,0.0,0.0,806.0,0.0,0.0,806.0,
1676,974387,634.0,0.0,0.0,0.0,443.0,0.0,0.0,443.0,
28370,2368230,611.0,0.0,0.0,0.0,200.0,0.0,0.0,200.0,
25988,3037154,304.0,0.0,0.0,0.0,213.0,0.0,0.0,213.0,
4625,1876222,1438.0,0.0,0.0,0.0,1229.0,0.0,0.0,1229.0,
27430,2549177,457.0,0.0,0.0,0.0,236.0,0.0,0.0,236.0,
5948,351418,2160.0,0.0,0.0,0.0,2004.0,0.0,0.0,2004.0,
4516,1828157,1838.0,0.0,0.0,0.0,1600.0,0.0,0.0,1600.0,
9366,1926844,445.0,0.0,0.0,0.0,407.0,0.0,0.0,407.0,
4510,251147,526.0,0.0,0.0,0.0,478.0,0.0,0.0,478.0,
8617,2361281,2053.0,0.0,0.0,0.0,1664.0,0.0,0.0,1664.0,
4466,1228337,1791.0,0.0,0.0,0.0,1678.0,0.0,0.0,1678.0,
33420,3267847,867.0,0.0,0.0,0.0,565.0,0.0,0.0,565.0,
8385,3556652,1438.0,0.0,0.0,0.0,1287.0,0.0,0.0,1287.0,
19662,3288658,1891.0,0.0,0.0,0.0,1745.0,0.0,0.0,1745.0,
11957,1390808,2329.0,0.0,0.0,0.0,1795.0,0.0,0.0,1795.0,
5050,1216357,1147.0,0.0,0.0,0.0,1082.0,0.0,0.0,1082.0,
7129,737480,659.0,0.0,0.0,0.0,575.0,0.0,0.0,575.0,
7894,504696,1420.0,0.0,0.0,0.0,1242.0,0.0,0.0,1242.0,
4829,1879233,1212.0,0.0,0.0,0.0,998.0,0.0,0.0,998.0,
8828,3771894,2084.0,0.0,0.0,0.0,1707.0,0.0,0.0,1707.0,
4830,559640,1703.0,0.0,0.0,0.0,1426.0,0.0,0.0,1426.0,
4734,529851,1886.0,0.0,0.0,0.0,1416.0,0.0,0.0,1416.0,
16151,1091499,190.0,0.0,0.0,0.0,161.0,0.0,0.0,161.0,
9402,2982766,988.0,0.0,0.0,0.0,872.0,0.0,0.0,872.0,
9116,1223438,1029.0,0.0,0.0,0.0,948.0,0.0,0.0,948.0,
5395,1948979,2227.0,0.0,0.0,0.0,1947.0,0.0,0.0,1947.0,
5022,275882,1668.0,0.0,0.0,0.0,1563.0,0.0,0.0,1563.0,
4357,1567267,1828.0,0.0,0.0,0.0,1664.0,0.0,0.0,1664.0,
8784,579937,1926.0,0.0,0.0,0.0,1735.0,0.0,0.0,1735.0,
4231,1824246,1753.0,0.0,0.0,0.0,1644.0,0.0,0.0,1644.0,
10615,726752,2019.0,0.0,0.0,0.0,1684.0,0.0,0.0,1684.0,
4769,3349661,402.0,0.0,0.0,0.0,293.0,0.0,0.0,293.0,
9750,3485786,1799.0,0.0,0.0,0.0,1662.0,0.0,0.0,1662.0,
6304,3798582,1885.0,0.0,0.0,0.0,1684.0,0.0,0.0,1684.0,
7172,3186657,1960.0,0.0,0.0,0.0,1678.0,0.0,0.0,1678.0,
4532,3432294,1929.0,0.0,0.0,0.0,1825.0,0.0,0.0,1825.0,
5126,3788254,1679.0,0.0,0.0,0.0,1396.0,0.0,0.0,1396.0,
21165,1718975,221.0,0.0,0.0,0.0,162.0,0.0,0.0,162.0,
36011,3026403,2568.0,0.0,0.0,0.0,1990.0,0.0,0.0,1990.0,
2447,2177115,1049.0,0.0,0.0,0.0,755.0,0.0,0.0,755.0,
25622,3944017,22.0,0.0,0.0,0.0,18.0,0.0,0.0,18.0,
4683,1236668,1253.0,0.0,0.0,0.0,1190.0,0.0,0.0,1190.0,
1213,3977262,155.0,0.0,0.0,0.0,115.0,0.0,0.0,115.0,
11224,764904,1209.0,0.0,0.0,0.0,1034.0,0.0,0.0,1034.0,
7210,1822633,1137.0,0.0,0.0,0.0,1061.0,0.0,0.0,1061.0,
9349,3062179,1492.0,0.0,0.0,0.0,1294.0,0.0,0.0,1294.0,
18692,1141788,300.0,0.0,0.0,0.0,84.0,0.0,0.0,84.0,
5405,1918287,1853.0,0.0,0.0,0.0,1725.0,0.0,0.0,1725.0,
5516,1966902,1302.0,0.0,0.0,0.0,1129.0,0.0,0.0,1129.0,
36008,2765828,693.0,0.0,0.0,0.0,353.0,0.0,0.0,353.0,
6020,3798699,1820.0,0.0,0.0,0.0,1688.0,0.0,0.0,1688.0,
30290,2338135,1681.0,0.0,0.0,0.0,1438.0,0.0,0.0,1438.0,
11948,1007745,319.0,0.0,0.0,0.0,193.0,0.0,0.0,193.0,
5022,2782663,1012.0,0.0,0.0,0.0,924.0,0.0,0.0,924.0,
4139,2305534,2103.0,0.0,0.0,0.0,2002.0,0.0,0.0,2002.0,
4846,2182294,2179.0,0.0,0.0,0.0,1805.0,0.0,0.0,1805.0,
38892,3477183,1931.0,0.0,0.0,0.0,1577.0,0.0,0.0,1577.0,
26779,3759962,2413.0,0.0,0.0,0.0,1994.0,0.0,0.0,1994.0,
7894,692441,1737.0,0.0,0.0,0.0,1485.0,0.0,0.0,1485.0,
10353,1785118,1521.0,0.0,0.0,0.0,1434.0,0.0,0.0,1434.0,
3625,308290,62.0,0.0,0.0,0.0,43.0,0.0,0.0,43.0,
9539,3641149,1945.0,0.0,0.0,0.0,1804.0,0.0,0.0,1804.0,
1676,1236040,332.0,0.0,0.0,0.0,198.0,0.0,0.0,198.0,
4755,1788846,870.0,0.0,0.0,0.0,751.0,0.0,0.0,751.0,
9898,2582690,1604.0,0.0,0.0,0.0,1431.0,0.0,0.0,1431.0,
5190,3494708,1677.0,0.0,0.0,0.0,1567.0,0.0,0.0,1567.0,
4779,3526157,1922.0,0.0,0.0,0.0,1737.0,0.0,0.0,1737.0,
4116,1823205,1707.0,0.0,0.0,0.0,1610.0,0.0,0.0,1610.0,
30272,3040215,1166.0,0.0,0.0,0.0,1059.0,0.0,0.0,1059.0,
4513,2488619,2387.0,0.0,0.0,0.0,2188.0,0.0,0.0,2188.0,
9830,1016562,351.0,0.0,0.0,0.0,325.0,0.0,0.0,325.0,
5911,1910991,1353.0,0.0,0.0,0.0,1109.0,0.0,0.0,1109.0,
37576,3653785,1287.0,0.0,0.0,0.0,931.0,0.0,0.0,931.0,
6190,3969259,697.0,0.0,0.0,0.0,566.0,0.0,0.0,566.0,
4018,217588,965.0,0.0,0.0,0.0,807.0,0.0,0.0,807.0,
41427,3658461,20.0,0.0,0.0,0.0,12.0,0.0,0.0,12.0,
5192,2498927,1364.0,0.0,0.0,0.0,1207.0,0.0,0.0,1207.0,
32367,3483418,1877.0,0.0,0.0,0.0,1647.0,0.0,0.0,1647.0,
24069,1944425,657.0,0.0,0.0,0.0,499.0,0.0,0.0,499.0,
27875,2786832,77.0,0.0,0.0,0.0,51.0,0.0,0.0,51.0,
5126,3593403,1755.0,0.0,0.0,0.0,1391.0,0.0,0.0,1391.0,
10129,689706,1199.0,0.0,0.0,0.0,946.0,0.0,0.0,946.0,
4283,240631,1670.0,0.0,0.0,0.0,1567.0,0.0,0.0,1567.0,
28370,3592424,1095.0,0.0,0.0,0.0,328.0,0.0,0.0,328.0,
10433,1823074,1936.0,0.0,0.0,0.0,1753.0,0.0,0.0,1753.0,
4612,2974436,1236.0,0.0,0.0,0.0,1007.0,0.0,0.0,1007.0,
23364,1481385,718.0,0.0,0.0,0.0,599.0,0.0,0.0,599.0,
6666,402622,1277.0,0.0,0.0,0.0,360.0,0.0,0.0,360.0,
36008,2824180,1067.0,0.0,0.0,0.0,481.0,0.0,0.0,481.0,
29282,3787177,1678.0,0.0,0.0,0.0,1532.0,0.0,0.0,1532.0,
4451,1826387,1431.0,0.0,0.0,0.0,1226.0,0.0,0.0,1226.0,
4893,3946538,1571.0,0.0,0.0,0.0,1494.0,0.0,0.0,1494.0,
11948,1496407,633.0,0.0,0.0,0.0,444.0,0.0,0.0,444.0,
28163,2923206,964.0,0.0,0.0,0.0,609.0,0.0,0.0,609.0,
5947,2433225,2349.0,0.0,0.0,0.0,2082.0,0.0,0.0,2082.0,
7175,3584096,1928.0,0.0,0.0,0.0,1799.0,0.0,0.0,1799.0,
12600,1204261,1734.0,0.0,0.0,0.0,1607.0,0.0,0.0,1607.0,
4624,1203805,1696.0,0.0,0.0,0.0,1489.0,0.0,0.0,1489.0,
28370,3618662,1558.0,0.0,0.0,0.0,429.0,0.0,0.0,429.0,
11523,2940733,337.0,0.0,0.0,0.0,230.0,0.0,0.0,230.0,
23413,3786905,1256.0,0.0,0.0,0.0,999.0,0.0,0.0,999.0,
28370,3197200,257.0,0.0,0.0,0.0,134.0,0.0,0.0,134.0,
7362,2078685,1858.0,0.0,0.0,0.0,1649.0,0.0,0.0,1649.0,
5874,323699,2498.0,0.0,0.0,0.0,2014.0,0.0,0.0,2014.0,
8522,3808670,2197.0,0.0,0.0,0.0,2009.0,0.0,0.0,2009.0,
7681,2303703,1686.0,0.0,0.0,0.0,1458.0,0.0,0.0,1458.0,
4890,2945995,1617.0,0.0,0.0,0.0,1501.0,0.0,0.0,1501.0,
4275,3900821,1417.0,0.0,0.0,0.0,1283.0,0.0,0.0,1283.0,
9349,903886,2309.0,0.0,0.0,0.0,1956.0,0.0,0.0,1956.0,
6224,1817899,2028.0,0.0,0.0,0.0,1854.0,0.0,0.0,1854.0,
30287,2734972,2287.0,0.0,0.0,0.0,2155.0,0.0,0.0,2155.0,
4056,606781,1735.0,0.0,0.0,0.0,1579.0,0.0,0.0,1579.0,
103881,3734680,332.0,0.0,0.0,0.0,211.0,0.0,0.0,211.0,
4816,1788639,1722.0,0.0,0.0,0.0,1586.0,0.0,0.0,1586.0,
3790,1813805,1659.0,0.0,0.0,0.0,1551.0,0.0,0.0,1551.0,
4306,3408281,2061.0,0.0,0.0,0.0,1883.0,0.0,0.0,1883.0,
2375,941753,359.0,0.0,0.0,0.0,298.0,0.0,0.0,298.0,
6333,1467474,2347.0,0.0,0.0,0.0,1881.0,0.0,0.0,1881.0,
16180,1048094,495.0,0.0,0.0,0.0,301.0,0.0,0.0,301.0,
11948,900626,26.0,0.0,0.0,0.0,22.0,0.0,0.0,22.0,
12196,3432167,2070.0,0.0,0.0,0.0,1797.0,0.0,0.0,1797.0,
3949,3744641,1892.0,0.0,0.0,0.0,1582.0,0.0,0.0,1582.0,
6329,644240,2292.0,0.0,0.0,0.0,2005.0,0.0,0.0,2005.0,
24069,1667949,453.0,0.0,0.0,0.0,391.0,0.0,0.0,391.0,
11948,889376,285.0,0.0,0.0,0.0,162.0,0.0,0.0,162.0,
9603,1965493,845.0,0.0,0.0,0.0,707.0,0.0,0.0,707.0,
12082,2821231,988.0,0.0,0.0,0.0,900.0,0.0,0.0,900.0,
7468,472516,1647.0,0.0,0.0,0.0,1442.0,0.0,0.0,1442.0,
4546,3477279,2153.0,0.0,0.0,0.0,1789.0,0.0,0.0,1789.0,
3783,3542556,1812.0,0.0,0.0,0.0,1680.0,0.0,0.0,1680.0,
4348,2712858,1263.0,0.0,0.0,0.0,1027.0,0.0,0.0,1027.0,
19041,2360829,2181.0,0.0,0.0,0.0,1960.0,0.0,0.0,1960.0,
3189,1214135,310.0,0.0,0.0,0.0,242.0,0.0,0.0,242.0,
4255,3937256,1353.0,0.0,0.0,0.0,1271.0,0.0,0.0,1271.0,
4538,794744,2399.0,0.0,0.0,0.0,2068.0,0.0,0.0,2068.0,
6493,3144997,2024.0,0.0,0.0,0.0,1800.0,0.0,0.0,1800.0,
13324,1067025,196.0,0.0,0.0,0.0,65.0,0.0,0.0,65.0,
9220,1209418,328.0,0.0,0.0,0.0,300.0,0.0,0.0,300.0,
9299,3800972,2246.0,0.0,0.0,0.0,1980.0,0.0,0.0,1980.0,
10481,712244,2460.0,0.0,0.0,0.0,1991.0,0.0,0.0,1991.0,
6483,416618,1832.0,0.0,0.0,0.0,1531.0,0.0,0.0,1531.0,
103881,3734446,593.0,0.0,0.0,0.0,396.0,0.0,0.0,396.0,
4015,217316,1998.0,0.0,0.0,0.0,1556.0,0.0,0.0,1556.0,
9007,1012705,1214.0,0.0,0.0,0.0,1041.0,0.0,0.0,1041.0,
18903,3163821,2179.0,0.0,0.0,0.0,1886.0,0.0,0.0,1886.0,
5217,3908127,1673.0,0.0,0.0,0.0,1515.0,0.0,0.0,1515.0,
9022,613073,1405.0,0.0,0.0,0.0,1203.0,0.0,0.0,1203.0,
5111,3121667,1697.0,0.0,0.0,0.0,1532.0,0.0,0.0,1532.0,
5967,3718967,2016.0,0.0,0.0,0.0,1778.0,0.0,0.0,1778.0,
45426,3410250,892.0,0.0,0.0,0.0,678.0,0.0,0.0,678.0,
24826,3190922,1871.0,0.0,0.0,0.0,1743.0,0.0,0.0,1743.0,
7141,3007700,1303.0,0.0,0.0,0.0,1211.0,0.0,0.0,1211.0,
10206,3531286,386.0,0.0,0.0,0.0,310.0,0.0,0.0,310.0,
6807,3548321,1957.0,0.0,0.0,0.0,1737.0,0.0,0.0,1737.0,
4808,3691611,1645.0,0.0,0.0,0.0,1512.0,0.0,0.0,1512.0,
8733,1487999,1913.0,0.0,0.0,0.0,527.0,0.0,0.0,527.0,
6238,3437877,2130.0,0.0,0.0,0.0,1937.0,0.0,0.0,1937.0,
21165,1647267,256.0,0.0,0.0,0.0,226.0,0.0,0.0,226.0,
8905,3111886,1750.0,0.0,0.0,0.0,1523.0,0.0,0.0,1523.0,
18975,1827257,1645.0,0.0,0.0,0.0,1415.0,0.0,0.0,1415.0,
1676,2327734,940.0,0.0,0.0,0.0,721.0,0.0,0.0,721.0,
11840,1783008,585.0,0.0,0.0,0.0,505.0,0.0,0.0,505.0,
8423,1225491,1619.0,0.0,0.0,0.0,1470.0,0.0,0.0,1470.0,
3931,2498519,1722.0,0.0,0.0,0.0,1545.0,0.0,0.0,1545.0,
5898,1203603,1867.0,0.0,0.0,0.0,1676.0,0.0,0.0,1676.0,
16315,2571968,2115.0,0.0,0.0,0.0,1935.0,0.0,0.0,1935.0,
3337,377153,237.0,0.0,0.0,0.0,163.0,0.0,0.0,163.0,
5804,2670788,1274.0,0.0,0.0,0.0,1140.0,0.0,0.0,1140.0,
4285,2141356,845.0,0.0,0.0,0.0,775.0,0.0,0.0,775.0,
7481,3792495,955.0,0.0,0.0,0.0,841.0,0.0,0.0,841.0,
24069,1540943,675.0,0.0,0.0,0.0,548.0,0.0,0.0,548.0,
7894,507838,1561.0,0.0,0.0,0.0,1318.0,0.0,0.0,1318.0,
8979,3064154,757.0,0.0,0.0,0.0,621.0,0.0,0.0,621.0,
1676,2316758,847.0,0.0,0.0,0.0,639.0,0.0,0.0,639.0,
6582,3259003,1864.0,0.0,0.0,0.0,1665.0,0.0,0.0,1665.0,
37151,3622067,774.0,0.0,0.0,0.0,582.0,0.0,0.0,582.0,
36323,3218892,339.0,0.0,0.0,0.0,192.0,0.0,0.0,192.0,
5432,1076133,2436.0,0.0,0.0,0.0,2174.0,0.0,0.0,2174.0,
5190,3309624,1514.0,0.0,0.0,0.0,1430.0,0.0,0.0,1430.0,
11948,3938316,459.0,0.0,0.0,0.0,301.0,0.0,0.0,301.0,
5324,287786,2296.0,0.0,0.0,0.0,1966.0,0.0,0.0,1966.0,
10753,3484408,1677.0,0.0,0.0,0.0,1386.0,0.0,0.0,1386.0,
4885,272078,875.0,0.0,0.0,0.0,743.0,0.0,0.0,743.0,
7742,490481,1093.0,0.0,0.0,0.0,883.0,0.0,0.0,883.0,
13324,3936327,970.0,0.0,0.0,0.0,367.0,0.0,0.0,367.0,
5667,889958,12.0,0.0,0.0,0.0,12.0,0.0,0.0,12.0,
9862,678623,512.0,0.0,0.0,0.0,437.0,0.0,0.0,437.0,
4003,2418595,515.0,0.0,0.0,0.0,368.0,0.0,0.0,368.0,
38461,3302342,2133.0,0.0,0.0,0.0,1649.0,0.0,0.0,1649.0,
4166,229060,967.0,0.0,0.0,0.0,890.0,0.0,0.0,890.0,
7836,3601963,1817.0,0.0,0.0,0.0,1684.0,0.0,0.0,1684.0,
4763,1831046,1105.0,0.0,0.0,0.0,1026.0,0.0,0.0,1026.0,
6455,3752696,2168.0,0.0,0.0,0.0,1892.0,0.0,0.0,1892.0,
9278,1809360,1277.0,0.0,0.0,0.0,1173.0,0.0,0.0,1173.0,
3625,2664904,509.0,0.0,0.0,0.0,363.0,0.0,0.0,363.0,
37572,3117784,406.0,0.0,0.0,0.0,330.0,0.0,0.0,330.0,
9231,741822,692.0,0.0,0.0,0.0,600.0,0.0,0.0,600.0,
24776,1880503,563.0,0.0,0.0,0.0,278.0,0.0,0.0,278.0,
3815,197501,164.0,0.0,0.0,0.0,140.0,0.0,0.0,140.0,
4241,2714663,1759.0,0.0,0.0,0.0,1555.0,0.0,0.0,1555.0,
3860,3419279,1700.0,0.0,0.0,0.0,1573.0,0.0,0.0,1573.0,
4900,1490377,431.0,0.0,0.0,0.0,322.0,0.0,0.0,322.0,
4353,3400840,1848.0,0.0,0.0,0.0,1671.0,0.0,0.0,1671.0,
1213,3275219,313.0,0.0,0.0,0.0,276.0,0.0,0.0,276.0,
28370,2114456,547.0,0.0,0.0,0.0,294.0,0.0,0.0,294.0,
2447,74123,338.0,0.0,0.0,0.0,227.0,0.0,0.0,227.0,
3864,3601568,1779.0,0.0,0.0,0.0,1586.0,0.0,0.0,1586.0,
7126,421742,644.0,0.0,0.0,0.0,556.0,0.0,0.0,556.0,
24086,2733881,622.0,0.0,0.0,0.0,344.0,0.0,0.0,344.0,
30272,3040219,801.0,0.0,0.0,0.0,743.0,0.0,0.0,743.0,
19173,1480120,1911.0,0.0,0.0,0.0,1709.0,0.0,0.0,1709.0,
6954,659276,2176.0,0.0,0.0,0.0,1604.0,0.0,0.0,1604.0,
11948,1850172,376.0,0.0,0.0,0.0,221.0,0.0,0.0,221.0,
11948,1449584,177.0,0.0,0.0,0.0,61.0,0.0,0.0,61.0,
13577,3582209,2230.0,0.0,0.0,0.0,1906.0,0.0,0.0,1906.0,
37572,3197903,359.0,0.0,0.0,0.0,278.0,0.0,0.0,278.0,
4465,1479684,1558.0,0.0,0.0,0.0,1394.0,0.0,0.0,1394.0,
22071,1394354,470.0,0.0,0.0,0.0,225.0,0.0,0.0,225.0,
6443,3816147,1802.0,0.0,0.0,0.0,1393.0,0.0,0.0,1393.0,
8802,1222291,2193.0,0.0,0.0,0.0,1944.0,0.0,0.0,1944.0,
3276,102267,1708.0,0.0,0.0,0.0,1326.0,0.0,0.0,1326.0,
4354,239395,1271.0,0.0,0.0,0.0,467.0,0.0,0.0,467.0,
6492,3376214,2033.0,0.0,0.0,0.0,1888.0,0.0,0.0,1888.0,
4142,1210768,1590.0,0.0,0.0,0.0,1505.0,0.0,0.0,1505.0,
23364,1497206,1321.0,0.0,0.0,0.0,1046.0,0.0,0.0,1046.0,
11948,3040209,279.0,0.0,0.0,0.0,153.0,0.0,0.0,153.0,
4271,3827488,2155.0,0.0,0.0,0.0,1900.0,0.0,0.0,1900.0,
6968,413579,863.0,0.0,0.0,0.0,763.0,0.0,0.0,763.0,
4232,1224743,688.0,0.0,0.0,0.0,623.0,0.0,0.0,623.0,
6101,2517108,2077.0,0.0,0.0,0.0,1699.0,0.0,0.0,1699.0,
7011,2791586,1930.0,0.0,0.0,0.0,1737.0,0.0,0.0,1737.0,
36521,3471572,361.0,0.0,0.0,0.0,170.0,0.0,0.0,170.0,
19811,1275901,589.0,0.0,0.0,0.0,444.0,0.0,0.0,444.0,
5083,1197439,1197.0,0.0,0.0,0.0,1017.0,0.0,0.0,1017.0,
5595,1797775,1909.0,0.0,0.0,0.0,1687.0,0.0,0.0,1687.0,
26736,2773863,1050.0,0.0,0.0,0.0,941.0,0.0,0.0,941.0,
5904,1531960,2123.0,0.0,0.0,0.0,1812.0,0.0,0.0,1812.0,
8365,3107483,1810.0,0.0,0.0,0.0,1633.0,0.0,0.0,1633.0,
5873,2539905,1917.0,0.0,0.0,0.0,1706.0,0.0,0.0,1706.0,
6239,3308501,1772.0,0.0,0.0,0.0,1619.0,0.0,0.0,1619.0,
3943,3667198,740.0,0.0,0.0,0.0,666.0,0.0,0.0,666.0,
7277,1313963,725.0,0.0,0.0,0.0,699.0,0.0,0.0,699.0,
5101,3395398,1278.0,0.0,0.0,0.0,1124.0,0.0,0.0,1124.0,
11963,2538673,2227.0,0.0,0.0,0.0,2017.0,0.0,0.0,2017.0,
4290,1061517,1644.0,0.0,0.0,0.0,1345.0,0.0,0.0,1345.0,
4841,2796113,1775.0,0.0,0.0,0.0,1556.0,0.0,0.0,1556.0,
8585,561242,1375.0,0.0,0.0,0.0,440.0,0.0,0.0,440.0,
21165,1316054,424.0,0.0,0.0,0.0,329.0,0.0,0.0,329.0,
10143,690885,552.0,0.0,0.0,0.0,438.0,0.0,0.0,438.0,
5835,1884389,928.0,0.0,0.0,0.0,734.0,0.0,0.0,734.0,
4623,1196702,1253.0,0.0,0.0,0.0,1113.0,0.0,0.0,1113.0,
3881,1382045,1780.0,0.0,0.0,0.0,1515.0,0.0,0.0,1515.0,
3826,1817985,1476.0,0.0,0.0,0.0,1372.0,0.0,0.0,1372.0,
3973,3394985,1557.0,0.0,0.0,0.0,1410.0,0.0,0.0,1410.0,
9340,644026,903.0,0.0,0.0,0.0,802.0,0.0,0.0,802.0,
24086,2364164,613.0,0.0,0.0,0.0,328.0,0.0,0.0,328.0,
7972,2955975,1038.0,0.0,0.0,0.0,855.0,0.0,0.0,855.0,
19118,3266028,2045.0,0.0,0.0,0.0,1919.0,0.0,0.0,1919.0,
7126,1220417,1591.0,0.0,0.0,0.0,1353.0,0.0,0.0,1353.0,
11113,3406047,2189.0,0.0,0.0,0.0,1959.0,0.0,0.0,1959.0,
37656,3280629,1175.0,0.0,0.0,0.0,364.0,0.0,0.0,364.0,
6913,3385536,2077.0,0.0,0.0,0.0,1702.0,0.0,0.0,1702.0,
8823,825070,1354.0,0.0,0.0,0.0,1202.0,0.0,0.0,1202.0,
11948,1762162,306.0,0.0,0.0,0.0,123.0,0.0,0.0,123.0,
7189,1225499,2099.0,0.0,0.0,0.0,1846.0,0.0,0.0,1846.0,
6277,369923,1628.0,0.0,0.0,0.0,1408.0,0.0,0.0,1408.0,
1435,1004258,123.0,0.0,0.0,0.0,88.0,0.0,0.0,88.0,
3552,263264,440.0,0.0,0.0,0.0,281.0,0.0,0.0,281.0,
4777,1212470,1570.0,0.0,0.0,0.0,1446.0,0.0,0.0,1446.0,
4724,1215945,1708.0,0.0,0.0,0.0,1519.0,0.0,0.0,1519.0,
10669,1332304,2194.0,0.0,0.0,0.0,707.0,0.0,0.0,707.0,
12197,3575794,879.0,0.0,0.0,0.0,764.0,0.0,0.0,764.0,
4649,1225059,1698.0,0.0,0.0,0.0,1528.0,0.0,0.0,1528.0,
12603,1429085,784.0,0.0,0.0,0.0,555.0,0.0,0.0,555.0,
24086,2364019,633.0,0.0,0.0,0.0,335.0,0.0,0.0,335.0,
4750,3635547,1982.0,0.0,0.0,0.0,1827.0,0.0,0.0,1827.0,
3000,298634,189.0,0.0,0.0,0.0,126.0,0.0,0.0,126.0,
38095,3415497,456.0,0.0,0.0,0.0,268.0,0.0,0.0,268.0,
37499,2980126,190.0,0.0,0.0,0.0,147.0,0.0,0.0,147.0,
7096,647310,1597.0,0.0,0.0,0.0,1361.0,0.0,0.0,1361.0,
9926,1196998,1778.0,0.0,0.0,0.0,1679.0,0.0,0.0,1679.0,
11944,1219093,2096.0,0.0,0.0,0.0,1896.0,0.0,0.0,1896.0,
5439,296689,1882.0,0.0,0.0,0.0,1684.0,0.0,0.0,1684.0,
8937,3785151,1633.0,0.0,0.0,0.0,1463.0,0.0,0.0,1463.0,
5848,2941256,1641.0,0.0,0.0,0.0,1508.0,0.0,0.0,1508.0,
28370,2121885,45.0,0.0,0.0,0.0,29.0,0.0,0.0,29.0,
7570,3405951,2019.0,0.0,0.0,0.0,1856.0,0.0,0.0,1856.0,
18819,3575948,1587.0,0.0,0.0,0.0,1486.0,0.0,0.0,1486.0,
5790,3193806,1680.0,0.0,0.0,0.0,1541.0,0.0,0.0,1541.0,
7918,3942767,1642.0,0.0,0.0,0.0,1367.0,0.0,0.0,1367.0,
6913,3624168,1869.0,0.0,0.0,0.0,1524.0,0.0,0.0,1524.0,
25274,2308070,746.0,0.0,0.0,0.0,695.0,0.0,0.0,695.0,
29792,3290408,363.0,0.0,0.0,0.0,259.0,0.0,0.0,259.0,
11948,3948955,630.0,0.0,0.0,0.0,371.0,0.0,0.0,371.0,
7684,490210,923.0,0.0,0.0,0.0,810.0,0.0,0.0,810.0,
12079,2368559,2426.0,0.0,0.0,0.0,2177.0,0.0,0.0,2177.0,
13187,1604818,2417.0,0.0,0.0,0.0,2019.0,0.0,0.0,2019.0,
24776,1776950,731.0,0.0,0.0,0.0,240.0,0.0,0.0,240.0,
5860,1901506,1647.0,0.0,0.0,0.0,1380.0,0.0,0.0,1380.0,
26329,2540632,1057.0,0.0,0.0,0.0,752.0,0.0,0.0,752.0,
19072,3625551,2247.0,0.0,0.0,0.0,1947.0,0.0,0.0,1947.0,
5775,2752456,1471.0,0.0,0.0,0.0,1374.0,0.0,0.0,1374.0,
27617,2549736,259.0,0.0,0.0,0.0,226.0,0.0,0.0,226.0,
7287,1829977,763.0,0.0,0.0,0.0,741.0,0.0,0.0,741.0,
6329,374828,1352.0,0.0,0.0,0.0,1194.0,0.0,0.0,1194.0,
21661,1341240,307.0,0.0,0.0,0.0,222.0,0.0,0.0,222.0,
10538,2473362,1994.0,0.0,0.0,0.0,1537.0,0.0,0.0,1537.0,
33144,2458181,151.0,0.0,0.0,0.0,83.0,0.0,0.0,83.0,
8971,1199202,1557.0,0.0,0.0,0.0,1353.0,0.0,0.0,1353.0,
11781,829219,1937.0,0.0,0.0,0.0,1517.0,0.0,0.0,1517.0,
5968,3718208,920.0,0.0,0.0,0.0,722.0,0.0,0.0,722.0,
7276,3610273,2127.0,0.0,0.0,0.0,1883.0,0.0,0.0,1883.0,
3930,3943467,1771.0,0.0,0.0,0.0,1499.0,0.0,0.0,1499.0,
4327,2249999,1669.0,0.0,0.0,0.0,1497.0,0.0,0.0,1497.0,
5166,3606969,1375.0,0.0,0.0,0.0,1247.0,0.0,0.0,1247.0,
5386,530099,23.0,0.0,0.0,0.0,12.0,0.0,0.0,12.0,
9176,3827678,2234.0,0.0,0.0,0.0,1914.0,0.0,0.0,1914.0,
5903,2556868,2204.0,0.0,0.0,0.0,2005.0,0.0,0.0,2005.0,
14255,3234833,290.0,0.0,0.0,0.0,227.0,0.0,0.0,227.0,
11948,2936574,927.0,0.0,0.0,0.0,436.0,0.0,0.0,436.0,
3966,208868,2078.0,0.0,0.0,0.0,1829.0,0.0,0.0,1829.0,
7922,683926,1499.0,0.0,0.0,0.0,1266.0,0.0,0.0,1266.0,
4734,3560207,2011.0,0.0,0.0,0.0,1840.0,0.0,0.0,1840.0,
3881,201494,1511.0,0.0,0.0,0.0,1191.0,0.0,0.0,1191.0,
7002,2800335,2139.0,0.0,0.0,0.0,1912.0,0.0,0.0,1912.0,
4115,1474352,1136.0,0.0,0.0,0.0,368.0,0.0,0.0,368.0,
10455,1329337,1197.0,0.0,0.0,0.0,464.0,0.0,0.0,464.0,
10392,2115436,2336.0,0.0,0.0,0.0,1893.0,0.0,0.0,1893.0,
9924,2350706,1091.0,0.0,0.0,0.0,295.0,0.0,0.0,295.0,
9915,742832,1616.0,0.0,0.0,0.0,1372.0,0.0,0.0,1372.0,
3982,1215747,1727.0,0.0,0.0,0.0,1622.0,0.0,0.0,1622.0,
26142,3468160,307.0,0.0,0.0,0.0,218.0,0.0,0.0,218.0,
5145,3904494,855.0,0.0,0.0,0.0,752.0,0.0,0.0,752.0,
28370,2138907,527.0,0.0,0.0,0.0,203.0,0.0,0.0,203.0,
19683,1440213,825.0,0.0,0.0,0.0,380.0,0.0,0.0,380.0,
4253,1199660,1825.0,0.0,0.0,0.0,1624.0,0.0,0.0,1624.0,
11072,973054,2392.0,0.0,0.0,0.0,1901.0,0.0,0.0,1901.0,
3827,3950457,1523.0,0.0,0.0,0.0,1464.0,0.0,0.0,1464.0,
24274,1497633,370.0,0.0,0.0,0.0,244.0,0.0,0.0,244.0,
12597,1575748,1119.0,0.0,0.0,0.0,867.0,0.0,0.0,867.0,
5901,776995,1873.0,0.0,0.0,0.0,1677.0,0.0,0.0,1677.0,
9278,1786729,1797.0,0.0,0.0,0.0,1662.0,0.0,0.0,1662.0,
6559,1188806,1393.0,0.0,0.0,0.0,1169.0,0.0,0.0,1169.0,
1676,3430558,762.0,0.0,0.0,0.0,581.0,0.0,0.0,581.0,
4284,240633,1395.0,0.0,0.0,0.0,1177.0,0.0,0.0,1177.0,
30220,3858585,1775.0,0.0,0.0,0.0,1654.0,0.0,0.0,1654.0,
5326,3640184,1660.0,0.0,0.0,0.0,1543.0,0.0,0.0,1543.0,
25550,2178850,1643.0,0.0,0.0,0.0,1429.0,0.0,0.0,1429.0,
8591,565693,1525.0,0.0,0.0,0.0,1006.0,0.0,0.0,1006.0,
4392,240519,1633.0,0.0,0.0,0.0,1575.0,0.0,0.0,1575.0,
21776,3544911,1703.0,0.0,0.0,0.0,1399.0,0.0,0.0,1399.0,
4290,2210339,1231.0,0.0,0.0,0.0,1051.0,0.0,0.0,1051.0,
3189,1197034,1445.0,0.0,0.0,0.0,1362.0,0.0,0.0,1362.0,
27350,3000707,41.0,0.0,0.0,0.0,29.0,0.0,0.0,29.0,
37151,3559591,1174.0,0.0,0.0,0.0,1023.0,0.0,0.0,1023.0,
37200,2824750,580.0,0.0,0.0,0.0,423.0,0.0,0.0,423.0,
7972,3085561,2022.0,0.0,0.0,0.0,1839.0,0.0,0.0,1839.0,
4022,218138,1539.0,0.0,0.0,0.0,1407.0,0.0,0.0,1407.0,
21165,1841993,522.0,0.0,0.0,0.0,415.0,0.0,0.0,415.0,
4787,1208083,1706.0,0.0,1.0,0.05861664712778429,1506.0,1.0,0.06640106241699867,1507.0,
7172,459207,1641.0,0.0,0.0,0.0,1473.0,0.0,0.0,1473.0,
7141,1013234,1009.0,0.0,0.0,0.0,272.0,0.0,0.0,272.0,
12603,2676448,396.0,0.0,0.0,0.0,268.0,0.0,0.0,268.0,
14690,3869050,1438.0,0.0,0.0,0.0,1060.0,0.0,0.0,1060.0,
8216,548565,888.0,0.0,0.0,0.0,765.0,0.0,0.0,765.0,
6039,3169234,1372.0,0.0,0.0,0.0,1133.0,0.0,0.0,1133.0,
45426,3385232,467.0,0.0,0.0,0.0,334.0,0.0,0.0,334.0,
29172,2522877,359.0,0.0,0.0,0.0,249.0,0.0,0.0,249.0,
6409,1395499,1758.0,0.0,0.0,0.0,1665.0,0.0,0.0,1665.0,
3953,2783243,1745.0,0.0,0.0,0.0,1488.0,0.0,0.0,1488.0,
32497,2947351,2459.0,0.0,0.0,0.0,2028.0,0.0,0.0,2028.0,
8971,1478159,1742.0,0.0,0.0,0.0,1551.0,0.0,0.0,1551.0,
8608,1202671,1929.0,0.0,0.0,0.0,1650.0,0.0,0.0,1650.0,
93508,3643486,353.0,0.0,0.0,0.0,266.0,0.0,0.0,266.0,
5400,2039526,2442.0,0.0,0.0,0.0,2232.0,0.0,0.0,2232.0,
15699,1341700,120.0,0.0,0.0,0.0,89.0,0.0,0.0,89.0,
6159,3112275,114.0,0.0,0.0,0.0,91.0,0.0,0.0,91.0,
1676,1066499,350.0,0.0,0.0,0.0,214.0,0.0,0.0,214.0,
30052,2363042,1490.0,0.0,0.0,0.0,419.0,0.0,0.0,419.0,
12421,2182177,1811.0,0.0,0.0,0.0,1610.0,0.0,0.0,1610.0,
18793,1373822,1762.0,0.0,0.0,0.0,1400.0,0.0,0.0,1400.0,
10392,3691541,2274.0,0.0,0.0,0.0,1775.0,0.0,0.0,1775.0,
24776,1880527,1130.0,0.0,0.0,0.0,614.0,0.0,0.0,614.0,
1676,661038,273.0,0.0,0.0,0.0,199.0,0.0,0.0,199.0,
14225,986916,276.0,0.0,0.0,0.0,131.0,0.0,0.0,131.0,
8455,644380,863.0,0.0,0.0,0.0,415.0,0.0,0.0,415.0,
28370,3618654,1404.0,0.0,0.0,0.0,953.0,0.0,0.0,953.0,
6124,540509,2272.0,0.0,0.0,0.0,1866.0,0.0,0.0,1866.0,
7457,480263,1421.0,0.0,0.0,0.0,1309.0,0.0,0.0,1309.0,
14288,3570509,2164.0,0.0,0.0,0.0,1948.0,0.0,0.0,1948.0,
8217,1221619,1870.0,0.0,0.0,0.0,1715.0,0.0,0.0,1715.0,
6454,769284,978.0,0.0,0.0,0.0,572.0,0.0,0.0,572.0,
5582,2547964,2384.0,0.0,0.0,0.0,1715.0,0.0,0.0,1715.0,
7039,3972742,668.0,0.0,0.0,0.0,590.0,0.0,0.0,590.0,
1676,1065762,655.0,0.0,0.0,0.0,449.0,0.0,0.0,449.0,
8071,516093,13.0,0.0,0.0,0.0,11.0,0.0,0.0,11.0,
27214,2495502,1996.0,0.0,0.0,0.0,1691.0,0.0,0.0,1691.0,
5793,3549041,1674.0,0.0,0.0,0.0,1248.0,0.0,0.0,1248.0,
7955,1204194,1026.0,0.0,0.0,0.0,858.0,0.0,0.0,858.0,
8905,3036513,1474.0,0.0,0.0,0.0,1288.0,0.0,0.0,1288.0,
7171,2795419,2040.0,0.0,0.0,0.0,1863.0,0.0,0.0,1863.0,
6733,3557963,1871.0,0.0,0.0,0.0,1620.0,0.0,0.0,1620.0,
6301,1927033,1957.0,0.0,0.0,0.0,1775.0,0.0,0.0,1775.0,
5849,3285119,1291.0,0.0,0.0,0.0,381.0,0.0,0.0,381.0,
6336,3541539,1605.0,0.0,0.0,0.0,1408.0,0.0,0.0,1408.0,
4480,1818310,1726.0,0.0,0.0,0.0,1543.0,0.0,0.0,1543.0,
3835,198631,1177.0,0.0,0.0,0.0,344.0,0.0,0.0,344.0,
4668,2765766,1811.0,0.0,0.0,0.0,1263.0,0.0,0.0,1263.0,
24776,3343765,1099.0,0.0,0.0,0.0,462.0,0.0,0.0,462.0,
4425,1820082,1623.0,0.0,0.0,0.0,1473.0,0.0,0.0,1473.0,
4255,233924,526.0,0.0,0.0,0.0,489.0,0.0,0.0,489.0,
4249,1795131,1311.0,0.0,0.0,0.0,1232.0,0.0,0.0,1232.0,
4391,1831398,1950.0,0.0,0.0,0.0,1734.0,0.0,0.0,1734.0,
5167,3911153,1284.0,0.0,0.0,0.0,1112.0,0.0,0.0,1112.0,
5145,1832829,1956.0,0.0,0.0,0.0,1743.0,0.0,0.0,1743.0,
1676,604585,828.0,0.0,0.0,0.0,680.0,0.0,0.0,680.0,
4172,229280,1569.0,0.0,0.0,0.0,1360.0,0.0,0.0,1360.0,
3991,2327041,1968.0,0.0,0.0,0.0,1752.0,0.0,0.0,1752.0,
2312,3379880,1796.0,0.0,0.0,0.0,1555.0,0.0,0.0,1555.0,
4705,490332,1848.0,0.0,0.0,0.0,1365.0,0.0,0.0,1365.0,
5021,1796549,2132.0,0.0,0.0,0.0,1905.0,0.0,0.0,1905.0,
11963,2821528,656.0,0.0,0.0,0.0,572.0,0.0,0.0,572.0,
8701,3694524,2118.0,0.0,0.0,0.0,1703.0,0.0,0.0,1703.0,
14800,1636840,732.0,0.0,0.0,0.0,322.0,0.0,0.0,322.0,
4233,233196,1279.0,0.0,0.0,0.0,991.0,0.0,0.0,991.0,
4769,3671724,334.0,0.0,0.0,0.0,265.0,0.0,0.0,265.0,
10183,3395772,607.0,0.0,0.0,0.0,470.0,0.0,0.0,470.0,
5378,1210832,2215.0,0.0,0.0,0.0,1961.0,0.0,0.0,1961.0,
9917,3773187,2201.0,0.0,0.0,0.0,1973.0,0.0,0.0,1973.0,
103881,3734874,430.0,0.0,0.0,0.0,284.0,0.0,0.0,284.0,
3821,1820818,1841.0,0.0,0.0,0.0,1707.0,0.0,0.0,1707.0,
6459,3978355,477.0,0.0,0.0,0.0,451.0,0.0,0.0,451.0,
9029,3435358,1424.0,0.0,0.0,0.0,1219.0,0.0,0.0,1219.0,
9918,681077,1490.0,0.0,0.0,0.0,1362.0,0.0,0.0,1362.0,
7473,3487376,2027.0,0.0,0.0,0.0,1708.0,0.0,0.0,1708.0,
26719,2357155,2055.0,0.0,0.0,0.0,1664.0,0.0,0.0,1664.0,
4019,3123758,1399.0,0.0,0.0,0.0,1245.0,0.0,0.0,1245.0,
4037,3882325,2217.0,0.0,0.0,0.0,2000.0,0.0,0.0,2000.0,
5770,607634,1366.0,0.0,0.0,0.0,1044.0,0.0,0.0,1044.0,
7590,1211616,1778.0,0.0,0.0,0.0,1521.0,0.0,0.0,1521.0,
10206,731426,307.0,0.0,0.0,0.0,249.0,0.0,0.0,249.0,
6496,386553,2089.0,0.0,0.0,0.0,1746.0,0.0,0.0,1746.0,
11948,3189791,177.0,0.0,0.0,0.0,111.0,0.0,0.0,111.0,
6728,3225584,1970.0,0.0,0.0,0.0,1813.0,0.0,0.0,1813.0,
5999,3907026,2085.0,0.0,0.0,0.0,1783.0,0.0,0.0,1783.0,
8823,749905,1063.0,0.0,0.0,0.0,831.0,0.0,0.0,831.0,
4049,243861,1434.0,0.0,0.0,0.0,1338.0,0.0,0.0,1338.0,
31259,2320309,282.0,0.0,0.0,0.0,190.0,0.0,0.0,190.0,
3999,218638,1403.0,0.0,0.0,0.0,1090.0,0.0,0.0,1090.0,
10825,736201,2178.0,0.0,0.0,0.0,1996.0,0.0,0.0,1996.0,
5734,3911030,1044.0,0.0,0.0,0.0,404.0,0.0,0.0,404.0,
5100,3558012,1285.0,0.0,0.0,0.0,1165.0,0.0,0.0,1165.0,
26835,3454160,1986.0,0.0,0.0,0.0,1749.0,0.0,0.0,1749.0,
4534,1850700,2053.0,0.0,0.0,0.0,1865.0,0.0,0.0,1865.0,
7012,1010731,618.0,0.0,0.0,0.0,498.0,0.0,0.0,498.0,
4250,3808172,1612.0,0.0,0.0,0.0,1488.0,0.0,0.0,1488.0,
10935,3400391,1879.0,0.0,0.0,0.0,1694.0,0.0,0.0,1694.0,
6639,693379,572.0,0.0,0.0,0.0,450.0,0.0,0.0,450.0,
8617,3670488,1906.0,0.0,0.0,0.0,1628.0,0.0,0.0,1628.0,
1676,298546,339.0,0.0,0.0,0.0,233.0,0.0,0.0,233.0,
6215,2139238,404.0,0.0,0.0,0.0,286.0,0.0,0.0,286.0,
4416,3938241,1866.0,0.0,0.0,0.0,1703.0,0.0,0.0,1703.0,
7211,2300624,1074.0,0.0,0.0,0.0,951.0,0.0,0.0,951.0,
7433,1804772,1595.0,0.0,0.0,0.0,1341.0,0.0,0.0,1341.0,
6224,3486805,1481.0,0.0,0.0,0.0,1199.0,0.0,0.0,1199.0,
4700,262797,1.0,0.0,0.0,0.0,1.0,0.0,0.0,1.0,
7181,3969512,648.0,0.0,0.0,0.0,588.0,0.0,0.0,588.0,
9125,1076047,747.0,0.0,0.0,0.0,607.0,0.0,0.0,607.0,
9021,801547,1381.0,0.0,0.0,0.0,1164.0,0.0,0.0,1164.0,
7539,3789364,1786.0,0.0,0.0,0.0,1414.0,0.0,0.0,1414.0,
5400,2036952,1944.0,0.0,0.0,0.0,1786.0,0.0,0.0,1786.0,
3958,561781,1946.0,0.0,0.0,0.0,1622.0,0.0,0.0,1622.0,
4436,1221281,1073.0,0.0,0.0,0.0,943.0,0.0,0.0,943.0,
3961,1232915,979.0,0.0,0.0,0.0,871.0,0.0,0.0,871.0,
3785,1538752,412.0,0.0,0.0,0.0,287.0,0.0,0.0,287.0,
4868,2245380,1574.0,0.0,0.0,0.0,1233.0,0.0,0.0,1233.0,
31321,3899255,853.0,0.0,0.0,0.0,784.0,0.0,0.0,784.0,
6627,1786567,1878.0,0.0,0.0,0.0,1701.0,0.0,0.0,1701.0,
11948,1742804,613.0,0.0,0.0,0.0,285.0,0.0,0.0,285.0,
12026,808040,1015.0,0.0,0.0,0.0,783.0,0.0,0.0,783.0,
5918,326802,1617.0,0.0,0.0,0.0,1511.0,0.0,0.0,1511.0,
6076,693366,1410.0,0.0,0.0,0.0,1146.0,0.0,0.0,1146.0,
6237,367105,1507.0,0.0,0.0,0.0,1272.0,0.0,0.0,1272.0,
4848,3931231,1468.0,0.0,0.0,0.0,1171.0,0.0,0.0,1171.0,
5388,1221647,2388.0,0.0,0.0,0.0,2056.0,0.0,0.0,2056.0,
7491,2657453,2159.0,0.0,0.0,0.0,1526.0,0.0,0.0,1526.0,
12858,1188497,1842.0,0.0,0.0,0.0,1624.0,0.0,0.0,1624.0,
19159,3811107,1767.0,0.0,0.0,0.0,1563.0,0.0,0.0,1563.0,
13555,2979373,309.0,0.0,0.0,0.0,179.0,0.0,0.0,179.0,
26779,3759883,2370.0,0.0,0.0,0.0,1911.0,0.0,0.0,1911.0,
3986,1831752,1944.0,0.0,0.0,0.0,1650.0,0.0,0.0,1650.0,
21141,3479321,1932.0,0.0,0.0,0.0,1755.0,0.0,0.0,1755.0,
7159,3175610,2134.0,0.0,0.0,0.0,1956.0,0.0,0.0,1956.0,
19518,2254663,714.0,0.0,0.0,0.0,639.0,0.0,0.0,639.0,
6445,378745,2150.0,0.0,0.0,0.0,1703.0,0.0,0.0,1703.0,
9333,2798019,1029.0,0.0,0.0,0.0,963.0,0.0,0.0,963.0,
26630,2970841,387.0,0.0,0.0,0.0,239.0,0.0,0.0,239.0,
12142,1120604,389.0,0.0,0.0,0.0,161.0,0.0,0.0,161.0,
9750,3583496,1819.0,0.0,0.0,0.0,1566.0,0.0,0.0,1566.0,
3781,194312,1312.0,0.0,0.0,0.0,1109.0,0.0,0.0,1109.0,
3964,3548356,1435.0,0.0,0.0,0.0,430.0,0.0,0.0,430.0,
1676,677859,343.0,0.0,0.0,0.0,285.0,0.0,0.0,285.0,
24776,1703555,265.0,0.0,0.0,0.0,139.0,0.0,0.0,139.0,
4006,3857529,1839.0,0.0,0.0,0.0,1662.0,0.0,0.0,1662.0,
37872,3443788,2683.0,0.0,0.0,0.0,2312.0,0.0,0.0,2312.0,
4001,1823728,2025.0,0.0,0.0,0.0,1707.0,0.0,0.0,1707.0,
9926,1422162,1845.0,0.0,0.0,0.0,1714.0,0.0,0.0,1714.0,
4387,567071,1658.0,0.0,0.0,0.0,1465.0,0.0,0.0,1465.0,
4673,2144557,1964.0,0.0,0.0,0.0,1805.0,0.0,0.0,1805.0,
4651,1196071,949.0,0.0,0.0,0.0,822.0,0.0,0.0,822.0,
4649,1227938,1764.0,0.0,0.0,0.0,1589.0,0.0,0.0,1589.0,
5009,519134,1498.0,0.0,0.0,0.0,1189.0,0.0,0.0,1189.0,
27350,2033371,274.0,0.0,0.0,0.0,203.0,0.0,0.0,203.0,
4420,243815,1681.0,0.0,0.0,0.0,1278.0,0.0,0.0,1278.0,
9176,618339,310.0,0.0,0.0,0.0,290.0,0.0,0.0,290.0,
11922,3844460,1234.0,0.0,0.0,0.0,1085.0,0.0,0.0,1085.0,
4593,1802325,1263.0,0.0,0.0,0.0,1164.0,0.0,0.0,1164.0,
9693,1202821,1936.0,0.0,0.0,0.0,1731.0,0.0,0.0,1731.0,
24914,3585224,359.0,0.0,0.0,0.0,232.0,0.0,0.0,232.0,
6639,3786372,2079.0,0.0,0.0,0.0,1875.0,0.0,0.0,1875.0,
12055,3954044,2002.0,0.0,0.0,0.0,1780.0,0.0,0.0,1780.0,
5386,473372,270.0,0.0,0.0,0.0,218.0,0.0,0.0,218.0,
7740,732134,2180.0,0.0,0.0,0.0,1862.0,0.0,0.0,1862.0,
24086,2363982,546.0,0.0,0.0,0.0,361.0,0.0,0.0,361.0,
9083,1795680,1831.0,0.0,0.0,0.0,1669.0,0.0,0.0,1669.0,
7126,1203328,1727.0,0.0,0.0,0.0,1480.0,0.0,0.0,1480.0,
10062,684973,615.0,0.0,0.0,0.0,495.0,0.0,0.0,495.0,
6534,3453788,296.0,0.0,0.0,0.0,257.0,0.0,0.0,257.0,
14867,2991420,2040.0,0.0,0.0,0.0,1799.0,0.0,0.0,1799.0,
4115,2310417,1923.0,0.0,0.0,0.0,1742.0,0.0,0.0,1742.0,
28170,2165490,73.0,0.0,0.0,0.0,61.0,0.0,0.0,61.0,
5998,1829398,610.0,0.0,0.0,0.0,556.0,0.0,0.0,556.0,
9462,2117344,1994.0,0.0,0.0,0.0,1537.0,0.0,0.0,1537.0,
18275,3112444,2212.0,0.0,0.0,0.0,1875.0,0.0,0.0,1875.0,
8592,566901,1000.0,0.0,0.0,0.0,644.0,0.0,0.0,644.0,
6609,1721817,991.0,0.0,0.0,0.0,923.0,0.0,0.0,923.0,
4781,3044734,1158.0,0.0,0.0,0.0,1067.0,0.0,0.0,1067.0,
1676,1180429,302.0,0.0,0.0,0.0,170.0,0.0,0.0,170.0,
38095,3438537,1298.0,0.0,0.0,0.0,961.0,0.0,0.0,961.0,
24375,1656639,381.0,0.0,0.0,0.0,272.0,0.0,0.0,272.0,
4413,3946346,1697.0,0.0,0.0,0.0,1506.0,0.0,0.0,1506.0,
37601,3252617,127.0,0.0,0.0,0.0,94.0,0.0,0.0,94.0,
14403,3370685,2074.0,0.0,0.0,0.0,1832.0,0.0,0.0,1832.0,
33543,3053339,1472.0,0.0,0.0,0.0,1018.0,0.0,0.0,1018.0,
6624,3330411,2500.0,0.0,0.0,0.0,2238.0,0.0,0.0,2238.0,
4782,1294478,2016.0,0.0,0.0,0.0,1840.0,0.0,0.0,1840.0,
5901,1220976,2191.0,0.0,0.0,0.0,1983.0,0.0,0.0,1983.0,
9186,3148635,2298.0,0.0,0.0,0.0,2043.0,0.0,0.0,2043.0,
3965,1271289,706.0,0.0,0.0,0.0,597.0,0.0,0.0,597.0,
8587,3898561,1473.0,0.0,0.0,0.0,1331.0,0.0,0.0,1331.0,
8733,1325309,892.0,0.0,0.0,0.0,324.0,0.0,0.0,324.0,
38781,3883425,887.0,0.0,0.0,0.0,246.0,0.0,0.0,246.0,
8846,3615608,1820.0,0.0,0.0,0.0,1305.0,0.0,0.0,1305.0,
25311,3438068,755.0,0.0,0.0,0.0,635.0,0.0,0.0,635.0,
7487,3449065,1092.0,0.0,0.0,0.0,1002.0,0.0,0.0,1002.0,
11218,3680250,1390.0,0.0,0.0,0.0,1242.0,0.0,0.0,1242.0,
10393,1821659,703.0,0.0,0.0,0.0,640.0,0.0,0.0,640.0,
9622,1797516,1652.0,0.0,0.0,0.0,1251.0,0.0,0.0,1251.0,
5638,3683694,915.0,0.0,0.0,0.0,527.0,0.0,0.0,527.0,
13295,1383657,2052.0,0.0,0.0,0.0,1562.0,0.0,0.0,1562.0,
9461,647401,1147.0,0.0,0.0,0.0,393.0,0.0,0.0,393.0,
4250,3808060,1720.0,0.0,0.0,0.0,1576.0,0.0,0.0,1576.0,
5999,3423321,1600.0,0.0,0.0,0.0,1363.0,0.0,0.0,1363.0,
13645,3195203,1803.0,0.0,0.0,0.0,1673.0,0.0,0.0,1673.0,
5180,3431737,1319.0,0.0,0.0,0.0,1152.0,0.0,0.0,1152.0,
4773,3744482,1686.0,0.0,0.0,0.0,1516.0,0.0,0.0,1516.0,
7906,3489378,2009.0,0.0,0.0,0.0,1814.0,0.0,0.0,1814.0,
4832,3824739,2117.0,0.0,0.0,0.0,1859.0,0.0,0.0,1859.0,
7278,2989670,2051.0,0.0,0.0,0.0,1830.0,0.0,0.0,1830.0,
10206,929065,353.0,0.0,0.0,0.0,266.0,0.0,0.0,266.0,
9166,664927,683.0,0.0,0.0,0.0,563.0,0.0,0.0,563.0,
24646,3816115,987.0,0.0,0.0,0.0,794.0,0.0,0.0,794.0,
14613,2661420,2017.0,0.0,0.0,0.0,1856.0,0.0,0.0,1856.0,
6634,402113,2679.0,0.0,0.0,0.0,2349.0,0.0,0.0,2349.0,
6445,1193939,1928.0,0.0,0.0,0.0,1202.0,0.0,0.0,1202.0,
4241,486330,2181.0,0.0,0.0,0.0,1942.0,0.0,0.0,1942.0,
6603,3858657,882.0,0.0,0.0,0.0,714.0,0.0,0.0,714.0,
13165,3741019,1729.0,0.0,0.0,0.0,1471.0,0.0,0.0,1471.0,
9550,754626,1978.0,0.0,0.0,0.0,1577.0,0.0,0.0,1577.0,
11948,884682,368.0,0.0,0.0,0.0,236.0,0.0,0.0,236.0,
11948,892818,486.0,0.0,0.0,0.0,247.0,0.0,0.0,247.0,
22078,1378959,466.0,0.0,0.0,0.0,171.0,0.0,0.0,171.0,
11948,2105882,581.0,0.0,0.0,0.0,226.0,0.0,0.0,226.0,
7472,472538,27.0,0.0,0.0,0.0,21.0,0.0,0.0,21.0,
28406,2482856,736.0,0.0,0.0,0.0,544.0,0.0,0.0,544.0,
7113,2941897,490.0,0.0,0.0,0.0,343.0,0.0,0.0,343.0,
4830,3709890,1870.0,0.0,0.0,0.0,1463.0,0.0,0.0,1463.0,
7488,2674909,921.0,0.0,0.0,0.0,225.0,0.0,0.0,225.0,
5009,845007,2518.0,0.0,0.0,0.0,2094.0,0.0,0.0,2094.0,
6182,3001880,1405.0,0.0,0.0,0.0,1250.0,0.0,0.0,1250.0,
28370,2114763,276.0,0.0,0.0,0.0,69.0,0.0,0.0,69.0,
6708,3732494,1815.0,0.0,0.0,0.0,1423.0,0.0,0.0,1423.0,
49279,3620886,239.0,0.0,0.0,0.0,188.0,0.0,0.0,188.0,
7159,3757681,1790.0,0.0,0.0,0.0,1635.0,0.0,0.0,1635.0,
4790,3422231,1059.0,0.0,0.0,0.0,926.0,0.0,0.0,926.0,
5028,2993667,1806.0,0.0,0.0,0.0,1629.0,0.0,0.0,1629.0,
7158,1210040,2116.0,0.0,0.0,0.0,1854.0,0.0,0.0,1854.0,
26907,3400172,1840.0,0.0,0.0,0.0,1664.0,0.0,0.0,1664.0,
13323,2552151,2828.0,0.0,0.0,0.0,2413.0,0.0,0.0,2413.0,
18483,1617476,1755.0,0.0,0.0,0.0,1387.0,0.0,0.0,1387.0,
12874,1052401,1351.0,0.0,0.0,0.0,353.0,0.0,0.0,353.0,
3625,1092433,548.0,0.0,0.0,0.0,397.0,0.0,0.0,397.0,
21933,3878290,394.0,0.0,0.0,0.0,238.0,0.0,0.0,238.0,
9176,618356,808.0,0.0,0.0,0.0,739.0,0.0,0.0,739.0,
6070,3205176,657.0,0.0,0.0,0.0,593.0,0.0,0.0,593.0,
24776,1880481,730.0,0.0,0.0,0.0,467.0,0.0,0.0,467.0,
21920,1515614,976.0,0.0,12.0,1.2295081967213115,340.0,2.0,0.5882352941176471,346.0,
11160,3405594,2230.0,0.0,0.0,0.0,1945.0,0.0,0.0,1945.0,
10482,3651900,2203.0,0.0,0.0,0.0,1992.0,0.0,0.0,1992.0,
5916,326353,1069.0,0.0,0.0,0.0,971.0,0.0,0.0,971.0,
4801,2227486,1677.0,0.0,0.0,0.0,1481.0,0.0,0.0,1481.0,
18994,1483010,1641.0,0.0,0.0,0.0,1513.0,0.0,0.0,1513.0,
30156,3355211,823.0,0.0,0.0,0.0,371.0,0.0,0.0,371.0,
7121,1637759,1621.0,0.0,0.0,0.0,1293.0,0.0,0.0,1293.0,
38350,3574777,2141.0,0.0,0.0,0.0,1444.0,0.0,0.0,1444.0,
13581,968817,612.0,0.0,0.0,0.0,250.0,0.0,0.0,250.0,
11703,3200420,1399.0,0.0,0.0,0.0,1217.0,0.0,0.0,1217.0,
23905,1760238,827.0,0.0,0.0,0.0,421.0,0.0,0.0,421.0,
18508,1794647,1771.0,0.0,0.0,0.0,1582.0,0.0,0.0,1582.0,
4177,2976605,1312.0,0.0,0.0,0.0,1206.0,0.0,0.0,1206.0,
5081,3649916,1748.0,0.0,0.0,0.0,1505.0,0.0,0.0,1505.0,
29973,2334547,1068.0,0.0,0.0,0.0,842.0,0.0,0.0,842.0,
6415,729064,2125.0,0.0,0.0,0.0,1931.0,0.0,0.0,1931.0,
8733,3439963,341.0,0.0,0.0,0.0,121.0,0.0,0.0,121.0,
14225,2116318,430.0,0.0,0.0,0.0,227.0,0.0,0.0,227.0,
8146,3113065,1793.0,0.0,0.0,0.0,1597.0,0.0,0.0,1597.0,
9189,1200246,1617.0,0.0,0.0,0.0,1403.0,0.0,0.0,1403.0,
10373,3777882,1394.0,0.0,0.0,0.0,1290.0,0.0,0.0,1290.0,
1435,47183,96.0,0.0,0.0,0.0,57.0,0.0,0.0,57.0,
6337,1891606,2197.0,0.0,0.0,0.0,1806.0,0.0,0.0,1806.0,
19416,2670831,1806.0,0.0,0.0,0.0,1407.0,0.0,0.0,1407.0,
93468,3968234,659.0,0.0,0.0,0.0,540.0,0.0,0.0,540.0,
7693,754592,967.0,0.0,0.0,0.0,654.0,0.0,0.0,654.0,
3942,1711041,1226.0,0.0,0.0,0.0,1117.0,0.0,0.0,1117.0,
39005,3229418,411.0,0.0,0.0,0.0,178.0,0.0,0.0,178.0,
33176,3221208,525.0,0.0,0.0,0.0,374.0,0.0,0.0,374.0,
3552,1423894,646.0,0.0,0.0,0.0,432.0,0.0,0.0,432.0,
19641,1289551,32.0,0.0,0.0,0.0,29.0,0.0,0.0,29.0,
28258,2634638,335.0,0.0,0.0,0.0,232.0,0.0,0.0,232.0,
45426,3393233,692.0,0.0,0.0,0.0,516.0,0.0,0.0,516.0,
3827,3523075,1632.0,0.0,0.0,0.0,1528.0,0.0,0.0,1528.0,
37881,2996002,1922.0,0.0,0.0,0.0,1535.0,0.0,0.0,1535.0,
6329,378269,2439.0,0.0,0.0,0.0,2050.0,0.0,0.0,2050.0,
13165,3910626,1141.0,0.0,0.0,0.0,589.0,0.0,0.0,589.0,
2895,1184559,376.0,0.0,0.0,0.0,113.0,0.0,0.0,113.0,
4206,2249984,943.0,0.0,0.0,0.0,738.0,0.0,0.0,738.0,
12603,1303497,408.0,0.0,0.0,0.0,290.0,0.0,0.0,290.0,
2373,1976187,596.0,0.0,0.0,0.0,432.0,0.0,0.0,432.0,
4828,1080122,1488.0,0.0,0.0,0.0,1340.0,0.0,0.0,1340.0,
93675,3538620,1180.0,0.0,0.0,0.0,835.0,0.0,0.0,835.0,
21165,1685601,344.0,0.0,0.0,0.0,295.0,0.0,0.0,295.0,
10570,3172770,2080.0,0.0,0.0,0.0,1841.0,0.0,0.0,1841.0,
26055,2351497,1388.0,0.0,0.0,0.0,425.0,0.0,0.0,425.0,
12603,1177686,438.0,0.0,0.0,0.0,319.0,0.0,0.0,319.0,
3248,106850,1901.0,0.0,0.0,0.0,1662.0,0.0,0.0,1662.0,
4309,486376,2120.0,0.0,0.0,0.0,1893.0,0.0,0.0,1893.0,
7088,1201193,1977.0,0.0,0.0,0.0,1815.0,0.0,0.0,1815.0,
4619,553625,470.0,0.0,0.0,0.0,370.0,0.0,0.0,370.0,
3813,865780,1347.0,0.0,0.0,0.0,373.0,0.0,0.0,373.0,
7914,3684477,1818.0,0.0,0.0,0.0,1589.0,0.0,0.0,1589.0,
19068,1294014,1174.0,0.0,0.0,0.0,649.0,0.0,0.0,649.0,
11202,776745,2279.0,0.0,0.0,0.0,1775.0,0.0,0.0,1775.0,
6233,1196842,1750.0,0.0,0.0,0.0,1582.0,0.0,0.0,1582.0,
4466,1227447,1781.0,0.0,0.0,0.0,1639.0,0.0,0.0,1639.0,
24086,3218931,437.0,0.0,0.0,0.0,167.0,0.0,0.0,167.0,
7491,3688533,1760.0,0.0,0.0,0.0,1469.0,0.0,0.0,1469.0,
18277,1110612,537.0,0.0,0.0,0.0,399.0,0.0,0.0,399.0,
4234,1847501,2368.0,0.0,0.0,0.0,2008.0,0.0,0.0,2008.0,
19022,1270984,546.0,0.0,0.0,0.0,474.0,0.0,0.0,474.0,
10206,1178926,397.0,0.0,0.0,0.0,308.0,0.0,0.0,308.0,
3625,308181,554.0,0.0,0.0,0.0,436.0,0.0,0.0,436.0,
37712,2974389,1764.0,0.0,0.0,0.0,1444.0,0.0,0.0,1444.0,
28370,2114823,1276.0,0.0,0.0,0.0,628.0,0.0,0.0,628.0,
103881,3734069,564.0,0.0,0.0,0.0,423.0,0.0,0.0,423.0,
24375,1579771,247.0,0.0,0.0,0.0,189.0,0.0,0.0,189.0,
5084,1179850,1390.0,0.0,0.0,0.0,1252.0,0.0,0.0,1252.0,
4000,216950,1197.0,0.0,0.0,0.0,994.0,0.0,0.0,994.0,
20558,2173728,235.0,0.0,0.0,0.0,113.0,0.0,0.0,113.0,
9021,731864,2504.0,0.0,0.0,0.0,2053.0,0.0,0.0,2053.0,
4892,377789,80.0,0.0,0.0,0.0,72.0,0.0,0.0,72.0,
7181,461610,2082.0,0.0,0.0,0.0,1464.0,0.0,0.0,1464.0,
14829,3181213,2176.0,0.0,0.0,0.0,1967.0,0.0,0.0,1967.0,
12950,1788935,1400.0,0.0,0.0,0.0,1280.0,0.0,0.0,1280.0,
4585,258128,2029.0,0.0,0.0,0.0,1370.0,0.0,0.0,1370.0,
6125,3479427,1614.0,0.0,0.0,0.0,1462.0,0.0,0.0,1462.0,
4826,1547588,1489.0,0.0,0.0,0.0,1245.0,0.0,0.0,1245.0,
4830,3816524,2504.0,0.0,0.0,0.0,2074.0,0.0,0.0,2074.0,
19519,1481237,1879.0,0.0,0.0,0.0,1711.0,0.0,0.0,1711.0,
7194,3812325,1342.0,0.0,0.0,0.0,409.0,0.0,0.0,409.0,
3797,1211236,1135.0,0.0,0.0,0.0,370.0,0.0,0.0,370.0,
8365,541747,1415.0,0.0,0.0,0.0,1249.0,0.0,0.0,1249.0,
6623,3858949,954.0,0.0,0.0,0.0,784.0,0.0,0.0,784.0,
4750,3792427,1718.0,0.0,0.0,0.0,1559.0,0.0,0.0,1559.0,
4534,1718387,911.0,0.0,0.0,0.0,835.0,0.0,0.0,835.0,
4471,3790379,1761.0,0.0,0.0,0.0,1570.0,0.0,0.0,1570.0,
6443,1245389,1901.0,0.0,0.0,0.0,1648.0,0.0,0.0,1648.0,
4167,988044,555.0,0.0,0.0,0.0,496.0,0.0,0.0,496.0,
7684,3453177,1332.0,0.0,0.0,0.0,1168.0,0.0,0.0,1168.0,
8534,1547424,1987.0,0.0,0.0,0.0,1835.0,0.0,0.0,1835.0,
28370,2114655,213.0,0.0,0.0,0.0,78.0,0.0,0.0,78.0,
10935,3385944,1262.0,0.0,0.0,0.0,365.0,0.0,0.0,365.0,
4115,2667767,598.0,0.0,0.0,0.0,218.0,0.0,0.0,218.0,
11229,3399725,1971.0,0.0,0.0,0.0,1783.0,0.0,0.0,1783.0,
26977,3679617,2391.0,0.0,0.0,0.0,1936.0,0.0,0.0,1936.0,
10418,707073,900.0,0.0,0.0,0.0,811.0,0.0,0.0,811.0,
26630,2970121,252.0,0.0,0.0,0.0,117.0,0.0,0.0,117.0,
45426,3390787,556.0,0.0,0.0,0.0,447.0,0.0,0.0,447.0,
5921,2183451,2271.0,0.0,0.0,0.0,2055.0,0.0,0.0,2055.0,
5355,3146737,2131.0,0.0,0.0,0.0,1866.0,0.0,0.0,1866.0,
21764,2495394,2018.0,0.0,0.0,0.0,1747.0,0.0,0.0,1747.0,
8591,1917446,1831.0,0.0,0.0,0.0,1663.0,0.0,0.0,1663.0,
7089,3200409,2068.0,0.0,0.0,0.0,1864.0,0.0,0.0,1864.0,
26630,2970296,728.0,0.0,0.0,0.0,290.0,0.0,0.0,290.0,
13349,3399776,2077.0,0.0,0.0,0.0,1907.0,0.0,0.0,1907.0,
32184,3305951,2281.0,0.0,0.0,0.0,1645.0,0.0,0.0,1645.0,
10334,1701249,965.0,0.0,0.0,0.0,288.0,0.0,0.0,288.0,
2314,3959650,1865.0,0.0,0.0,0.0,1715.0,0.0,0.0,1715.0,
12001,3668087,1740.0,0.0,0.0,0.0,1600.0,0.0,0.0,1600.0,
5978,3946390,1368.0,0.0,0.0,0.0,431.0,0.0,0.0,431.0,
9338,638200,2401.0,0.0,0.0,0.0,1893.0,0.0,0.0,1893.0,
19683,1893932,526.0,0.0,0.0,0.0,187.0,0.0,0.0,187.0,
3884,2435512,1787.0,0.0,0.0,0.0,1582.0,0.0,0.0,1582.0,
4137,2464093,1493.0,0.0,0.0,0.0,1310.0,0.0,0.0,1310.0,
12603,3695572,659.0,0.0,0.0,0.0,522.0,0.0,0.0,522.0,
24086,2364232,83.0,0.0,0.0,0.0,45.0,0.0,0.0,45.0,
8546,3622102,581.0,0.0,0.0,0.0,485.0,0.0,0.0,485.0,
5441,1901380,409.0,0.0,0.0,0.0,292.0,0.0,0.0,292.0,
8972,1991430,859.0,0.0,0.0,0.0,638.0,0.0,0.0,638.0,
4441,3881023,1840.0,0.0,0.0,0.0,1394.0,0.0,0.0,1394.0,
27400,2033148,625.0,0.0,0.0,0.0,537.0,0.0,0.0,537.0,
4656,1673009,1268.0,0.0,0.0,0.0,1031.0,0.0,0.0,1031.0,
5780,3574617,1406.0,0.0,0.0,0.0,1279.0,0.0,0.0,1279.0,
4773,2554892,1857.0,0.0,0.0,0.0,1684.0,0.0,0.0,1684.0,
45426,3620186,299.0,0.0,0.0,0.0,213.0,0.0,0.0,213.0,
3940,1763367,728.0,0.0,0.0,0.0,640.0,0.0,0.0,640.0,
8423,2563951,1742.0,0.0,0.0,0.0,1486.0,0.0,0.0,1486.0,
4090,1906903,1975.0,0.0,0.0,0.0,1783.0,0.0,0.0,1783.0,
4696,3356157,2379.0,0.0,0.0,0.0,1908.0,0.0,0.0,1908.0,
6606,1933477,2504.0,0.0,0.0,0.0,2213.0,0.0,0.0,2213.0,
24450,3538464,277.0,0.0,0.0,0.0,191.0,0.0,0.0,191.0,
3792,3964989,800.0,0.0,0.0,0.0,749.0,0.0,0.0,749.0,
37702,3436103,164.0,0.0,0.0,0.0,81.0,0.0,0.0,81.0,
8317,3069467,411.0,0.0,0.0,0.0,278.0,0.0,0.0,278.0,
12603,1893809,326.0,0.0,0.0,0.0,234.0,0.0,0.0,234.0,
9202,627894,1115.0,0.0,0.0,0.0,1020.0,0.0,0.0,1020.0,
1957,544094,1814.0,0.0,0.0,0.0,735.0,0.0,0.0,735.0,
4800,1823584,1563.0,0.0,0.0,0.0,1471.0,0.0,0.0,1471.0,
6442,378581,573.0,0.0,0.0,0.0,517.0,0.0,0.0,517.0,
13076,3066331,2505.0,0.0,0.0,0.0,2078.0,0.0,0.0,2078.0,
7740,3060761,1641.0,0.0,0.0,0.0,1345.0,0.0,0.0,1345.0,
36860,3406600,2053.0,0.0,0.0,0.0,1816.0,0.0,0.0,1816.0,
20454,1815491,788.0,0.0,0.0,0.0,767.0,0.0,0.0,767.0,
6559,1194523,1643.0,0.0,0.0,0.0,1435.0,0.0,0.0,1435.0,
12950,1188401,1482.0,0.0,0.0,0.0,1379.0,0.0,0.0,1379.0,
7128,1831596,1356.0,0.0,0.0,0.0,1148.0,0.0,0.0,1148.0,
14014,1047314,700.0,0.0,0.0,0.0,401.0,0.0,0.0,401.0,
19683,1637888,1167.0,0.0,0.0,0.0,538.0,0.0,0.0,538.0,
5965,3640267,2193.0,0.0,0.0,0.0,2030.0,0.0,0.0,2030.0,
4441,248046,1511.0,0.0,0.0,0.0,1354.0,0.0,0.0,1354.0,
9896,738469,704.0,0.0,0.0,0.0,628.0,0.0,0.0,628.0,
2375,2178435,561.0,0.0,0.0,0.0,399.0,0.0,0.0,399.0,
5125,1804467,1649.0,0.0,0.0,0.0,1513.0,0.0,0.0,1513.0,
4888,3559298,1915.0,0.0,0.0,0.0,1784.0,0.0,0.0,1784.0,
4284,687547,1318.0,0.0,0.0,0.0,1067.0,0.0,0.0,1067.0,
19022,1188901,1964.0,0.0,0.0,0.0,1781.0,0.0,0.0,1781.0,
5070,2667006,1115.0,0.0,0.0,0.0,384.0,0.0,0.0,384.0,
14153,1004460,1593.0,0.0,0.0,0.0,1173.0,0.0,0.0,1173.0,
29874,3236666,2417.0,0.0,0.0,0.0,2214.0,0.0,0.0,2214.0,
4505,1190065,1249.0,0.0,0.0,0.0,963.0,0.0,0.0,963.0,
11794,1824514,1587.0,0.0,0.0,0.0,1416.0,0.0,0.0,1416.0,
24776,2409798,1208.0,0.0,0.0,0.0,481.0,0.0,0.0,481.0,
1676,1646466,549.0,0.0,0.0,0.0,381.0,0.0,0.0,381.0,
7075,2785697,2098.0,0.0,0.0,0.0,1902.0,0.0,0.0,1902.0,
6235,2991186,657.0,0.0,0.0,0.0,617.0,0.0,0.0,617.0,
4761,3858456,1904.0,0.0,0.0,0.0,1741.0,0.0,0.0,1741.0,
4310,1205195,1831.0,0.0,0.0,0.0,1651.0,0.0,0.0,1651.0,
7744,2123748,345.0,0.0,0.0,0.0,234.0,0.0,0.0,234.0,
6520,1199597,1561.0,0.0,0.0,0.0,1404.0,0.0,0.0,1404.0,
9273,3179398,1416.0,0.0,0.0,0.0,452.0,0.0,0.0,452.0,
5015,1207288,1664.0,0.0,0.0,0.0,1567.0,0.0,0.0,1567.0,
6729,3478656,1035.0,0.0,0.0,0.0,905.0,0.0,0.0,905.0,
8733,2596975,1503.0,0.0,0.0,0.0,382.0,0.0,0.0,382.0,
33420,3267816,711.0,0.0,0.0,0.0,540.0,0.0,0.0,540.0,
10492,3732807,1255.0,0.0,0.0,0.0,1069.0,0.0,0.0,1069.0,
7030,2527397,1967.0,0.0,0.0,0.0,1782.0,0.0,0.0,1782.0,
8216,3434043,1268.0,0.0,0.0,0.0,1061.0,0.0,0.0,1061.0,
11079,2537333,1141.0,0.0,0.0,0.0,867.0,0.0,0.0,867.0,
8316,588088,593.0,0.0,0.0,0.0,263.0,0.0,0.0,263.0,
3625,758000,640.0,0.0,0.0,0.0,448.0,0.0,0.0,448.0,
4080,3583581,1112.0,0.0,0.0,0.0,351.0,0.0,0.0,351.0,
36008,2765443,1313.0,0.0,0.0,0.0,599.0,0.0,0.0,599.0,
3761,191411,1994.0,0.0,0.0,0.0,1679.0,0.0,0.0,1679.0,
9798,3045699,649.0,0.0,0.0,0.0,575.0,0.0,0.0,575.0,
9389,3773089,1693.0,0.0,0.0,0.0,1250.0,0.0,0.0,1250.0,
27400,2511805,2134.0,0.0,0.0,0.0,1605.0,0.0,0.0,1605.0,
5856,2738624,2189.0,0.0,0.0,0.0,1921.0,0.0,0.0,1921.0,
9350,3377452,1888.0,0.0,0.0,0.0,1643.0,0.0,0.0,1643.0,
3255,367511,936.0,0.0,0.0,0.0,874.0,0.0,0.0,874.0,
12025,2390007,1836.0,0.0,0.0,0.0,1632.0,0.0,0.0,1632.0,
7171,3016925,2266.0,0.0,0.0,0.0,1984.0,0.0,0.0,1984.0,
4626,3438309,2163.0,0.0,0.0,0.0,2014.0,0.0,0.0,2014.0,
9085,1831009,1777.0,0.0,0.0,0.0,1620.0,0.0,0.0,1620.0,
9513,649630,1329.0,0.0,0.0,0.0,1151.0,0.0,0.0,1151.0,
16113,3388987,1749.0,0.0,0.0,0.0,1552.0,0.0,0.0,1552.0,
8214,1795039,1775.0,0.0,0.0,0.0,1619.0,0.0,0.0,1619.0,
3797,3303023,983.0,0.0,0.0,0.0,817.0,0.0,0.0,817.0,
8608,1203741,1815.0,0.0,0.0,0.0,1625.0,0.0,0.0,1625.0,
9672,1222649,715.0,0.0,0.0,0.0,609.0,0.0,0.0,609.0,
26170,2463427,150.0,0.0,0.0,0.0,125.0,0.0,0.0,125.0,
11948,833693,641.0,0.0,0.0,0.0,178.0,0.0,0.0,178.0,
27214,2495637,2246.0,0.0,0.0,0.0,1860.0,0.0,0.0,1860.0,
24817,1549697,378.0,0.0,0.0,0.0,201.0,0.0,0.0,201.0,
27400,2435485,732.0,0.0,0.0,0.0,651.0,0.0,0.0,651.0,
13322,968088,2385.0,0.0,0.0,0.0,1941.0,0.0,0.0,1941.0,
6346,1932362,235.0,0.0,0.0,0.0,200.0,0.0,0.0,200.0,
5388,3802852,855.0,0.0,0.0,0.0,743.0,0.0,0.0,743.0,
7209,1016722,723.0,0.0,0.0,0.0,680.0,0.0,0.0,680.0,
7164,3522088,1724.0,0.0,0.0,0.0,1554.0,0.0,0.0,1554.0,
6554,3969539,192.0,0.0,0.0,0.0,130.0,0.0,0.0,130.0,
6010,3776407,610.0,0.0,0.0,0.0,571.0,0.0,0.0,571.0,
6522,1362085,928.0,0.0,0.0,0.0,678.0,0.0,0.0,678.0,
15933,3939804,2255.0,0.0,0.0,0.0,2003.0,0.0,0.0,2003.0,
10183,2792704,1094.0,0.0,0.0,0.0,939.0,0.0,0.0,939.0,
11948,829939,791.0,0.0,0.0,0.0,350.0,0.0,0.0,350.0,
19037,3062230,2173.0,0.0,0.0,0.0,1997.0,0.0,0.0,1997.0,
14862,2593548,2253.0,0.0,0.0,0.0,1889.0,0.0,0.0,1889.0,
32213,2337055,478.0,0.0,0.0,0.0,290.0,0.0,0.0,290.0,
103881,3733946,366.0,0.0,0.0,0.0,269.0,0.0,0.0,269.0,
18365,3061634,1816.0,0.0,0.0,0.0,1688.0,0.0,0.0,1688.0,
6343,834172,1539.0,0.0,0.0,0.0,1383.0,0.0,0.0,1383.0,
11434,972316,2251.0,0.0,0.0,0.0,1830.0,0.0,0.0,1830.0,
12806,3325422,1353.0,0.0,0.0,0.0,1201.0,0.0,0.0,1201.0,
10103,3168724,2348.0,0.0,0.0,0.0,2051.0,0.0,0.0,2051.0,
3263,600976,2080.0,0.0,0.0,0.0,1881.0,0.0,0.0,1881.0,
14209,2491927,209.0,0.0,0.0,0.0,123.0,0.0,0.0,123.0,
7921,2795622,495.0,0.0,0.0,0.0,416.0,0.0,0.0,416.0,
5847,1221459,1488.0,0.0,0.0,0.0,1231.0,0.0,0.0,1231.0,
5578,3559266,751.0,0.0,0.0,0.0,689.0,0.0,0.0,689.0,
4798,268399,1539.0,0.0,0.0,0.0,1275.0,0.0,0.0,1275.0,
27350,2185693,270.0,0.0,0.0,0.0,204.0,0.0,0.0,204.0,
4849,1193561,1327.0,0.0,0.0,0.0,1216.0,0.0,0.0,1216.0,
11948,829962,462.0,0.0,0.0,0.0,244.0,0.0,0.0,244.0,
37789,3472388,1262.0,0.0,0.0,0.0,1023.0,0.0,0.0,1023.0,
10206,3459460,333.0,0.0,0.0,0.0,271.0,0.0,0.0,271.0,
24373,1523291,349.0,0.0,0.0,0.0,261.0,0.0,0.0,261.0,
24914,3585349,358.0,0.0,0.0,0.0,259.0,0.0,0.0,259.0,
5113,1480013,1894.0,0.0,0.0,0.0,1729.0,0.0,0.0,1729.0,
7433,3024396,1973.0,0.0,0.0,0.0,1706.0,0.0,0.0,1706.0,
7963,1810347,1877.0,0.0,0.0,0.0,1758.0,0.0,0.0,1758.0,
14045,3193941,277.0,0.0,0.0,0.0,77.0,0.0,0.0,77.0,
4419,244049,1006.0,0.0,0.0,0.0,836.0,0.0,0.0,836.0,
4465,1206971,1483.0,0.0,0.0,0.0,1354.0,0.0,0.0,1354.0,
4693,261362,563.0,0.0,0.0,0.0,160.0,0.0,0.0,160.0,
8522,1731138,1992.0,0.0,0.0,0.0,1730.0,0.0,0.0,1730.0,
11948,3408569,679.0,0.0,0.0,0.0,340.0,0.0,0.0,340.0,
29876,2260318,1497.0,0.0,0.0,0.0,1333.0,0.0,0.0,1333.0,
19022,1815992,1788.0,0.0,0.0,0.0,1624.0,0.0,0.0,1624.0,
10935,3400604,1973.0,0.0,0.0,0.0,1805.0,0.0,0.0,1805.0,
36270,3427008,328.0,0.0,0.0,0.0,214.0,0.0,0.0,214.0,
5871,2750812,1219.0,0.0,0.0,0.0,1074.0,0.0,0.0,1074.0,
28370,2114974,690.0,0.0,0.0,0.0,190.0,0.0,0.0,190.0,
39218,3622826,2426.0,0.0,0.0,0.0,1844.0,0.0,0.0,1844.0,
5969,1823707,2003.0,0.0,0.0,0.0,1813.0,0.0,0.0,1813.0,
4474,249558,586.0,0.0,0.0,0.0,516.0,0.0,0.0,516.0,
9314,1219520,672.0,0.0,0.0,0.0,568.0,0.0,0.0,568.0,
4826,490048,2196.0,0.0,0.0,0.0,1854.0,0.0,0.0,1854.0,
4135,229781,1331.0,0.0,0.0,0.0,1233.0,0.0,0.0,1233.0,
4086,3753623,33.0,0.0,0.0,0.0,27.0,0.0,0.0,27.0,
3187,3444383,2049.0,0.0,0.0,0.0,1850.0,0.0,0.0,1850.0,
5876,2275262,1448.0,0.0,0.0,0.0,1236.0,0.0,0.0,1236.0,
2253,2279316,854.0,0.0,0.0,0.0,598.0,0.0,0.0,598.0,
9870,2369947,1027.0,0.0,0.0,0.0,876.0,0.0,0.0,876.0,
4816,1510041,1827.0,0.0,0.0,0.0,1655.0,0.0,0.0,1655.0,
3950,2296635,1732.0,0.0,0.0,0.0,1413.0,0.0,0.0,1413.0,
6565,1479944,498.0,0.0,0.0,0.0,346.0,0.0,0.0,346.0,
4037,218152,2090.0,0.0,0.0,0.0,1914.0,0.0,0.0,1914.0,
4320,236822,2137.0,0.0,0.0,0.0,1939.0,0.0,0.0,1939.0,
4601,290693,2247.0,0.0,0.0,0.0,1872.0,0.0,0.0,1872.0,
12145,1792509,1948.0,0.0,0.0,0.0,1771.0,0.0,0.0,1771.0,
13759,2588987,705.0,0.0,0.0,0.0,605.0,0.0,0.0,605.0,
103881,3734712,287.0,0.0,0.0,0.0,187.0,0.0,0.0,187.0,
5903,2648413,852.0,0.0,0.0,0.0,614.0,0.0,0.0,614.0,
11926,3444958,1577.0,0.0,0.0,0.0,1443.0,0.0,0.0,1443.0,
5902,2545794,2044.0,0.0,0.0,0.0,1870.0,0.0,0.0,1870.0,
6948,1203568,1250.0,0.0,0.0,0.0,1140.0,0.0,0.0,1140.0,
6582,422793,1501.0,0.0,0.0,0.0,1258.0,0.0,0.0,1258.0,
28370,2114909,1664.0,0.0,0.0,0.0,549.0,0.0,0.0,549.0,
21341,3970152,330.0,0.0,0.0,0.0,299.0,0.0,0.0,299.0,
25364,2712979,1635.0,0.0,0.0,0.0,1510.0,0.0,0.0,1510.0,
37151,3647268,1875.0,0.0,0.0,0.0,1730.0,0.0,0.0,1730.0,
4843,3435722,1197.0,0.0,0.0,0.0,1048.0,0.0,0.0,1048.0,
7084,3715743,667.0,0.0,0.0,0.0,586.0,0.0,0.0,586.0,
8469,3733816,1648.0,0.0,0.0,0.0,1506.0,0.0,0.0,1506.0,
3958,2213716,1582.0,0.0,0.0,0.0,1399.0,0.0,0.0,1399.0,
12190,977761,2675.0,0.0,0.0,0.0,2289.0,0.0,0.0,2289.0,
14014,1047463,673.0,0.0,0.0,0.0,371.0,0.0,0.0,371.0,
4309,1303303,496.0,0.0,0.0,0.0,464.0,0.0,0.0,464.0,
4773,3710815,1692.0,0.0,0.0,0.0,1573.0,0.0,0.0,1573.0,
14123,3902812,1146.0,0.0,0.0,0.0,989.0,0.0,0.0,989.0,
7539,3555015,1562.0,0.0,0.0,0.0,1289.0,0.0,0.0,1289.0,
4539,1795002,1753.0,0.0,0.0,0.0,1538.0,0.0,0.0,1538.0,
13758,3042111,1947.0,0.0,0.0,0.0,1625.0,0.0,0.0,1625.0,
10206,1546893,325.0,0.0,0.0,0.0,257.0,0.0,0.0,257.0,
6180,873119,2106.0,0.0,0.0,0.0,1844.0,0.0,0.0,1844.0,
9015,651511,475.0,0.0,0.0,0.0,356.0,0.0,0.0,356.0,
24373,1525515,358.0,0.0,0.0,0.0,294.0,0.0,0.0,294.0,
9389,2261216,794.0,0.0,0.0,0.0,614.0,0.0,0.0,614.0,
18365,3061297,2198.0,0.0,0.0,0.0,2042.0,0.0,0.0,2042.0,
32367,3590323,655.0,0.0,0.0,0.0,556.0,0.0,0.0,556.0,
6992,3645823,1081.0,0.0,1.0,0.09250693802035152,838.0,1.0,0.11933174224343675,839.0,
8378,1336637,228.0,0.0,0.0,0.0,122.0,0.0,0.0,122.0,
5405,1810157,1581.0,0.0,0.0,0.0,1467.0,0.0,0.0,1467.0,
14564,3394308,1695.0,0.0,0.0,0.0,1552.0,0.0,0.0,1552.0,
5454,754601,2123.0,0.0,0.0,0.0,1609.0,0.0,0.0,1609.0,
4849,3550298,1859.0,0.0,0.0,0.0,1717.0,0.0,0.0,1717.0,
18277,1108779,967.0,0.0,0.0,0.0,735.0,0.0,0.0,735.0,
25550,2984500,2217.0,0.0,0.0,0.0,1830.0,0.0,0.0,1830.0,
1657,352588,313.0,0.0,0.0,0.0,89.0,0.0,0.0,89.0,
3858,199847,1589.0,0.0,0.0,0.0,1420.0,0.0,0.0,1420.0,
3855,2636872,2034.0,0.0,0.0,0.0,1815.0,0.0,0.0,1815.0,
6238,3945982,962.0,0.0,0.0,0.0,739.0,0.0,0.0,739.0,
4465,1217899,1428.0,0.0,0.0,0.0,1309.0,0.0,0.0,1309.0,
4671,260054,1459.0,0.0,0.0,0.0,1271.0,0.0,0.0,1271.0,
4866,271024,2096.0,0.0,0.0,0.0,1677.0,0.0,0.0,1677.0,
5919,326470,884.0,0.0,0.0,0.0,261.0,0.0,0.0,261.0,
18967,1510048,1060.0,0.0,0.0,0.0,903.0,0.0,0.0,903.0,
11972,3702018,1665.0,0.0,0.0,0.0,1494.0,0.0,0.0,1494.0,
5041,1782733,1577.0,0.0,0.0,0.0,1401.0,0.0,0.0,1401.0,
6157,362676,1807.0,0.0,0.0,0.0,1570.0,0.0,0.0,1570.0,
9173,893026,1878.0,0.0,0.0,0.0,458.0,0.0,0.0,458.0,
6459,2782600,1748.0,0.0,0.0,0.0,1607.0,0.0,0.0,1607.0,
11948,832863,127.0,0.0,0.0,0.0,92.0,0.0,0.0,92.0,
12858,1791940,2015.0,0.0,0.0,0.0,1671.0,0.0,0.0,1671.0,
27398,2464269,2009.0,0.0,0.0,0.0,1653.0,0.0,0.0,1653.0,
6955,2462620,2197.0,0.0,0.0,0.0,2025.0,0.0,0.0,2025.0,
4769,3671738,541.0,0.0,0.0,0.0,395.0,0.0,0.0,395.0,
5355,3146711,1863.0,0.0,0.0,0.0,1527.0,0.0,0.0,1527.0,
6126,555280,1694.0,0.0,0.0,0.0,1381.0,0.0,0.0,1381.0,
5791,2081399,1277.0,0.0,0.0,0.0,1207.0,0.0,0.0,1207.0,
5516,2789969,1613.0,0.0,0.0,0.0,1396.0,0.0,0.0,1396.0,
23995,3531486,1376.0,0.0,0.0,0.0,400.0,0.0,0.0,400.0,
49279,3620683,179.0,0.0,0.0,0.0,121.0,0.0,0.0,121.0,
5376,3588598,2186.0,0.0,0.0,0.0,2026.0,0.0,0.0,2026.0,
10998,749013,1856.0,0.0,0.0,0.0,1589.0,0.0,0.0,1589.0,
13215,3690654,2066.0,0.0,0.0,0.0,1608.0,0.0,0.0,1608.0,
28163,2550821,1480.0,0.0,0.0,0.0,1096.0,0.0,0.0,1096.0,
7134,3354621,1327.0,0.0,0.0,0.0,1223.0,0.0,0.0,1223.0,
6141,1201747,1927.0,0.0,0.0,0.0,1736.0,0.0,0.0,1736.0,
8733,3124476,1779.0,0.0,0.0,0.0,433.0,0.0,0.0,433.0,
4774,265637,966.0,0.0,0.0,0.0,817.0,0.0,0.0,817.0,
10481,3665280,2013.0,0.0,0.0,0.0,1849.0,0.0,0.0,1849.0,
9313,2733104,1853.0,0.0,0.0,0.0,1718.0,0.0,0.0,1718.0,
3949,2503071,1691.0,0.0,0.0,0.0,1248.0,0.0,0.0,1248.0,
9007,1201523,2005.0,0.0,0.0,0.0,1792.0,0.0,0.0,1792.0,
6275,3813277,2090.0,0.0,0.0,0.0,1894.0,0.0,0.0,1894.0,
11948,892603,711.0,0.0,0.0,0.0,328.0,0.0,0.0,328.0,
3785,1658026,1384.0,0.0,0.0,0.0,1045.0,0.0,0.0,1045.0,
6637,1264955,1225.0,0.0,0.0,0.0,902.0,0.0,0.0,902.0,
5974,1199903,2033.0,0.0,0.0,0.0,1757.0,0.0,0.0,1757.0,
6421,3056138,1019.0,0.0,0.0,0.0,766.0,0.0,0.0,766.0,
7743,559794,2107.0,0.0,0.0,0.0,1716.0,0.0,0.0,1716.0,
6301,2033124,2148.0,0.0,0.0,0.0,1844.0,0.0,0.0,1844.0,
5862,3103468,378.0,0.0,0.0,0.0,304.0,0.0,0.0,304.0,
24776,3618433,315.0,0.0,0.0,0.0,200.0,0.0,0.0,200.0,
30290,3252785,1132.0,0.0,0.0,0.0,954.0,0.0,0.0,954.0,
24333,3633766,899.0,0.0,0.0,0.0,547.0,0.0,0.0,547.0,
7716,1210888,1213.0,0.0,0.0,0.0,1075.0,0.0,0.0,1075.0,
7212,3744202,1952.0,0.0,0.0,0.0,1706.0,0.0,0.0,1706.0,
7386,3812617,1817.0,0.0,0.0,0.0,1605.0,0.0,0.0,1605.0,
7481,2803719,1109.0,0.0,0.0,0.0,974.0,0.0,0.0,974.0,
24086,3222739,651.0,0.0,0.0,0.0,375.0,0.0,0.0,375.0,
9462,2117346,1287.0,0.0,0.0,0.0,1155.0,0.0,0.0,1155.0,
5849,2565294,966.0,0.0,0.0,0.0,859.0,0.0,0.0,859.0,
6325,3437938,2302.0,0.0,0.0,0.0,2015.0,0.0,0.0,2015.0,
6786,408450,2181.0,0.0,0.0,0.0,1888.0,0.0,0.0,1888.0,
5222,535034,1681.0,0.0,0.0,0.0,1480.0,0.0,0.0,1480.0,
5969,1823668,1691.0,0.0,0.0,0.0,1547.0,0.0,0.0,1547.0,
4206,2253803,1527.0,0.0,0.0,0.0,1217.0,0.0,0.0,1217.0,
13759,2974759,1565.0,0.0,0.0,0.0,524.0,0.0,0.0,524.0,
12196,3036289,1860.0,0.0,0.0,0.0,1593.0,0.0,0.0,1593.0,
4620,1227735,1894.0,0.0,0.0,0.0,1720.0,0.0,0.0,1720.0,
3864,3006519,2133.0,0.0,0.0,0.0,1771.0,0.0,0.0,1771.0,
5400,3176933,16.0,0.0,0.0,0.0,11.0,0.0,0.0,11.0,
4695,561803,1120.0,0.0,0.0,0.0,875.0,0.0,0.0,875.0,
9021,1203682,2474.0,0.0,0.0,0.0,2095.0,0.0,0.0,2095.0,
10206,885984,494.0,0.0,0.0,0.0,401.0,0.0,0.0,401.0,
5337,291324,688.0,0.0,0.0,0.0,535.0,0.0,0.0,535.0,
6925,3669369,2073.0,0.0,0.0,0.0,1850.0,0.0,0.0,1850.0,
11094,901259,1242.0,0.0,0.0,0.0,1080.0,0.0,0.0,1080.0,
7128,1211273,1725.0,0.0,0.0,0.0,1400.0,0.0,0.0,1400.0,
18133,1832129,1864.0,0.0,0.0,0.0,1738.0,0.0,0.0,1738.0,
3905,3832524,1957.0,0.0,0.0,0.0,1783.0,0.0,0.0,1783.0,
13488,2558659,2063.0,0.0,4.0,0.19389238972370335,1859.0,2.0,0.10758472296933835,1861.0,
3937,891113,2329.0,0.0,0.0,0.0,2030.0,0.0,0.0,2030.0,
10208,693646,1770.0,0.0,0.0,0.0,1440.0,0.0,0.0,1440.0,
5843,3845570,740.0,0.0,0.0,0.0,622.0,0.0,0.0,622.0,
14298,1122408,794.0,0.0,0.0,0.0,593.0,0.0,0.0,593.0,
6190,3968375,1052.0,0.0,0.0,0.0,951.0,0.0,0.0,951.0,
8370,1202147,742.0,0.0,0.0,0.0,577.0,0.0,0.0,577.0,
95392,3735687,1647.0,0.0,0.0,0.0,1542.0,0.0,0.0,1542.0,
4526,3882777,478.0,0.0,0.0,0.0,436.0,0.0,0.0,436.0,
4355,3261432,1200.0,0.0,0.0,0.0,873.0,0.0,0.0,873.0,
7171,458883,1572.0,0.0,0.0,0.0,1363.0,0.0,0.0,1363.0,
4841,269464,1449.0,0.0,0.0,0.0,1158.0,0.0,0.0,1158.0,
6295,1979075,249.0,0.0,0.0,0.0,190.0,0.0,0.0,190.0,
8658,2257144,1786.0,0.0,0.0,0.0,1459.0,0.0,0.0,1459.0,
7434,3847661,2283.0,0.0,0.0,0.0,1907.0,0.0,0.0,1907.0,
4310,3938415,749.0,0.0,0.0,0.0,631.0,0.0,0.0,631.0,
21661,1383179,271.0,0.0,0.0,0.0,187.0,0.0,0.0,187.0,
4684,3636814,2680.0,0.0,0.0,0.0,2281.0,0.0,0.0,2281.0,
22012,1358480,1582.0,0.0,0.0,0.0,412.0,0.0,0.0,412.0,
4249,235665,515.0,0.0,0.0,0.0,208.0,0.0,0.0,208.0,
5665,1783218,1954.0,0.0,0.0,0.0,1824.0,0.0,0.0,1824.0,
8938,1031301,2260.0,0.0,0.0,0.0,1830.0,0.0,0.0,1830.0,
4127,1204579,1528.0,0.0,0.0,0.0,1435.0,0.0,0.0,1435.0,
7556,3522678,2173.0,0.0,0.0,0.0,1949.0,0.0,0.0,1949.0,
11956,3065338,1301.0,0.0,0.0,0.0,1080.0,0.0,0.0,1080.0,
5846,3557926,2421.0,0.0,0.0,0.0,2145.0,0.0,0.0,2145.0,
4884,3437981,1500.0,0.0,0.0,0.0,1325.0,0.0,0.0,1325.0,
26196,3698802,2278.0,0.0,0.0,0.0,2061.0,0.0,0.0,2061.0,
13115,1661424,636.0,0.0,0.0,0.0,295.0,0.0,0.0,295.0,
4177,2989815,1713.0,0.0,0.0,0.0,1536.0,0.0,0.0,1536.0,
5354,2991024,2146.0,0.0,0.0,0.0,1880.0,0.0,0.0,1880.0,
4467,1818490,1601.0,0.0,0.0,0.0,1462.0,0.0,0.0,1462.0,
6544,389384,2419.0,0.0,0.0,0.0,2213.0,0.0,0.0,2213.0,
7192,3695845,1895.0,0.0,0.0,0.0,1630.0,0.0,0.0,1630.0,
6925,3773338,2167.0,0.0,0.0,0.0,1933.0,0.0,0.0,1933.0,
19683,1721402,506.0,0.0,0.0,0.0,276.0,0.0,0.0,276.0,
5866,1815073,972.0,0.0,0.0,0.0,283.0,0.0,0.0,283.0,
3625,2053370,234.0,0.0,0.0,0.0,145.0,0.0,0.0,145.0,
25877,2936050,1556.0,0.0,0.0,0.0,1376.0,0.0,0.0,1376.0,
15933,3045123,1977.0,0.0,0.0,0.0,1790.0,0.0,0.0,1790.0,
4245,3797459,2149.0,0.0,0.0,0.0,1835.0,0.0,0.0,1835.0,
5405,1907546,1770.0,0.0,0.0,0.0,1662.0,0.0,0.0,1662.0,
28170,2222194,207.0,0.0,0.0,0.0,159.0,0.0,0.0,159.0,
27350,2562040,621.0,0.0,0.0,0.0,461.0,0.0,0.0,461.0,
13577,3676341,2264.0,0.0,0.0,0.0,2023.0,0.0,0.0,2023.0,
9314,1219404,1989.0,0.0,0.0,0.0,1746.0,0.0,0.0,1746.0,
5462,1379115,1180.0,0.0,0.0,0.0,1013.0,0.0,0.0,1013.0,
7010,486333,570.0,0.0,0.0,0.0,227.0,0.0,0.0,227.0,
10206,782343,21.0,0.0,0.0,0.0,17.0,0.0,0.0,17.0,
4136,1710536,1165.0,0.0,0.0,0.0,1103.0,0.0,0.0,1103.0,
4352,1013411,1711.0,0.0,0.0,0.0,1486.0,0.0,0.0,1486.0,
11948,1732514,516.0,0.0,0.0,0.0,272.0,0.0,0.0,272.0,
5717,3780040,2134.0,0.0,0.0,0.0,1925.0,0.0,0.0,1925.0,
5667,486900,161.0,0.0,0.0,0.0,141.0,0.0,0.0,141.0,
3940,1891700,1782.0,0.0,0.0,0.0,1601.0,0.0,0.0,1601.0,
8816,2756155,1196.0,0.0,0.0,0.0,726.0,0.0,0.0,726.0,
7453,3685123,2147.0,0.0,0.0,0.0,1860.0,0.0,0.0,1860.0,
25272,3275831,916.0,0.0,0.0,0.0,730.0,0.0,0.0,730.0,
110516,3761571,461.0,0.0,0.0,0.0,361.0,0.0,0.0,361.0,
10206,3880822,402.0,0.0,0.0,0.0,339.0,0.0,0.0,339.0,
5051,1787564,1732.0,0.0,0.0,0.0,1578.0,0.0,0.0,1578.0,
6996,487547,1739.0,0.0,0.0,0.0,1540.0,0.0,0.0,1540.0,
6968,1943158,516.0,0.0,0.0,0.0,455.0,0.0,0.0,455.0,
8496,3417817,1236.0,0.0,0.0,0.0,902.0,0.0,0.0,902.0,
14765,1073472,334.0,0.0,0.0,0.0,295.0,0.0,0.0,295.0,
5888,3385500,1889.0,0.0,0.0,0.0,1692.0,0.0,0.0,1692.0,
8842,3259474,2064.0,0.0,0.0,0.0,1718.0,0.0,0.0,1718.0,
9173,1279263,2175.0,0.0,0.0,0.0,653.0,0.0,0.0,653.0,
4256,243627,1807.0,0.0,0.0,0.0,1609.0,0.0,0.0,1609.0,
4507,250523,775.0,0.0,0.0,0.0,639.0,0.0,0.0,639.0,
9759,756016,1295.0,0.0,0.0,0.0,1079.0,0.0,0.0,1079.0,
3967,3383044,1157.0,0.0,0.0,0.0,951.0,0.0,0.0,951.0,
5967,3538108,1750.0,0.0,0.0,0.0,1489.0,0.0,0.0,1489.0,
33126,2826846,1177.0,0.0,0.0,0.0,1049.0,0.0,0.0,1049.0,
26142,3036269,1970.0,0.0,0.0,0.0,1771.0,0.0,0.0,1771.0,
9176,1039422,2250.0,0.0,0.0,0.0,1920.0,0.0,0.0,1920.0,
11962,3711738,1232.0,0.0,0.0,0.0,1129.0,0.0,0.0,1129.0,
9175,623023,2207.0,0.0,0.0,0.0,1945.0,0.0,0.0,1945.0,
13598,954048,1157.0,0.0,0.0,0.0,1056.0,0.0,0.0,1056.0,
45426,3620470,484.0,0.0,0.0,0.0,351.0,0.0,0.0,351.0,
5947,330536,943.0,0.0,0.0,0.0,310.0,0.0,0.0,310.0,
24776,1723160,1043.0,0.0,0.0,0.0,476.0,0.0,0.0,476.0,
24086,2364195,537.0,0.0,0.0,0.0,290.0,0.0,0.0,290.0,
37200,2940503,654.0,0.0,0.0,0.0,523.0,0.0,0.0,523.0,
28321,2495820,178.0,0.0,0.0,0.0,132.0,0.0,0.0,132.0,
8811,1040824,2158.0,0.0,0.0,0.0,1896.0,0.0,0.0,1896.0,
7142,1220112,1974.0,0.0,0.0,0.0,1774.0,0.0,0.0,1774.0,
33420,3303157,369.0,0.0,0.0,0.0,296.0,0.0,0.0,296.0,
5219,2782665,1133.0,0.0,0.0,0.0,1023.0,0.0,0.0,1023.0,
6557,3117620,1970.0,0.0,0.0,0.0,1718.0,0.0,0.0,1718.0,
7430,1598725,2308.0,0.0,0.0,0.0,1890.0,0.0,0.0,1890.0,
9488,647794,2140.0,0.0,0.0,0.0,1929.0,0.0,0.0,1929.0,
13170,1202307,2032.0,0.0,0.0,0.0,1755.0,0.0,0.0,1755.0,
9327,3122082,1722.0,0.0,0.0,0.0,1403.0,0.0,0.0,1403.0,
5865,3551134,2154.0,0.0,0.0,0.0,1778.0,0.0,0.0,1778.0,
5860,326223,1034.0,0.0,0.0,0.0,827.0,0.0,0.0,827.0,
6304,3204972,771.0,0.0,0.0,0.0,693.0,0.0,0.0,693.0,
9622,1782932,1780.0,0.0,0.0,0.0,1451.0,0.0,0.0,1451.0,
6496,386567,2495.0,0.0,0.0,0.0,2041.0,0.0,0.0,2041.0,
39034,3679062,2460.0,0.0,0.0,0.0,1843.0,0.0,0.0,1843.0,
18902,3560872,1973.0,0.0,0.0,0.0,1836.0,0.0,0.0,1836.0,
8470,551260,616.0,0.0,0.0,0.0,522.0,0.0,0.0,522.0,
6232,1972812,1126.0,0.0,0.0,0.0,905.0,0.0,0.0,905.0,
4422,2517178,1997.0,0.0,0.0,0.0,1891.0,0.0,0.0,1891.0,
8522,2925431,2102.0,0.0,0.0,0.0,1761.0,0.0,0.0,1761.0,
7914,3833121,1856.0,0.0,0.0,0.0,1357.0,0.0,0.0,1357.0,
5605,321776,2579.0,0.0,0.0,0.0,2142.0,0.0,0.0,2142.0,
36768,3374690,2041.0,0.0,0.0,0.0,1616.0,0.0,0.0,1616.0,
11201,3780596,8.0,0.0,0.0,0.0,3.0,0.0,0.0,3.0,
6072,3326685,1615.0,0.0,0.0,0.0,1425.0,0.0,0.0,1425.0,
26329,2541907,1163.0,0.0,0.0,0.0,906.0,0.0,0.0,906.0,
5190,1203389,1464.0,0.0,0.0,0.0,1372.0,0.0,0.0,1372.0,
10206,958850,406.0,0.0,0.0,0.0,324.0,0.0,0.0,324.0,
7641,1206943,1019.0,0.0,0.0,0.0,913.0,0.0,0.0,913.0,
34158,3467863,1014.0,0.0,0.0,0.0,697.0,0.0,0.0,697.0,
4858,281151,1953.0,0.0,0.0,0.0,1461.0,0.0,0.0,1461.0,
4346,3732734,1908.0,0.0,0.0,0.0,1678.0,0.0,0.0,1678.0,
22012,1350704,2109.0,0.0,0.0,0.0,1680.0,0.0,0.0,1680.0,
4371,294873,713.0,0.0,0.0,0.0,540.0,0.0,0.0,540.0,
5369,700030,1717.0,0.0,0.0,0.0,1421.0,0.0,0.0,1421.0,
6236,2115688,2571.0,0.0,0.0,0.0,2243.0,0.0,0.0,2243.0,
28370,2114833,1476.0,0.0,0.0,0.0,378.0,0.0,0.0,378.0,
7699,683315,1106.0,0.0,0.0,0.0,866.0,0.0,0.0,866.0,
4231,1829523,1803.0,0.0,0.0,0.0,1636.0,0.0,0.0,1636.0,
11172,2290361,1536.0,0.0,0.0,0.0,1007.0,0.0,0.0,1007.0,
4618,258461,1999.0,0.0,0.0,0.0,1819.0,0.0,0.0,1819.0,
12012,851110,2156.0,0.0,0.0,0.0,1859.0,0.0,0.0,1859.0,
8639,3315217,2323.0,0.0,0.0,0.0,2064.0,0.0,0.0,2064.0,
10681,1080443,2291.0,0.0,0.0,0.0,2094.0,0.0,0.0,2094.0,
5506,1544765,1719.0,0.0,0.0,0.0,1438.0,0.0,0.0,1438.0,
7121,2958530,892.0,0.0,0.0,0.0,803.0,0.0,0.0,803.0,
4309,2776603,2049.0,0.0,0.0,0.0,1868.0,0.0,0.0,1868.0,
9917,3655732,1610.0,0.0,0.0,0.0,1413.0,0.0,0.0,1413.0,
8802,588119,1779.0,0.0,0.0,0.0,1295.0,0.0,0.0,1295.0,
4882,1197210,1387.0,0.0,0.0,0.0,1234.0,0.0,0.0,1234.0,
26630,2970672,449.0,0.0,0.0,0.0,276.0,0.0,0.0,276.0,
4515,251181,257.0,0.0,0.0,0.0,220.0,0.0,0.0,220.0,
8512,3912698,2117.0,0.0,0.0,0.0,1682.0,0.0,0.0,1682.0,
7457,471349,2272.0,0.0,0.0,0.0,1955.0,0.0,0.0,1955.0,
7033,2544136,1273.0,0.0,0.0,0.0,1165.0,0.0,0.0,1165.0,
14234,1257449,1559.0,0.0,0.0,0.0,1274.0,0.0,0.0,1274.0,
7031,2726984,2315.0,0.0,0.0,0.0,2071.0,0.0,0.0,2071.0,
11945,1800781,1531.0,0.0,0.0,0.0,1433.0,0.0,0.0,1433.0,
6174,363936,1169.0,0.0,0.0,0.0,1049.0,0.0,0.0,1049.0,
9049,2650037,1181.0,0.0,0.0,0.0,724.0,0.0,0.0,724.0,
21165,1669815,193.0,0.0,0.0,0.0,174.0,0.0,0.0,174.0,
86468,3527807,600.0,0.0,0.0,0.0,351.0,0.0,0.0,351.0,
3263,1259379,1021.0,0.0,0.0,0.0,305.0,0.0,0.0,305.0,
21341,3897545,1384.0,0.0,0.0,0.0,1196.0,0.0,0.0,1196.0,
7558,766076,739.0,0.0,0.0,0.0,593.0,0.0,0.0,593.0,
3783,3554185,1696.0,0.0,0.0,0.0,1562.0,0.0,0.0,1562.0,
4210,230133,1536.0,0.0,0.0,0.0,1416.0,0.0,0.0,1416.0,
23691,1876878,333.0,0.0,0.0,0.0,204.0,0.0,0.0,204.0,
7002,1694714,2049.0,0.0,0.0,0.0,1782.0,0.0,0.0,1782.0,
6428,1221829,1898.0,0.0,0.0,0.0,1778.0,0.0,0.0,1778.0,
18483,3003261,2015.0,0.0,0.0,0.0,1544.0,0.0,0.0,1544.0,
38164,3951241,1204.0,0.0,0.0,0.0,818.0,0.0,0.0,818.0,
4345,2509362,1574.0,0.0,0.0,0.0,1453.0,0.0,0.0,1453.0,
26907,3518223,1841.0,0.0,0.0,0.0,1673.0,0.0,0.0,1673.0,
29172,2332825,254.0,0.0,0.0,0.0,181.0,0.0,0.0,181.0,
3965,1487385,706.0,0.0,0.0,0.0,588.0,0.0,0.0,588.0,
14151,3120338,2189.0,0.0,0.0,0.0,1726.0,0.0,0.0,1726.0,
7570,3394085,2023.0,0.0,0.0,0.0,1862.0,0.0,0.0,1862.0,
3552,3476436,425.0,0.0,0.0,0.0,277.0,0.0,0.0,277.0,
14309,1763211,2001.0,0.0,0.0,0.0,1449.0,0.0,0.0,1449.0,
8828,1080795,2066.0,0.0,0.0,0.0,1810.0,0.0,0.0,1810.0,
4241,2560122,1791.0,0.0,0.0,0.0,1557.0,0.0,0.0,1557.0,
7288,2303445,2038.0,0.0,0.0,0.0,1806.0,0.0,0.0,1806.0,
5111,3428719,1352.0,0.0,0.0,0.0,1195.0,0.0,0.0,1195.0,
4281,2735009,399.0,0.0,0.0,0.0,359.0,0.0,0.0,359.0,
24860,3707639,1930.0,0.0,0.0,0.0,1742.0,0.0,0.0,1742.0,
6520,3667156,1606.0,0.0,0.0,0.0,1486.0,0.0,0.0,1486.0,
28370,2398557,857.0,0.0,0.0,0.0,333.0,0.0,0.0,333.0,
4437,3638690,1587.0,0.0,0.0,0.0,1487.0,0.0,0.0,1487.0,
14237,3685878,1576.0,0.0,0.0,0.0,1416.0,0.0,0.0,1416.0,
4874,2251062,1395.0,0.0,0.0,0.0,1252.0,0.0,0.0,1252.0,
13375,1393178,893.0,0.0,0.0,0.0,618.0,0.0,0.0,618.0,
26835,3466654,1723.0,0.0,0.0,0.0,1380.0,0.0,0.0,1380.0,
5039,3220705,2044.0,0.0,0.0,0.0,1874.0,0.0,0.0,1874.0,
5846,2786521,1908.0,0.0,0.0,0.0,1561.0,0.0,0.0,1561.0,
3594,986211,473.0,0.0,0.0,0.0,337.0,0.0,0.0,337.0,
4616,680388,486.0,0.0,0.0,0.0,446.0,0.0,0.0,446.0,
14014,1359208,54.0,0.0,0.0,0.0,39.0,0.0,0.0,39.0,
5096,1216537,1592.0,0.0,0.0,0.0,1463.0,0.0,0.0,1463.0,
11201,3603052,1109.0,0.0,0.0,0.0,1009.0,0.0,0.0,1009.0,
7740,732012,1542.0,0.0,0.0,0.0,1324.0,0.0,0.0,1324.0,
5196,386642,461.0,0.0,0.0,0.0,143.0,0.0,0.0,143.0,
5101,278594,1930.0,0.0,0.0,0.0,1790.0,0.0,0.0,1790.0,
9316,1478981,1640.0,0.0,0.0,0.0,1503.0,0.0,0.0,1503.0,
38461,3478154,1466.0,0.0,0.0,0.0,447.0,0.0,0.0,447.0,
10206,2425989,409.0,0.0,0.0,0.0,341.0,0.0,0.0,341.0,
3960,208674,1001.0,0.0,0.0,0.0,937.0,0.0,0.0,937.0,
11345,2221533,546.0,0.0,0.0,0.0,308.0,0.0,0.0,308.0,
20096,1275478,172.0,0.0,0.0,0.0,109.0,0.0,0.0,109.0,
4832,3457593,1895.0,0.0,0.0,0.0,1674.0,0.0,0.0,1674.0,
6025,3511162,1525.0,0.0,0.0,0.0,1288.0,0.0,0.0,1288.0,
5390,296013,2280.0,0.0,0.0,0.0,1806.0,0.0,0.0,1806.0,
5804,2820400,1944.0,0.0,0.0,0.0,1784.0,0.0,0.0,1784.0,
7681,1845458,2137.0,0.0,0.0,0.0,1740.0,0.0,0.0,1740.0,
6579,3091591,1618.0,0.0,0.0,0.0,1299.0,0.0,0.0,1299.0,
3791,1824851,1842.0,0.0,0.0,0.0,1666.0,0.0,0.0,1666.0,
5539,2193697,1642.0,0.0,0.0,0.0,1448.0,0.0,0.0,1448.0,
38350,3588667,1458.0,0.0,0.0,0.0,975.0,0.0,0.0,975.0,
12025,2390009,1729.0,0.0,0.0,0.0,1581.0,0.0,0.0,1581.0,
18993,3638908,1980.0,0.0,0.0,0.0,1680.0,0.0,0.0,1680.0,
19173,1479764,2195.0,0.0,0.0,0.0,1978.0,0.0,0.0,1978.0,
26170,2033918,329.0,0.0,0.0,0.0,221.0,0.0,0.0,221.0,
4761,3325384,913.0,0.0,0.0,0.0,841.0,0.0,0.0,841.0,
6159,1198987,2041.0,0.0,0.0,0.0,1703.0,0.0,0.0,1703.0,
33420,3267388,777.0,0.0,0.0,0.0,541.0,0.0,0.0,541.0,
13263,2796978,1864.0,0.0,0.0,0.0,1666.0,0.0,0.0,1666.0,
4419,3615019,1704.0,0.0,0.0,0.0,1612.0,0.0,0.0,1612.0,
7088,1210636,1775.0,0.0,0.0,0.0,1621.0,0.0,0.0,1621.0,
3948,1960040,1526.0,0.0,0.0,0.0,1319.0,0.0,0.0,1319.0,
9599,1782275,1277.0,0.0,0.0,0.0,1175.0,0.0,0.0,1175.0,
11948,1732565,446.0,0.0,0.0,0.0,266.0,0.0,0.0,266.0,
13215,3975475,465.0,0.0,0.0,0.0,353.0,0.0,0.0,353.0,
28370,2114634,698.0,0.0,0.0,0.0,203.0,0.0,0.0,203.0,
11160,2499659,1121.0,0.0,0.0,0.0,827.0,0.0,0.0,827.0,
14197,3737717,1621.0,0.0,0.0,0.0,1454.0,0.0,0.0,1454.0,
11948,1667095,330.0,0.0,0.0,0.0,103.0,0.0,0.0,103.0,
9540,3363549,1284.0,0.0,0.0,0.0,371.0,0.0,0.0,371.0,
28370,2155338,885.0,0.0,0.0,0.0,401.0,0.0,0.0,401.0,
4252,685367,1256.0,0.0,0.0,0.0,1011.0,0.0,0.0,1011.0,
10573,807530,265.0,0.0,0.0,0.0,151.0,0.0,0.0,151.0,
4716,262964,678.0,0.0,0.0,0.0,589.0,0.0,0.0,589.0,
37595,2979306,1763.0,0.0,0.0,0.0,1397.0,0.0,0.0,1397.0,
5460,981382,214.0,0.0,0.0,0.0,174.0,0.0,0.0,174.0,
8979,3445026,1607.0,0.0,0.0,0.0,1289.0,0.0,0.0,1289.0,
10494,2036589,1645.0,0.0,0.0,0.0,1525.0,0.0,0.0,1525.0,
10206,935861,439.0,0.0,0.0,0.0,358.0,0.0,0.0,358.0,
4000,216852,1416.0,0.0,0.0,0.0,1290.0,0.0,0.0,1290.0,
23997,1926375,1322.0,0.0,0.0,0.0,1132.0,0.0,0.0,1132.0,
24880,3355357,657.0,0.0,0.0,0.0,333.0,0.0,0.0,333.0,
11944,1202844,1839.0,0.0,0.0,0.0,1659.0,0.0,0.0,1659.0,
4879,272628,1009.0,0.0,0.0,0.0,357.0,0.0,0.0,357.0,
4872,3804665,1257.0,0.0,0.0,0.0,1099.0,0.0,0.0,1099.0,
4511,1478659,1645.0,0.0,0.0,0.0,1347.0,0.0,0.0,1347.0,
14873,1030638,315.0,0.0,0.0,0.0,151.0,0.0,0.0,151.0,
22360,3488194,1778.0,0.0,0.0,0.0,1492.0,0.0,0.0,1492.0,
11195,3645676,1417.0,0.0,0.0,0.0,1270.0,0.0,0.0,1270.0,
29282,2183598,2115.0,0.0,0.0,0.0,1913.0,0.0,0.0,1913.0,
9498,1110637,896.0,0.0,0.0,0.0,827.0,0.0,0.0,827.0,
3797,3423745,1699.0,0.0,0.0,0.0,1613.0,0.0,0.0,1613.0,
8697,3951298,1891.0,0.0,0.0,0.0,1694.0,0.0,0.0,1694.0,
6001,3831115,2131.0,0.0,0.0,0.0,1913.0,0.0,0.0,1913.0,
4670,260116,1131.0,0.0,0.0,0.0,939.0,0.0,0.0,939.0,
13323,3112997,2658.0,0.0,0.0,0.0,2287.0,0.0,0.0,2287.0,
7908,3046222,1454.0,0.0,0.0,0.0,1303.0,0.0,0.0,1303.0,
24776,1777346,680.0,0.0,0.0,0.0,189.0,0.0,0.0,189.0,
11229,3743862,2240.0,0.0,0.0,0.0,2062.0,0.0,0.0,2062.0,
19432,2713439,2020.0,0.0,0.0,0.0,1848.0,0.0,0.0,1848.0,
18097,1278818,2083.0,0.0,0.0,0.0,1861.0,0.0,0.0,1861.0,
31321,3716403,790.0,0.0,0.0,0.0,731.0,0.0,0.0,731.0,
5790,316406,2203.0,0.0,0.0,0.0,1719.0,0.0,0.0,1719.0,
4601,2791765,1765.0,0.0,0.0,0.0,1482.0,0.0,0.0,1482.0,
9849,917143,737.0,0.0,0.0,0.0,586.0,0.0,0.0,586.0,
13349,2368404,379.0,0.0,0.0,0.0,300.0,0.0,0.0,300.0,
11948,1032120,410.0,0.0,0.0,0.0,231.0,0.0,0.0,231.0,
20002,3274302,458.0,0.0,0.0,0.0,268.0,0.0,0.0,268.0,
5095,1804761,354.0,0.0,0.0,0.0,336.0,0.0,0.0,336.0,
9314,2983454,1923.0,0.0,0.0,0.0,1598.0,0.0,0.0,1598.0,
36719,2814321,769.0,0.0,0.0,0.0,379.0,0.0,0.0,379.0,
7555,2141460,1971.0,0.0,0.0,0.0,1705.0,0.0,0.0,1705.0,
6993,3823130,1592.0,0.0,0.0,0.0,1423.0,0.0,0.0,1423.0,
8733,3161985,1612.0,0.0,0.0,0.0,420.0,0.0,0.0,420.0,
4843,2152465,1853.0,0.0,0.0,0.0,1519.0,0.0,0.0,1519.0,
23917,1535598,426.0,0.0,0.0,0.0,209.0,0.0,0.0,209.0,
5952,1730655,399.0,0.0,0.0,0.0,319.0,0.0,0.0,319.0,
3187,2816733,1337.0,0.0,0.0,0.0,1095.0,0.0,0.0,1095.0,
18819,1226351,1772.0,0.0,0.0,0.0,1665.0,0.0,0.0,1665.0,
13187,1978312,2258.0,0.0,0.0,0.0,1792.0,0.0,0.0,1792.0,
9203,1209283,484.0,0.0,0.0,0.0,413.0,0.0,0.0,413.0,
4272,3450351,2170.0,0.0,0.0,0.0,1930.0,0.0,0.0,1930.0,
4807,3670077,1674.0,0.0,0.0,0.0,1563.0,0.0,0.0,1563.0,
19282,3085421,1465.0,0.0,0.0,0.0,1331.0,0.0,0.0,1331.0,
21920,1515372,858.0,0.0,0.0,0.0,460.0,0.0,0.0,460.0,
25264,2820928,518.0,0.0,0.0,0.0,463.0,0.0,0.0,463.0,
5961,331325,1688.0,0.0,0.0,0.0,1514.0,0.0,0.0,1514.0,
5983,2509563,2072.0,0.0,0.0,0.0,1850.0,0.0,0.0,1850.0,
14151,1874017,2046.0,0.0,0.0,0.0,1512.0,0.0,0.0,1512.0,
24830,3533390,488.0,0.0,0.0,0.0,363.0,0.0,0.0,363.0,
6344,2370967,1148.0,0.0,0.0,0.0,1074.0,0.0,0.0,1074.0,
5983,3796346,2295.0,0.0,0.0,0.0,2056.0,0.0,0.0,2056.0,
3859,1179094,1496.0,0.0,0.0,0.0,1386.0,0.0,0.0,1386.0,
9791,3036542,2202.0,0.0,0.0,0.0,1705.0,0.0,0.0,1705.0,
5784,1823068,805.0,0.0,0.0,0.0,734.0,0.0,0.0,734.0,
12142,1015857,1104.0,0.0,0.0,0.0,447.0,0.0,0.0,447.0,
6227,609436,974.0,0.0,0.0,0.0,322.0,0.0,0.0,322.0,
19637,1272265,189.0,0.0,0.0,0.0,147.0,0.0,0.0,147.0,
12025,809496,1908.0,0.0,0.0,0.0,1674.0,0.0,0.0,1674.0,
6429,3792644,1423.0,0.0,0.0,0.0,1258.0,0.0,0.0,1258.0,
5784,3006405,2276.0,0.0,0.0,0.0,2045.0,0.0,0.0,2045.0,
4689,3390109,2030.0,0.0,0.0,0.0,1736.0,0.0,0.0,1736.0,
32330,3522711,1642.0,0.0,0.0,0.0,1418.0,0.0,0.0,1418.0,
9086,1203101,1555.0,0.0,0.0,0.0,1470.0,0.0,0.0,1470.0,
18274,2358728,1031.0,0.0,0.0,0.0,937.0,0.0,0.0,937.0,
6853,3401350,689.0,0.0,0.0,0.0,609.0,0.0,0.0,609.0,
39026,3486674,626.0,0.0,0.0,0.0,448.0,0.0,0.0,448.0,
4889,272655,2060.0,0.0,0.0,0.0,1883.0,0.0,0.0,1883.0,
6534,3610154,1860.0,0.0,0.0,0.0,1562.0,0.0,0.0,1562.0,
24086,2230471,337.0,0.0,0.0,0.0,119.0,0.0,0.0,119.0,
4340,237418,1310.0,0.0,0.0,0.0,387.0,0.0,0.0,387.0,
6709,3420402,2207.0,0.0,0.0,0.0,2014.0,0.0,0.0,2014.0,
24776,1703388,147.0,0.0,0.0,0.0,87.0,0.0,0.0,87.0,
10973,1735653,2259.0,0.0,0.0,0.0,1652.0,0.0,0.0,1652.0,
7963,3293703,1763.0,0.0,0.0,0.0,1629.0,0.0,0.0,1629.0,
13598,1031644,1032.0,0.0,0.0,0.0,866.0,0.0,0.0,866.0,
19043,1181656,108.0,0.0,0.0,0.0,97.0,0.0,0.0,97.0,
16315,1233207,2064.0,0.0,0.0,0.0,1891.0,0.0,0.0,1891.0,
5165,1217835,1388.0,0.0,0.0,0.0,1262.0,0.0,0.0,1262.0,
6663,705629,2272.0,0.0,0.0,0.0,1939.0,0.0,0.0,1939.0,
25836,3704549,413.0,0.0,0.0,0.0,379.0,0.0,0.0,379.0,
9173,796973,185.0,0.0,0.0,0.0,124.0,0.0,0.0,124.0,
5848,3187622,1622.0,0.0,0.0,0.0,1524.0,0.0,0.0,1524.0,
6151,2117405,2399.0,0.0,0.0,0.0,2164.0,0.0,0.0,2164.0,
4660,3780158,1152.0,0.0,0.0,0.0,1006.0,0.0,0.0,1006.0,
7715,1224296,1693.0,0.0,0.0,0.0,1538.0,0.0,0.0,1538.0,
13375,2337426,484.0,0.0,0.0,0.0,310.0,0.0,0.0,310.0,
6442,378529,1830.0,0.0,0.0,0.0,1629.0,0.0,0.0,1629.0,
4299,3931369,2226.0,0.0,0.0,0.0,1919.0,0.0,0.0,1919.0,
4855,1820538,1399.0,0.0,0.0,0.0,1277.0,0.0,0.0,1277.0,
3798,680348,814.0,0.0,0.0,0.0,689.0,0.0,0.0,689.0,
9168,708915,215.0,0.0,0.0,0.0,141.0,0.0,0.0,141.0,
12142,1025997,765.0,0.0,0.0,0.0,267.0,0.0,0.0,267.0,
12025,3296661,1141.0,0.0,0.0,0.0,1032.0,0.0,0.0,1032.0,
7256,3624862,1667.0,0.0,0.0,0.0,1306.0,0.0,0.0,1306.0,
21925,1350558,2020.0,0.0,0.0,0.0,1636.0,0.0,0.0,1636.0,
3834,2990819,1924.0,0.0,0.0,0.0,1762.0,0.0,0.0,1762.0,
7404,3086451,2190.0,0.0,0.0,0.0,1952.0,0.0,0.0,1952.0,
23905,1957298,439.0,0.0,0.0,0.0,257.0,0.0,0.0,257.0,
21862,2678040,1634.0,0.0,0.0,0.0,1024.0,0.0,0.0,1024.0,
4713,1813657,1889.0,0.0,0.0,0.0,1648.0,0.0,0.0,1648.0,
5790,316414,2244.0,0.0,0.0,0.0,1705.0,0.0,0.0,1705.0,
7570,3188818,1603.0,0.0,0.0,0.0,1437.0,0.0,0.0,1437.0,
27921,2482867,210.0,0.0,0.0,0.0,142.0,0.0,0.0,142.0,
26547,3660701,2513.0,0.0,0.0,0.0,2050.0,0.0,0.0,2050.0,
5442,3077387,2276.0,0.0,0.0,0.0,1930.0,0.0,0.0,1930.0,
24644,1581485,151.0,0.0,0.0,0.0,104.0,0.0,0.0,104.0,
9388,2663758,1869.0,0.0,0.0,0.0,1664.0,0.0,0.0,1664.0,
6229,366994,639.0,0.0,0.0,0.0,577.0,0.0,0.0,577.0,
5904,3458485,1604.0,0.0,0.0,0.0,1433.0,0.0,0.0,1433.0,
5618,692105,1027.0,0.0,0.0,0.0,799.0,0.0,0.0,799.0,
8733,1342189,1683.0,0.0,0.0,0.0,523.0,0.0,0.0,523.0,
13868,1393922,1955.0,0.0,0.0,0.0,1554.0,0.0,0.0,1554.0,
7097,2738250,1991.0,0.0,0.0,0.0,1565.0,0.0,0.0,1565.0,
25410,1646882,472.0,0.0,0.0,0.0,379.0,0.0,0.0,379.0,
28370,2114546,1291.0,0.0,0.0,0.0,490.0,0.0,0.0,490.0,
5368,3508455,1795.0,0.0,0.0,0.0,1491.0,0.0,0.0,1491.0,
4356,238050,1559.0,0.0,0.0,0.0,1376.0,0.0,0.0,1376.0,
3788,3434996,1976.0,0.0,0.0,0.0,1790.0,0.0,0.0,1790.0,
14862,3938597,2296.0,0.0,0.0,0.0,1963.0,0.0,0.0,1963.0,
4519,3324708,555.0,0.0,0.0,0.0,494.0,0.0,0.0,494.0,
36270,3438446,112.0,0.0,0.0,0.0,97.0,0.0,0.0,97.0,
10260,2529629,1201.0,0.0,0.0,0.0,364.0,0.0,0.0,364.0,
24034,1731961,595.0,0.0,0.0,0.0,440.0,0.0,0.0,440.0,
11948,968680,302.0,0.0,0.0,0.0,191.0,0.0,0.0,191.0,
9339,1928560,1877.0,0.0,0.0,0.0,1663.0,0.0,0.0,1663.0,
7011,1010727,1594.0,0.0,0.0,0.0,1346.0,0.0,0.0,1346.0,
19282,2605075,2025.0,0.0,0.0,0.0,1802.0,0.0,0.0,1802.0,
27482,2424838,263.0,0.0,0.0,0.0,183.0,0.0,0.0,183.0,
37438,3302149,357.0,0.0,0.0,0.0,256.0,0.0,0.0,256.0,
5800,3018911,2035.0,0.0,0.0,0.0,1857.0,0.0,0.0,1857.0,
7171,3807974,953.0,0.0,0.0,0.0,777.0,0.0,0.0,777.0,
4890,3719459,1421.0,0.0,0.0,0.0,1291.0,0.0,0.0,1291.0,
3349,1380478,42.0,0.0,0.0,0.0,34.0,0.0,0.0,34.0,
7821,493025,240.0,0.0,0.0,0.0,213.0,0.0,0.0,213.0,
31421,2370932,667.0,0.0,0.0,0.0,241.0,0.0,0.0,241.0,
6533,3434947,1469.0,0.0,0.0,0.0,446.0,0.0,0.0,446.0,
14123,3213373,1732.0,0.0,0.0,0.0,1495.0,0.0,0.0,1495.0,
19046,1648673,1706.0,0.0,0.0,0.0,1568.0,0.0,0.0,1568.0,
8733,1433786,438.0,0.0,0.0,0.0,115.0,0.0,0.0,115.0,
9899,3816783,1808.0,0.0,0.0,0.0,1623.0,0.0,0.0,1623.0,
6412,775093,2620.0,0.0,0.0,0.0,2062.0,0.0,0.0,2062.0,
8812,1826776,1118.0,0.0,0.0,0.0,927.0,0.0,0.0,927.0,
9817,1992161,418.0,0.0,0.0,0.0,361.0,0.0,0.0,361.0,
4204,476346,1477.0,0.0,0.0,0.0,1337.0,0.0,0.0,1337.0,
37501,3111217,1603.0,0.0,0.0,0.0,1349.0,0.0,0.0,1349.0,
7453,3650229,2185.0,0.0,0.0,0.0,1884.0,0.0,0.0,1884.0,
4305,1220964,1810.0,0.0,0.0,0.0,1543.0,0.0,0.0,1543.0,
9313,3044371,908.0,0.0,0.0,0.0,826.0,0.0,0.0,826.0,
24776,2060232,546.0,0.0,0.0,0.0,202.0,0.0,0.0,202.0,
13348,958208,9.0,0.0,0.0,0.0,7.0,0.0,0.0,7.0,
10183,2457704,635.0,0.0,0.0,0.0,474.0,0.0,0.0,474.0,
21165,2054485,319.0,0.0,0.0,0.0,227.0,0.0,0.0,227.0,
14386,3651732,1583.0,0.0,0.0,0.0,1468.0,0.0,0.0,1468.0,
37656,3284108,2357.0,0.0,0.0,0.0,2040.0,0.0,0.0,2040.0,
4654,3480440,1992.0,0.0,0.0,0.0,1806.0,0.0,0.0,1806.0,
6236,2115641,2302.0,0.0,0.0,0.0,2007.0,0.0,0.0,2007.0,
5162,3397581,1976.0,0.0,0.0,0.0,1729.0,0.0,0.0,1729.0,
19043,1181639,1057.0,0.0,0.0,0.0,691.0,0.0,0.0,691.0,
5083,1478182,2041.0,0.0,0.0,0.0,1825.0,0.0,0.0,1825.0,
4203,1948762,904.0,0.0,0.0,0.0,751.0,0.0,0.0,751.0,
6227,1828570,1655.0,0.0,0.0,0.0,1419.0,0.0,0.0,1419.0,
4391,3667277,1783.0,0.0,0.0,0.0,1511.0,0.0,0.0,1511.0,
4037,3718776,2044.0,0.0,0.0,0.0,1766.0,0.0,0.0,1766.0,
8511,3153653,1183.0,0.0,0.0,0.0,981.0,0.0,0.0,981.0,
39182,3216715,2215.0,0.0,0.0,0.0,2023.0,0.0,0.0,2023.0,
6584,459626,1362.0,0.0,0.0,0.0,1215.0,0.0,0.0,1215.0,
6394,376698,2111.0,0.0,0.0,0.0,1941.0,0.0,0.0,1941.0,
13389,3316992,1378.0,0.0,0.0,0.0,1215.0,0.0,0.0,1215.0,
34158,3043267,2276.0,0.0,0.0,0.0,1632.0,0.0,0.0,1632.0,
10570,723552,1197.0,0.0,0.0,0.0,1055.0,0.0,0.0,1055.0,
8733,3083508,1644.0,0.0,0.0,0.0,428.0,0.0,0.0,428.0,
4805,1960653,1812.0,0.0,0.0,0.0,1568.0,0.0,0.0,1568.0,
14134,1410029,63.0,0.0,0.0,0.0,42.0,0.0,0.0,42.0,
1676,1687877,451.0,0.0,0.0,0.0,317.0,0.0,0.0,317.0,
11948,2717009,127.0,0.0,0.0,0.0,74.0,0.0,0.0,74.0,
4306,3606574,2168.0,0.0,0.0,0.0,1980.0,0.0,0.0,1980.0,
6077,3816853,1696.0,0.0,0.0,0.0,1467.0,0.0,0.0,1467.0,
8668,1945313,1435.0,0.0,0.0,0.0,1229.0,0.0,0.0,1229.0,
38095,3476421,508.0,0.0,0.0,0.0,392.0,0.0,0.0,392.0,
13377,1901662,1784.0,0.0,0.0,0.0,998.0,0.0,0.0,998.0,
6242,3062332,2296.0,0.0,0.0,0.0,2108.0,0.0,0.0,2108.0,
10206,899779,295.0,0.0,0.0,0.0,243.0,0.0,0.0,243.0,
19481,1250419,1720.0,0.0,0.0,0.0,1454.0,0.0,0.0,1454.0,
20253,1362632,300.0,0.0,0.0,0.0,89.0,0.0,0.0,89.0,
4763,1831035,1781.0,0.0,0.0,0.0,1657.0,0.0,0.0,1657.0,
10118,3050744,860.0,0.0,0.0,0.0,238.0,0.0,0.0,238.0,
6953,999129,2562.0,0.0,1.0,0.039032006245121,2136.0,1.0,0.04681647940074907,2137.0,
39213,3224724,458.0,0.0,0.0,0.0,333.0,0.0,0.0,333.0,
4769,537251,588.0,0.0,0.0,0.0,424.0,0.0,0.0,424.0,
24776,1874532,543.0,0.0,0.0,0.0,201.0,0.0,0.0,201.0,
13389,3448949,2080.0,0.0,1.0,0.04807692307692308,1944.0,1.0,0.051440329218107,1945.0,
24776,1880470,1090.0,0.0,0.0,0.0,446.0,0.0,0.0,446.0,
8217,707146,501.0,0.0,0.0,0.0,437.0,0.0,0.0,437.0,
18508,3112426,1839.0,0.0,0.0,0.0,1635.0,0.0,0.0,1635.0,
6452,3806656,2361.0,0.0,0.0,0.0,1949.0,0.0,0.0,1949.0,
9088,2105325,1390.0,0.0,0.0,0.0,1054.0,0.0,0.0,1054.0,
26835,3344455,234.0,0.0,0.0,0.0,70.0,0.0,0.0,70.0,
11991,1217791,2211.0,0.0,0.0,0.0,1837.0,0.0,0.0,1837.0,
25274,2223747,730.0,0.0,0.0,0.0,688.0,0.0,0.0,688.0,
6925,1226113,1550.0,0.0,0.0,0.0,1375.0,0.0,0.0,1375.0,
8733,1176833,617.0,0.0,0.0,0.0,163.0,0.0,0.0,163.0,
5166,3606951,1473.0,0.0,0.0,0.0,1358.0,0.0,0.0,1358.0,
12923,923245,127.0,0.0,0.0,0.0,90.0,0.0,0.0,90.0,
27350,3178039,150.0,0.0,0.0,0.0,133.0,0.0,0.0,133.0,
24069,1517740,625.0,0.0,0.0,0.0,470.0,0.0,0.0,470.0,
4731,1813510,1425.0,0.0,0.0,0.0,1192.0,0.0,0.0,1192.0,
7129,803375,707.0,0.0,0.0,0.0,637.0,0.0,0.0,637.0,
28370,3618603,1686.0,0.0,0.0,0.0,759.0,0.0,0.0,759.0,
103881,3735049,613.0,0.0,0.0,0.0,455.0,0.0,0.0,455.0,
30287,2311090,256.0,0.0,0.0,0.0,245.0,0.0,0.0,245.0,
4442,3509473,1893.0,0.0,0.0,0.0,1714.0,0.0,0.0,1714.0,
5710,386124,1728.0,0.0,0.0,0.0,1420.0,0.0,0.0,1420.0,
8266,863209,446.0,0.0,0.0,0.0,375.0,0.0,0.0,375.0,
7471,2333642,2277.0,0.0,0.0,0.0,1856.0,0.0,0.0,1856.0,
13488,1439642,782.0,0.0,0.0,0.0,685.0,0.0,0.0,685.0,
28370,2114570,761.0,0.0,0.0,0.0,267.0,0.0,0.0,267.0,
4448,248288,1964.0,0.0,0.0,0.0,1711.0,0.0,0.0,1711.0,
6953,768700,2454.0,0.0,0.0,0.0,2049.0,0.0,0.0,2049.0,
6319,709102,1781.0,0.0,0.0,0.0,1640.0,0.0,0.0,1640.0,
5921,1238089,1339.0,0.0,0.0,0.0,1222.0,0.0,0.0,1222.0,
5395,2048521,1972.0,0.0,0.0,0.0,1750.0,0.0,0.0,1750.0,
8385,1788939,1562.0,0.0,0.0,0.0,1436.0,0.0,0.0,1436.0,
26170,2033683,348.0,0.0,0.0,0.0,224.0,0.0,0.0,224.0,
5710,386159,347.0,0.0,0.0,0.0,239.0,0.0,0.0,239.0,
25064,1951219,788.0,0.0,0.0,0.0,480.0,0.0,0.0,480.0,
7432,470568,516.0,0.0,0.0,0.0,402.0,0.0,0.0,402.0,
6101,2286289,587.0,0.0,0.0,0.0,452.0,0.0,0.0,452.0,
6319,374243,839.0,0.0,0.0,0.0,766.0,0.0,0.0,766.0,
6582,3044195,1311.0,0.0,0.0,0.0,1142.0,0.0,0.0,1142.0,
38353,3112358,1739.0,0.0,0.0,0.0,1554.0,0.0,0.0,1554.0,
4393,3628496,1746.0,0.0,0.0,0.0,1161.0,0.0,0.0,1161.0,
11118,3211701,1316.0,0.0,0.0,0.0,348.0,0.0,0.0,348.0,
16161,3697229,2163.0,0.0,0.0,0.0,1713.0,0.0,0.0,1713.0,
19918,3229930,1320.0,0.0,0.0,0.0,914.0,0.0,0.0,914.0,
12421,959880,910.0,0.0,0.0,0.0,294.0,0.0,0.0,294.0,
36715,2785245,2202.0,0.0,0.0,0.0,1713.0,0.0,0.0,1713.0,
14864,1264989,2110.0,0.0,0.0,0.0,1901.0,0.0,0.0,1901.0,
5445,1077631,1999.0,0.0,0.0,0.0,1829.0,0.0,0.0,1829.0,
28370,3668479,496.0,0.0,0.0,0.0,179.0,0.0,0.0,179.0,
7026,684477,1695.0,0.0,0.0,0.0,1403.0,0.0,0.0,1403.0,
4043,1795452,719.0,0.0,0.0,0.0,614.0,0.0,0.0,614.0,
27482,3118937,1870.0,0.0,0.0,0.0,762.0,0.0,0.0,762.0,
24448,3801101,2190.0,0.0,0.0,0.0,1876.0,0.0,0.0,1876.0,
3798,3624341,812.0,0.0,0.0,0.0,678.0,0.0,0.0,678.0,
13324,1748514,790.0,0.0,0.0,0.0,216.0,0.0,0.0,216.0,
30198,2311467,646.0,0.0,0.0,0.0,423.0,0.0,0.0,423.0,
6489,1674003,1277.0,0.0,0.0,0.0,752.0,0.0,0.0,752.0,
5429,1799456,1322.0,0.0,0.0,0.0,1227.0,0.0,0.0,1227.0,
28769,2170077,658.0,0.0,0.0,0.0,426.0,0.0,0.0,426.0,
26170,3624274,326.0,0.0,0.0,0.0,232.0,0.0,0.0,232.0,
21165,1316044,565.0,0.0,0.0,0.0,439.0,0.0,0.0,439.0,
3257,1217268,1039.0,0.0,0.0,0.0,952.0,0.0,0.0,952.0,
4312,3272278,760.0,0.0,0.0,0.0,625.0,0.0,0.0,625.0,
25273,2489362,1870.0,0.0,0.0,0.0,1744.0,0.0,0.0,1744.0,
4541,252608,535.0,0.0,0.0,0.0,467.0,0.0,0.0,467.0,
4801,267326,1355.0,0.0,0.0,0.0,1145.0,0.0,0.0,1145.0,
6083,3480829,318.0,0.0,0.0,0.0,232.0,0.0,0.0,232.0,
5009,1044544,871.0,0.0,0.0,0.0,527.0,0.0,0.0,527.0,
5510,3911885,1699.0,0.0,0.0,0.0,1394.0,0.0,0.0,1394.0,
16314,1796601,2454.0,0.0,0.0,0.0,2141.0,0.0,0.0,2141.0,
24885,1826511,562.0,0.0,0.0,0.0,456.0,0.0,0.0,456.0,
4823,3051799,1375.0,0.0,0.0,0.0,1176.0,0.0,0.0,1176.0,
12858,1188313,2038.0,0.0,0.0,0.0,1850.0,0.0,0.0,1850.0,
22012,1350686,2431.0,0.0,0.0,0.0,2077.0,0.0,0.0,2077.0,
4122,2817972,1073.0,0.0,0.0,0.0,989.0,0.0,0.0,989.0,
4035,218024,2009.0,0.0,0.0,0.0,1481.0,0.0,0.0,1481.0,
8511,1790265,1723.0,0.0,0.0,0.0,1436.0,0.0,0.0,1436.0,
4773,3837743,1753.0,0.0,0.0,0.0,1597.0,0.0,0.0,1597.0,
20558,2169778,614.0,0.0,0.0,0.0,261.0,0.0,0.0,261.0,
10972,2646735,600.0,0.0,0.0,0.0,512.0,0.0,0.0,512.0,
9574,3739672,1431.0,0.0,0.0,0.0,764.0,0.0,0.0,764.0,
7681,3660770,1909.0,0.0,0.0,0.0,1729.0,0.0,0.0,1729.0,
4234,3718223,1862.0,0.0,0.0,0.0,1679.0,0.0,0.0,1679.0,
27297,2825673,985.0,0.0,0.0,0.0,687.0,0.0,0.0,687.0,
4516,274946,679.0,0.0,0.0,0.0,550.0,0.0,0.0,550.0,
3950,3684773,1580.0,0.0,0.0,0.0,1371.0,0.0,0.0,1371.0,
11948,1496983,291.0,0.0,0.0,0.0,176.0,0.0,0.0,176.0,
3625,1214040,831.0,0.0,0.0,0.0,637.0,0.0,0.0,637.0,
6306,1296310,1400.0,0.0,0.0,0.0,1250.0,0.0,0.0,1250.0,
6224,2944166,1824.0,0.0,0.0,0.0,1660.0,0.0,0.0,1660.0,
4735,526654,1443.0,0.0,0.0,0.0,1226.0,0.0,0.0,1226.0,
19023,3755334,1163.0,0.0,0.0,0.0,1046.0,0.0,0.0,1046.0,
4614,986317,1122.0,0.0,0.0,0.0,1009.0,0.0,0.0,1009.0,
26195,3394707,2121.0,0.0,0.0,0.0,1855.0,0.0,0.0,1855.0,
24830,2126470,61.0,0.0,0.0,0.0,44.0,0.0,0.0,44.0,
24776,1872292,529.0,0.0,0.0,0.0,205.0,0.0,0.0,205.0,
29876,3962441,945.0,0.0,0.0,0.0,841.0,0.0,0.0,841.0,
3956,3329073,1098.0,0.0,0.0,0.0,947.0,0.0,0.0,947.0,
3886,2498388,1570.0,0.0,0.0,0.0,1391.0,0.0,0.0,1391.0,
8346,1221348,1681.0,0.0,0.0,0.0,1494.0,0.0,0.0,1494.0,
36815,3475060,1865.0,0.0,0.0,0.0,1737.0,0.0,0.0,1737.0,
4046,578071,185.0,0.0,0.0,0.0,144.0,0.0,0.0,144.0,
19823,3418271,2186.0,0.0,0.0,0.0,2028.0,0.0,0.0,2028.0,
3862,2103874,274.0,0.0,0.0,0.0,226.0,0.0,0.0,226.0,
4823,3416853,2149.0,0.0,0.0,0.0,1948.0,0.0,0.0,1948.0,
5349,2188607,1705.0,0.0,0.0,0.0,1589.0,0.0,0.0,1589.0,
10183,3144989,23.0,0.0,0.0,0.0,17.0,0.0,0.0,17.0,
8733,2417622,1607.0,0.0,0.0,0.0,474.0,0.0,0.0,474.0,
29550,2336827,610.0,0.0,0.0,0.0,458.0,0.0,0.0,458.0,
10481,3691535,2521.0,0.0,0.0,0.0,1997.0,0.0,0.0,1997.0,
11160,2561108,1057.0,0.0,0.0,0.0,748.0,0.0,0.0,748.0,
4696,757417,1456.0,0.0,0.0,0.0,1198.0,0.0,0.0,1198.0,
9817,2952458,447.0,0.0,0.0,0.0,383.0,0.0,0.0,383.0,
4139,2303865,1875.0,0.0,0.0,0.0,1768.0,0.0,0.0,1768.0,
11948,1005888,758.0,0.0,0.0,0.0,317.0,0.0,0.0,317.0,
5871,1701485,2097.0,0.0,0.0,0.0,1812.0,0.0,0.0,1812.0,
14765,1002602,1142.0,0.0,0.0,0.0,1034.0,0.0,0.0,1034.0,
6559,1480281,1283.0,0.0,0.0,0.0,1110.0,0.0,0.0,1110.0,
7042,1865205,1427.0,0.0,0.0,0.0,1284.0,0.0,0.0,1284.0,
13187,2815597,2514.0,0.0,0.0,0.0,1986.0,0.0,0.0,1986.0,
9314,1206137,1585.0,0.0,0.0,0.0,1347.0,0.0,0.0,1347.0,
9672,2944146,1910.0,0.0,0.0,0.0,1824.0,0.0,0.0,1824.0,
10418,897867,599.0,0.0,0.0,0.0,538.0,0.0,0.0,538.0,
26736,2441406,814.0,0.0,0.0,0.0,733.0,0.0,0.0,733.0,
33144,2458183,363.0,0.0,0.0,0.0,112.0,0.0,0.0,112.0,
4013,3785731,1829.0,0.0,0.0,0.0,1461.0,0.0,0.0,1461.0,
5442,1796654,2265.0,0.0,0.0,0.0,1921.0,0.0,0.0,1921.0,
3863,3752460,1498.0,0.0,0.0,0.0,1338.0,0.0,0.0,1338.0,
5350,2178103,2158.0,0.0,0.0,0.0,1770.0,0.0,0.0,1770.0,
26630,2955690,744.0,0.0,0.0,0.0,275.0,0.0,0.0,275.0,
21165,2086873,518.0,0.0,0.0,0.0,385.0,0.0,0.0,385.0,
9086,1810292,1309.0,0.0,0.0,0.0,359.0,0.0,0.0,359.0,
4310,236776,633.0,0.0,0.0,0.0,560.0,0.0,0.0,560.0,
6948,1781873,1067.0,0.0,0.0,0.0,963.0,0.0,0.0,963.0,
4734,3091624,1954.0,0.0,0.0,0.0,1688.0,0.0,0.0,1688.0,
25302,2015665,502.0,0.0,0.0,0.0,343.0,0.0,0.0,343.0,
8266,1585824,350.0,0.0,0.0,0.0,194.0,0.0,0.0,194.0,
5114,666146,1570.0,0.0,0.0,0.0,1439.0,0.0,0.0,1439.0,
5712,3788342,2125.0,0.0,0.0,0.0,1746.0,0.0,0.0,1746.0,
24086,2364105,842.0,0.0,0.0,0.0,548.0,0.0,0.0,548.0,
14014,2411861,668.0,0.0,0.0,0.0,282.0,0.0,0.0,282.0,
4452,1799533,2067.0,0.0,0.0,0.0,1860.0,0.0,0.0,1860.0,
5871,3560081,2057.0,0.0,0.0,0.0,1802.0,0.0,0.0,1802.0,
7718,2202753,1793.0,0.0,0.0,0.0,1597.0,0.0,0.0,1597.0,
5411,3068424,1721.0,0.0,0.0,0.0,1537.0,0.0,0.0,1537.0,
3857,3710705,1891.0,0.0,0.0,0.0,1684.0,0.0,0.0,1684.0,
7126,1479559,1967.0,0.0,0.0,0.0,1715.0,0.0,0.0,1715.0,
8848,2115428,2382.0,0.0,0.0,0.0,2101.0,0.0,0.0,2101.0,
26776,2951574,2202.0,0.0,0.0,0.0,1903.0,0.0,0.0,1903.0,
4769,1330458,405.0,0.0,0.0,0.0,357.0,0.0,0.0,357.0,
5336,3558641,1072.0,0.0,0.0,0.0,888.0,0.0,0.0,888.0,
23770,2049118,659.0,0.0,0.0,0.0,455.0,0.0,0.0,455.0,
14209,1056504,263.0,0.0,0.0,0.0,139.0,0.0,0.0,139.0,
4878,3314801,830.0,0.0,0.0,0.0,228.0,0.0,0.0,228.0,
33729,2609740,308.0,0.0,0.0,0.0,226.0,0.0,0.0,226.0,
10508,3446046,550.0,0.0,0.0,0.0,512.0,0.0,0.0,512.0,
5023,1193927,1848.0,0.0,0.0,0.0,1645.0,0.0,0.0,1645.0,
14716,1933488,1939.0,0.0,0.0,0.0,1680.0,0.0,0.0,1680.0,
20001,1275389,324.0,0.0,0.0,0.0,202.0,0.0,0.0,202.0,
4116,1819988,1680.0,0.0,0.0,0.0,1562.0,0.0,0.0,1562.0,
4503,3500255,1173.0,0.0,0.0,0.0,1043.0,0.0,0.0,1043.0,
5577,302030,1363.0,0.0,0.0,0.0,1226.0,0.0,0.0,1226.0,
7815,1836957,364.0,0.0,0.0,0.0,317.0,0.0,0.0,317.0,
5525,2430585,2.0,0.0,0.0,0.0,2.0,0.0,0.0,2.0,
13116,921007,49.0,0.0,0.0,0.0,28.0,0.0,0.0,28.0,
7902,3060105,2182.0,0.0,0.0,0.0,1944.0,0.0,0.0,1944.0,
4654,3336956,561.0,0.0,0.0,0.0,479.0,0.0,0.0,479.0,
11948,2789707,753.0,0.0,0.0,0.0,353.0,0.0,0.0,353.0,
5820,3571902,710.0,0.0,0.0,0.0,619.0,0.0,0.0,619.0,
29282,3787285,1977.0,0.0,0.0,0.0,1775.0,0.0,0.0,1775.0,
6001,352541,1828.0,0.0,0.0,0.0,1621.0,0.0,0.0,1621.0,
8843,2115721,2470.0,0.0,0.0,0.0,2072.0,0.0,0.0,2072.0,
6150,1832915,1632.0,0.0,0.0,0.0,1431.0,0.0,0.0,1431.0,
95431,3773481,2067.0,0.0,0.0,0.0,1611.0,0.0,0.0,1611.0,
11948,1579078,306.0,0.0,0.0,0.0,187.0,0.0,0.0,187.0,
5070,277575,1359.0,0.0,0.0,0.0,1165.0,0.0,0.0,1165.0,
4273,592510,685.0,0.0,0.0,0.0,276.0,0.0,0.0,276.0,
10220,1989377,1312.0,0.0,0.0,0.0,399.0,0.0,0.0,399.0,
7075,2785678,1540.0,0.0,0.0,0.0,1412.0,0.0,0.0,1412.0,
26196,3808984,877.0,0.0,0.0,0.0,505.0,0.0,0.0,505.0,
3879,3712017,2006.0,0.0,0.0,0.0,1833.0,0.0,0.0,1833.0,
13350,2815483,2511.0,0.0,0.0,0.0,2134.0,0.0,0.0,2134.0,
24069,1464836,423.0,0.0,0.0,0.0,363.0,0.0,0.0,363.0,
10176,1680716,1196.0,0.0,0.0,0.0,285.0,0.0,0.0,285.0,
6733,474404,895.0,0.0,0.0,0.0,743.0,0.0,0.0,743.0,
10973,2336797,2023.0,0.0,0.0,0.0,1623.0,0.0,0.0,1623.0,
3797,576249,2264.0,0.0,0.0,0.0,2131.0,0.0,0.0,2131.0,
25135,2327163,1868.0,0.0,0.0,0.0,1668.0,0.0,0.0,1668.0,
6638,1478227,1747.0,0.0,0.0,0.0,1362.0,0.0,0.0,1362.0,
3823,1818181,2125.0,0.0,0.0,0.0,1949.0,0.0,0.0,1949.0,
5944,3427098,1659.0,0.0,0.0,0.0,1505.0,0.0,0.0,1505.0,
4653,2405526,2376.0,0.0,0.0,0.0,1909.0,0.0,0.0,1909.0,
8979,3391724,2797.0,0.0,0.0,0.0,2270.0,0.0,0.0,2270.0,
25475,2048316,1644.0,0.0,0.0,0.0,1490.0,0.0,0.0,1490.0,
3796,1821246,2074.0,0.0,0.0,0.0,1902.0,0.0,0.0,1902.0,
21862,3118744,1557.0,0.0,0.0,0.0,1059.0,0.0,0.0,1059.0,
